date,league,home,away,home_goals,away_goals,odds_h,odds_d,odds_a,odds_src,prob_home,prob_draw,prob_away,implied_home,implied_draw,implied_away,edge_home,edge_draw,edge_away,outcome_1x2,btts,over_25,odds_o25,odds_u25,prob_over_25,edge_over_25,edge_under_25
2024-01-01,Premier League,Liverpool,Newcastle United,4,2,1.45,4.96,6.69,pinnacle,0.46969323019847525,0.23289285263977832,0.2974139171617465,0.6626553422972387,0.1937198077280234,0.1436248499747378,-0.1929621120987634,0.03917304491175491,0.1537890671870087,HOME,True,True,1.45,2.78,0.5266696986108595,-0.13054070328039347,0.13054070328039347
2024-01-02,Premier League,West Ham United,Brighton & Hove Albion,0,0,2.52,3.68,2.74,pinnacle,0.37076554622851504,0.21878873896392842,0.4104457148075565,0.3839522344411612,0.262923812715143,0.35312395284369574,-0.01318668821264618,-0.04413507375121456,0.05732176196386074,DRAW,False,False,1.62,2.34,0.6283396829140605,0.037430592004969565,-0.03743059200496973
2024-01-12,Premier League,Burnley,Luton,1,1,2.06,3.58,3.8,pinnacle,0.4056282608902812,0.2266300394364964,0.36774169967322246,0.47224960773150787,0.27174139439299055,0.25600899787550163,-0.06662134684122667,-0.045111354956494154,0.11173270179772082,DRAW,True,False,1.92,1.88,0.5839740174772311,0.08923717537196796,-0.08923717537196785
2024-01-13,Premier League,Chelsea,Fulham,1,0,1.65,4.22,5.13,pinnacle,0.44444488297538876,0.24681234402688423,0.30874277299772696,0.5838963645043572,0.2283007112398553,0.18780292425578743,-0.13945148152896847,0.018511632787028942,0.12093984874193953,HOME,False,False,1.64,2.3,0.46980083391880195,-0.113955511258863,0.11395551125886283
2024-01-13,Premier League,Newcastle United,Manchester City,2,3,5.63,4.53,1.56,pinnacle,0.3703344277546473,0.2353135024954686,0.39435206974988424,0.17088759113497046,0.21238347419202727,0.6167289346730023,0.19944683661967685,0.02293002830344132,-0.22237686492311803,AWAY,True,True,1.61,2.35,0.5387285481418934,-0.05470579529245001,0.05470579529245023
2024-01-14,Premier League,Everton,Aston Villa,0,0,2.81,3.62,2.49,pinnacle,0.27860030926588447,0.2562022015793365,0.4651974891547791,0.3442628585832738,0.2672316664693369,0.38850547494738924,-0.06566254931738935,-0.011029464890000396,0.07669201420738986,DRAW,False,False,1.71,2.17,0.41879623287202344,-0.14048211764344049,0.14048211764344065
2024-01-14,Premier League,Manchester United,Tottenham,2,2,2.22,3.97,3.01,pinnacle,0.4587183952654346,0.2216758444404097,0.31960576029415566,0.4354005968234998,0.2434733815990352,0.32112602157746506,0.023317798441934823,-0.021797537158625507,-0.0015202612833093987,DRAW,True,True,1.47,2.72,0.5955372364969492,-0.05362744130734676,0.0536274413073467
2024-01-20,Premier League,Arsenal,Crystal Palace,5,0,1.29,5.85,10.86,pinnacle,0.7197712536985652,0.16918065672606908,0.11104808957536588,0.7466601791815192,0.16464814207592476,0.08869167874255615,-0.026888925482953963,0.004532514650144315,0.02235641083280973,HOME,False,True,1.75,2.1,0.5488353579232125,0.0033808124686669494,-0.003380812468667005
2024-01-20,Premier League,Brentford,Nottingham Forest,3,2,1.85,3.83,4.29,pinnacle,0.638005087830076,0.19708688362400784,0.1649080285459159,0.5223939439221434,0.2523312783958134,0.2252747776820432,0.11561114390793259,-0.05524439477180554,-0.0603667491361273,HOME,True,True,1.84,2.0,0.5406135430716055,0.019780209738272103,-0.019780209738272325
2024-01-21,Premier League,Sheffield United,West Ham United,2,2,3.45,3.47,2.2,pinnacle,0.18639386495346755,0.21242629212575354,0.6011798429207789,0.280708205401629,0.2790902906730893,0.4402015039252818,-0.09431434044816145,-0.06666399854733579,0.16097833899549707,DRAW,True,True,2.05,1.79,0.5072649208279342,0.0411190874946008,-0.041119087494600914
2024-01-21,Premier League,Bournemouth,Liverpool,0,4,4.41,4.36,1.72,pinnacle,0.17598791939778585,0.18795963594258447,0.6360524446596298,0.21855910468640705,0.22106551643739797,0.5603753788761949,-0.042571185288621194,-0.0331058804948135,0.07567706578343492,AWAY,False,True,1.47,2.68,0.6072690999577047,-0.03851403257241581,0.03851403257241581
2024-01-22,Premier League,Brighton & Hove Albion,Wolverhampton,0,0,1.66,4.28,5.01,pinnacle,0.6751004779751424,0.17428139085505218,0.15061813116980555,0.5816700213214989,0.2256009895779645,0.19272898910053657,0.09343045665364347,-0.051319598722912335,-0.04211085793073102,DRAW,False,False,1.63,2.29,0.6255320503420545,0.04134837687266679,-0.04134837687266674
2024-01-30,Premier League,Nottingham Forest,Arsenal,1,2,7.77,5.14,1.4,pinnacle,0.15310269973572785,0.17982492350335236,0.6670723767609197,0.12404372903443782,0.18751357482443226,0.68844269614113,0.02905897070129003,-0.0076886513210799035,-0.02137031938021028,AWAY,True,True,1.65,2.29,0.601672931560516,0.020454657448840896,-0.020454657448841007
2024-01-30,Premier League,Fulham,Everton,0,0,2.46,3.32,3.08,pinnacle,0.5535479594443825,0.2334133382133408,0.21303870234227665,0.39375269545930625,0.2917565153102089,0.3144907892304849,0.15979526398507626,-0.05834317709686812,-0.10145208688820825,DRAW,False,False,2.03,1.8,0.4544578091524734,-0.01551608118695219,0.015516081186952246
2024-01-30,Premier League,Luton,Brighton & Hove Albion,4,0,4.43,4.06,1.78,pinnacle,0.25227903418862385,0.19013466596443102,0.557586299846945,0.2183455193667291,0.2382440026587709,0.5434104779744999,0.033933514821894745,-0.048109336694339894,0.014175821872445038,HOME,False,True,1.65,2.28,0.7179372271487079,0.13778455539298262,-0.13778455539298295
2024-01-30,Premier League,Crystal Palace,Sheffield United,3,2,1.64,3.93,5.81,pinnacle,0.6939041477497169,0.19139844307578144,0.11469740917450169,0.5883824783736913,0.24553365509741826,0.1660838665288905,0.10552166937602558,-0.05413521202163682,-0.05138645735438882,HOME,True,True,2.09,1.77,0.4634058717517928,0.0048566489538652835,-0.0048566489538653945
2024-01-30,Premier League,Aston Villa,Newcastle United,1,3,1.85,4.05,4.02,pinnacle,0.35768956654912704,0.24511460881318678,0.3971958246376861,0.5216513673283029,0.2382851924832989,0.24006344018839818,-0.16396180077917583,0.006829416329887872,0.15713238444928793,AWAY,True,True,1.51,2.57,0.4903604069030735,-0.13954155388124034,0.13954155388124012
2024-01-31,Premier League,Manchester City,Burnley,3,1,1.11,12.41,18.6,pinnacle,0.912577744797248,0.05958371714635737,0.027838538056394496,0.8702300609507134,0.07783685476674392,0.05193308428254258,0.042347683846534534,-0.018253137620386543,-0.02409454622614808,HOME,True,True,1.34,3.31,0.8046129122740745,0.09278495528482711,-0.09278495528482744
2024-01-31,Premier League,Tottenham,Brentford,3,2,1.69,4.32,4.7,pinnacle,0.5378154052259038,0.200151336748512,0.26203325802558425,0.571174587456889,0.22344561407456995,0.20537979846854093,-0.03335918223098522,-0.02329427732605796,0.05665345955704332,HOME,True,True,1.5,2.59,0.6704302311165539,0.037178397375722594,-0.03717839737572265
2024-01-31,Premier League,Liverpool,Chelsea,4,1,1.58,4.64,5.29,pinnacle,0.6694693381987178,0.18649982766696005,0.14403083413432208,0.6100559214614141,0.20773455946315397,0.18220951907543184,0.059413416737303715,-0.021234731796193923,-0.038178684941109764,HOME,True,True,1.45,2.77,0.5481292917243146,-0.10826881254108822,0.10826881254108817
2024-02-01,Premier League,West Ham United,Bournemouth,1,1,2.45,3.71,2.8,pinnacle,0.5806319433780076,0.21065187826228637,0.20871617835970593,0.3944186046511628,0.26046511627906976,0.3451162790697675,0.1862133387268448,-0.04981323801678339,-0.13640010071006156,DRAW,True,False,1.65,2.27,0.5474413622796299,-0.03164027037343131,0.031640270373431145
2024-02-01,Premier League,Wolverhampton,Manchester United,3,4,2.7,3.51,2.64,pinnacle,0.3047212909587915,0.26996203059386775,0.4253166784473409,0.3581715716969317,0.2755165936130244,0.3663118346900438,-0.05345028073814018,-0.005554563019156633,0.05900484375729709,AWAY,True,True,1.76,2.09,0.38093455978493285,-0.16192258307221008,0.16192258307221008
2024-02-03,Premier League,Everton,Tottenham,2,2,2.97,3.71,2.34,pinnacle,0.29561238501550113,0.22630206720282744,0.4780855477816716,0.3257573199148965,0.26078146634696564,0.41346121373813793,-0.030144934899395348,-0.034479399144138195,0.06462433404353368,DRAW,True,True,1.64,2.29,0.5577275988523269,-0.024969602165484717,0.02496960216548505
2024-02-03,Premier League,Brighton & Hove Albion,Crystal Palace,4,1,1.71,4.04,4.85,pinnacle,0.6147468130959084,0.2001539202276014,0.1850992666764903,0.5631123207044508,0.2383470466348047,0.19854063266074454,0.051634492391457565,-0.03819312640720329,-0.013441365984254244,HOME,True,True,1.73,2.14,0.5618705224531942,0.008898946225804005,-0.00889894622580406
2024-02-03,Premier League,Burnley,Fulham,2,2,2.98,3.5,2.43,pinnacle,0.2687608607436596,0.22404653055039692,0.5071926087059435,0.324910988524014,0.2766384988004462,0.39845051267553977,-0.056150127780354386,-0.052591968250049304,0.10874209603040375,DRAW,True,True,1.93,1.9,0.5490559276606191,0.05297237674678085,-0.052972376746780736
2024-02-03,Premier League,Newcastle United,Luton,4,4,1.42,5.07,7.23,pinnacle,0.801147317554656,0.12153476139561267,0.07731792104973148,0.6772852494637126,0.189693304583525,0.13302144595276236,0.12386206809094336,-0.06815854318791234,-0.05570352490303088,DRAW,True,True,1.58,2.43,0.6872869623123131,0.08130192490582933,-0.08130192490582938
2024-02-03,Premier League,Sheffield United,Aston Villa,0,5,5.02,4.36,1.65,pinnacle,0.12141255343450791,0.1709107722588712,0.707676674306621,0.19253724153066307,0.2216827872669561,0.585779971202381,-0.07112468809615516,-0.0507720150080849,0.12189670310423995,AWAY,False,True,1.63,2.31,0.5686165885731252,-0.01767782767052961,0.017677827670529667
2024-02-04,Premier League,Bournemouth,Nottingham Forest,1,1,1.71,4.2,4.68,pinnacle,0.4783387195553748,0.2346258683565035,0.28703541208812156,0.5641661500309981,0.2296962182269064,0.2061376317420955,-0.0858274304756233,0.0049296501295971185,0.08089778034602604,DRAW,True,False,1.65,2.26,0.5123344427197514,-0.06567067236976265,0.06567067236976265
2024-02-04,Premier League,Chelsea,Wolverhampton,2,4,1.63,4.29,5.27,pinnacle,0.5251061355752508,0.25095298238269065,0.22394088204205842,0.5919782357669718,0.22492413153849977,0.1830976326945283,-0.06687210019172107,0.026028850844190876,0.040843249347530114,AWAY,True,True,1.69,2.19,0.4009727214459447,-0.16346026824477694,0.16346026824477689
2024-02-04,Premier League,Manchester United,West Ham United,3,0,1.65,4.31,5.05,pinnacle,0.5245339366347636,0.2390900333942387,0.23637602997099785,0.5849447049812547,0.22393474784665204,0.19112054717209315,-0.06041076834649117,0.015155285547586661,0.045255482798904706,HOME,False,True,1.62,2.33,0.45485095196922376,-0.13502246575229526,0.13502246575229526
2024-02-04,Premier League,Arsenal,Liverpool,3,1,2.24,3.72,3.15,pinnacle,0.5087277045528056,0.2138026714096481,0.2774696240375464,0.4322900526805082,0.2603036876355748,0.30740625968391694,0.0764376518722974,-0.04650101622592673,-0.029936635646370557,HOME,True,True,1.67,2.23,0.6092027128027943,0.03740784100792238,-0.03740784100792249
2024-02-05,Premier League,Brentford,Manchester City,1,3,7.44,5.09,1.41,pinnacle,0.22410224536745746,0.20700169893130219,0.5688960557012406,0.12922759462627548,0.18889062947337718,0.6818817759003474,0.09487465074118198,0.01811106945792501,-0.1129857201991068,AWAY,True,True,1.57,2.42,0.5864620018679285,-0.02005428885888849,0.02005428885888877
2024-02-10,Premier League,Manchester City,Everton,2,0,1.19,7.68,13.24,pinnacle,0.8195426249771673,0.11842681253126426,0.062030562491568464,0.803324432365814,0.12447344720251546,0.07220212043167058,0.016218192611353377,-0.006046634671251203,-0.010171557940102119,HOME,False,False,1.44,2.78,0.6325546431236957,-0.02621312938815268,0.02621312938815279
2024-02-10,Premier League,Fulham,Bournemouth,3,1,2.46,3.6,2.87,pinnacle,0.6107597706196393,0.19758013485433815,0.19166009452602248,0.3936269915651359,0.26897844423617623,0.3373945641986879,0.21713277905450334,-0.07139830938183808,-0.14573446967266543,HOME,True,True,1.74,2.12,0.5858309052485193,0.036608107321058125,-0.03660810732105818
2024-02-10,Premier League,Liverpool,Burnley,3,1,1.16,8.71,15.08,pinnacle,0.8514717629613328,0.095512833956382,0.05301540308228517,0.8263757115749525,0.11005692599620491,0.0635673624288425,0.02509605138638027,-0.014544092039822903,-0.010551959346557338,HOME,True,True,1.33,3.37,0.7276731904398291,0.010651913844084482,-0.010651913844084482
2024-02-10,Premier League,Luton,Sheffield United,1,3,1.79,3.85,4.6,pinnacle,0.6788429223562706,0.17541724423867536,0.1457398334050539,0.5393552709719662,0.2507651779324207,0.209879551095613,0.1394876513843044,-0.07534793369374534,-0.0641397176905591,AWAY,True,True,1.83,2.02,0.6076091487741009,0.08293382409877625,-0.08293382409877625
2024-02-10,Premier League,Tottenham,Brighton & Hove Albion,2,1,1.81,4.35,3.92,pinnacle,0.49679304055796575,0.18933247861763644,0.313874480824398,0.5325305193203147,0.22158166436086657,0.24588781631881876,-0.03573747876234895,-0.03224918574323013,0.06798666450557925,HOME,True,True,1.38,3.02,0.7813529111143702,0.09498927475073382,-0.09498927475073368
2024-02-10,Premier League,Wolverhampton,Brentford,0,2,2.14,3.65,3.42,pinnacle,0.32664583449945767,0.25560456204814963,0.41774960345239254,0.4520729516745857,0.2650509908448256,0.2828760574805887,-0.12542711717512806,-0.009446428796675954,0.13487354597180384,AWAY,False,False,1.76,2.09,0.4396221684558292,-0.10323497440131374,0.10323497440131335
2024-02-10,Premier League,Nottingham Forest,Newcastle United,2,3,3.29,3.81,2.14,pinnacle,0.17378759414796657,0.20667673288758617,0.6195356729644474,0.29403979241874,0.25390837718048676,0.4520518304007732,-0.12025219827077344,-0.04723164429290058,0.16748384256367427,AWAY,True,True,1.71,2.16,0.5127387625636346,-0.045400772320086324,0.045400772320086435
2024-02-11,Premier League,West Ham United,Arsenal,0,6,5.95,4.4,1.56,pinnacle,0.24089127460916493,0.213701205077019,0.545407520313816,0.16216982469404148,0.21929783112035153,0.6185323441856069,0.07872144991512345,-0.0055966260433325254,-0.07312482387179087,AWAY,False,True,1.67,2.22,0.5730172373862388,0.002323149982639827,-0.0023231499826397717
2024-02-11,Premier League,Aston Villa,Manchester United,1,2,2.16,3.91,3.18,pinnacle,0.48934663261384126,0.24369891115993986,0.2669544562262187,0.4480939304171081,0.24754038099768635,0.3043656885852055,0.04125270219673316,-0.0038414698377464973,-0.0374112323589868,AWAY,True,True,1.55,2.46,0.460129735243602,-0.1533365989209865,0.15333659892098644
2024-02-12,Premier League,Crystal Palace,Chelsea,1,3,4.25,3.86,1.85,pinnacle,0.39515054080168305,0.28368628202832713,0.3211631771699899,0.22735883598388973,0.250330324593661,0.5223108394224493,0.16779170481779332,0.03335595743466613,-0.2011476622524594,AWAY,True,True,1.83,2.0,0.34106339219990106,-0.18112981928834954,0.18112981928834954
2024-02-17,Premier League,Brentford,Liverpool,1,4,5.27,4.59,1.59,pinnacle,0.3092318373299863,0.22979024760257633,0.46097791506743724,0.1830625559677626,0.21018293462965337,0.6067545094025841,0.12616928136222372,0.019607312972922952,-0.1457765943351469,AWAY,True,True,1.5,2.61,0.5482139357953093,-0.08682256055505566,0.08682256055505572
2024-02-17,Premier League,Burnley,Arsenal,0,5,9.78,5.73,1.31,pinnacle,0.1127038314625561,0.14882875194070005,0.7384674165967438,0.09830468519791769,0.16778705431686475,0.7339082604852175,0.01439914626463841,-0.018958302376164693,0.004559156111526241,AWAY,False,True,1.6,2.37,0.6614961751966429,0.06451884522183182,-0.06451884522183182
2024-02-17,Premier League,Fulham,Aston Villa,1,2,2.97,3.76,2.32,pinnacle,0.38247532484902413,0.2362818686085915,0.3812428065423845,0.3257258931772015,0.2572888039192257,0.4169853029035727,0.056749431671822614,-0.021006935310634217,-0.0357424963611882,AWAY,True,True,1.62,2.33,0.5342981176512591,-0.0555753000702599,0.05557530007025985
2024-02-17,Premier League,Newcastle United,Bournemouth,2,2,1.87,4.15,3.84,pinnacle,0.7783722516755514,0.1363337578245945,0.08529399049985403,0.5161073021281005,0.23255919397097544,0.251333503900924,0.26226494954745083,-0.09622543614638093,-0.16603951340106998,DRAW,True,True,1.47,2.68,0.6332094239285206,-0.012573708601599898,0.012573708601599731
2024-02-17,Premier League,Nottingham Forest,West Ham United,2,0,2.47,3.5,2.92,pinnacle,0.34413703912171545,0.2473879735008494,0.408474987377435,0.3919102364499528,0.27657665258039527,0.33151311096965186,-0.04777319732823737,-0.029188679079545865,0.07696187640778313,HOME,False,False,1.85,1.99,0.4780191620269256,-0.040210004639741115,0.04021000463974095
2024-02-17,Premier League,Tottenham,Wolverhampton,1,2,1.55,4.87,5.36,pinnacle,0.6690288836781733,0.17421277571668356,0.15675834060514315,0.6221016832818156,0.19799950905273392,0.1798988076654504,0.04692720039635767,-0.02378673333605036,-0.023140467060307257,AWAY,True,True,1.43,2.82,0.6405774201767436,-0.02295199158796224,0.02295199158796246
2024-02-17,Premier League,Manchester City,Chelsea,1,1,1.34,5.71,8.37,pinnacle,0.7627888081843157,0.14435916950849254,0.09285202230719186,0.7169632717720847,0.16825407778889556,0.11478265043901957,0.04582553641223097,-0.023894908280403027,-0.02193062813182771,DRAW,True,False,1.46,2.73,0.6172992866906044,-0.03425202595856025,0.034252025958560306
2024-02-18,Premier League,Sheffield United,Brighton & Hove Albion,0,5,4.99,4.4,1.64,pinnacle,0.11226497584893613,0.1436578936053724,0.7440771305456915,0.19317050187923626,0.21907291008577023,0.5877565880349933,-0.08090552603030013,-0.07541501648039783,0.15632054251069816,AWAY,False,True,1.57,2.42,0.6910274839148621,0.08451119318804512,-0.08451119318804523
2024-02-18,Premier League,Luton,Manchester United,1,2,4.17,4.13,1.81,pinnacle,0.2828753841197139,0.23259556051491048,0.4845290553653757,0.2318274714607801,0.23407277384780942,0.5340997546914105,0.051047912658933825,-0.0014772133328989356,-0.04957069932603475,AWAY,True,True,1.58,2.41,0.5189947833521061,-0.08501524171055053,0.08501524171055058
2024-02-19,Premier League,Everton,Crystal Palace,1,1,1.72,3.79,5.26,pinnacle,0.3831814176606456,0.29567631546727724,0.32114226687207714,0.5615384182032257,0.25484065417138474,0.1836209276253894,-0.17835700054258008,0.0408356612958925,0.13752133924668775,DRAW,True,False,2.16,1.7,0.3070218678546362,-0.13339263991738448,0.13339263991738437
2024-02-20,Premier League,Manchester City,Brentford,1,0,1.17,8.67,15.04,pinnacle,0.7428054581210921,0.14778362876056453,0.10941091311834336,0.8245786103865307,0.1112753142044107,0.06414607540905856,-0.08177315226543858,0.03650831455615383,0.0452648377092848,HOME,False,False,1.34,3.26,0.6564591393310245,-0.05223651284288855,0.052236512842888605
2024-02-21,Premier League,Liverpool,Luton,4,1,1.19,7.94,12.93,pinnacle,0.8195219487147198,0.10886888009046125,0.07160917119481902,0.8052125694610567,0.12068047325675786,0.07410695728218542,0.014309379253663157,-0.01181159316629661,-0.0024977860873663937,HOME,True,True,1.3,3.51,0.7425490659544026,0.012819336224672906,-0.012819336224672684
2024-02-24,Premier League,Aston Villa,Nottingham Forest,4,2,1.57,4.52,5.55,pinnacle,0.691201073936381,0.1764456029923292,0.13235332307128997,0.613411124342538,0.21306536841101434,0.17352350724644772,0.077789949593843,-0.03661976541868514,-0.04117018417515775,HOME,True,True,1.57,2.42,0.5694814230706282,-0.0370348676561888,0.037034867656189074
2024-02-24,Premier League,Brighton & Hove Albion,Everton,1,1,1.82,4.04,4.2,pinnacle,0.6661583876483127,0.18139792416586725,0.15244368818581988,0.53083391730904,0.2391380518570428,0.23002803083391732,0.13532447033927275,-0.057740127691175536,-0.07758434264809744,DRAW,True,False,1.67,2.24,0.59199953210662,0.019109506531172382,-0.01910950653117255
2024-02-24,Premier League,Crystal Palace,Burnley,3,0,2.03,3.45,3.98,pinnacle,0.5896779563854193,0.22678528409945012,0.18353675951513068,0.47654083619364274,0.2803993905719115,0.24305977323444586,0.11313712019177657,-0.05361410647246137,-0.059523013719315176,HOME,False,True,2.12,1.74,0.4452682166575842,-0.005508985414954648,0.0055089854149544815
2024-02-24,Premier League,Manchester United,Fulham,1,2,1.61,4.48,5.21,pinnacle,0.5105374081623817,0.23637711867056924,0.25308547316704905,0.5993780446154122,0.21540148478366378,0.18522047060092395,-0.08884063645303053,0.02097563388690546,0.0678650025661251,AWAY,True,True,1.57,2.43,0.480054048425752,-0.12744595157424793,0.12744595157424798
2024-02-24,Premier League,Bournemouth,Manchester City,0,1,7.2,5.14,1.42,pinnacle,0.11404232454637954,0.14845028354471673,0.7375073919089038,0.13384729363955783,0.1874903724133884,0.6786623339470538,-0.01980496909317829,-0.03904008886867166,0.05884505796185002,AWAY,False,False,1.49,2.64,0.668218617819155,0.028993436221092073,-0.02899343622109196
2024-02-24,Premier League,Arsenal,Newcastle United,4,1,1.4,5.32,7.33,pinnacle,0.4987534015293654,0.2249752262625185,0.27627137220811604,0.6876851668970966,0.1809697807623938,0.13134505234050958,-0.18893176536773115,0.044005445500124696,0.14492631986760646,HOME,True,True,1.48,2.67,0.5505887987473368,-0.0927846952285668,0.0927846952285668
2024-02-25,Premier League,Wolverhampton,Sheffield United,1,0,1.43,4.66,7.0,pinnacle,0.6674075638364096,0.19722380248504398,0.1353686336785465,0.6617465076743931,0.20306813432926654,0.1351853579963403,0.005661056162016509,-0.005844331844222561,0.0001832756822062187,HOME,False,False,1.66,2.26,0.4831524417705457,-0.09337817047435215,0.09337817047435237
2024-02-26,Premier League,West Ham United,Brentford,4,2,2.57,3.68,2.68,pinnacle,0.41114050941024816,0.24269904053046215,0.34616045005928964,0.376318319876677,0.26280926143561406,0.36087241868770886,0.034822189533571135,-0.02011022090515191,-0.014711968628419225,HOME,True,True,1.72,2.12,0.49955909852376423,-0.05252423480956914,0.05252423480956925
2024-03-02,Premier League,Brentford,Chelsea,2,2,3.04,3.95,2.21,pinnacle,0.5006319472429195,0.2422748726810735,0.25709318007600696,0.31794623377853215,0.24469786093335127,0.4373559052881166,0.18268571346438733,-0.002422988252277769,-0.18026272521210962,DRAW,True,True,1.54,2.48,0.45892613408717403,-0.15798928879839808,0.1579892887983982
2024-03-02,Premier League,Everton,West Ham United,1,3,2.1,3.57,3.62,pinnacle,0.36845382295277673,0.26792103072908957,0.3636251463181336,0.4611810551558753,0.27128297362110315,0.26753597122302164,-0.09272723220309859,-0.0033619428920135808,0.09608917509511194,AWAY,True,True,1.87,1.95,0.3973663999057539,-0.11310480428272779,0.11310480428272751
2024-03-02,Premier League,Fulham,Brighton & Hove Albion,3,0,2.6,3.59,2.7,pinnacle,0.39634468528847133,0.21387213499555965,0.3897831797159691,0.37213498675471257,0.2695128037777863,0.358352209467501,0.02420969853375876,-0.05564066878222665,0.03143097024846808,HOME,False,True,1.64,2.31,0.6589635853703381,0.07415345878805968,-0.0741534587880594
2024-03-02,Premier League,Newcastle United,Wolverhampton,3,0,1.89,4.01,3.89,pinnacle,0.7275734436432126,0.16916494828078432,0.10326160807600301,0.510938457053577,0.24081638000779562,0.24824516293862733,0.21663498658963565,-0.0716514317270113,-0.14498355486262432,HOME,False,True,1.59,2.39,0.5274117968727082,-0.07309071569010595,0.07309071569010572
2024-03-02,Premier League,Nottingham Forest,Liverpool,0,1,5.69,4.73,1.54,pinnacle,0.1701123688260991,0.1926761080966641,0.6372115230772366,0.16955575470490333,0.20396876200230443,0.6264754832927922,0.0005566141211957587,-0.011292653905640326,0.010736039784444373,AWAY,False,False,1.48,2.65,0.5716769796283916,-0.06996950947572456,0.0699695094757245
2024-03-02,Premier League,Tottenham,Crystal Palace,3,1,1.52,4.51,6.26,pinnacle,0.6080881438229511,0.19942264955324265,0.19248920662380625,0.6329753604017667,0.21333094186489698,0.1536936977333363,-0.024887216578815652,-0.01390829231165433,0.038795508890469954,HOME,True,True,1.52,2.48,0.5778751196566168,-0.04212488034338324,0.042124880343383186
2024-03-02,Premier League,Luton,Aston Villa,2,3,4.34,4.44,1.72,pinnacle,0.25329330909443243,0.21179087812564346,0.5349158127799241,0.22218601619960898,0.2171818266455637,0.5606321571548274,0.031107292894823446,-0.005390948519920252,-0.025716344374903333,AWAY,True,True,1.46,2.73,0.5965223044078118,-0.05502900824135282,0.05502900824135276
2024-03-03,Premier League,Burnley,Bournemouth,0,2,3.79,3.83,1.96,pinnacle,0.3910728395824538,0.236327806208554,0.37259935420899204,0.25489204065071014,0.2522299827849064,0.4928779765643834,0.13618079893174367,-0.015902176576352373,-0.12027862235539138,AWAY,False,False,1.71,2.18,0.5337847972163278,-0.026626513837656796,0.026626513837656796
2024-03-03,Premier League,Manchester City,Manchester United,3,1,1.27,6.39,10.06,pinnacle,0.7040843876835399,0.17060157067421425,0.1253140416422462,0.7547223419105863,0.14999958908082078,0.09527806900859291,-0.05063795422704642,0.020601981593393465,0.030035972633653277,HOME,True,True,1.38,3.04,0.5805678482628299,-0.10721495716703433,0.10721495716703466
2024-03-04,Premier League,Sheffield United,Arsenal,0,6,16.74,8.18,1.16,pinnacle,0.06089513433273097,0.10718016995610788,0.831924695711161,0.057216456303771576,0.11709088979524891,0.8256926539009795,0.003678678028959395,-0.009910719839141033,0.0062320418101815545,AWAY,False,True,1.42,2.85,0.6956439265501174,0.02819661975854837,-0.028196619758548314
2024-03-09,Premier League,Manchester United,Everton,2,0,1.84,3.93,4.2,pinnacle,0.577785795216986,0.2417246517941965,0.18048955298881747,0.5245795354868235,0.2456046680141871,0.22981579649898934,0.053206259730162575,-0.003880016219990595,-0.04932624351017187,HOME,False,False,1.68,2.23,0.3899209636092048,-0.18041151720920945,0.1804115172092095
2024-03-09,Premier League,Bournemouth,Sheffield United,2,2,1.35,5.55,8.52,pinnacle,0.6725161727783708,0.18361323323960824,0.14387059398202087,0.7134224998302667,0.17353520266141625,0.11304229750831692,-0.0409063270518959,0.010078030578191982,0.030828296473703956,DRAW,True,True,1.53,2.52,0.5615980685711893,-0.06062415365103291,0.0606241536510328
2024-03-09,Premier League,Crystal Palace,Luton,1,1,1.77,3.95,4.58,pinnacle,0.5390727768170398,0.2308974464999088,0.23002977668305158,0.5450885983651259,0.24425489091298044,0.21065651072189365,-0.006015821548086109,-0.013357444413071656,0.01937326596115793,DRAW,True,False,1.79,2.05,0.48212979307929005,-0.05172437358737658,0.05172437358737658
2024-03-09,Premier League,Wolverhampton,Fulham,2,1,2.52,3.46,2.88,pinnacle,0.35728704367935643,0.2523541118400485,0.390358844480595,0.3841243408270885,0.279766860949209,0.3361087982237025,-0.026837297147732087,-0.027412749109160472,0.054250046256892503,HOME,True,True,1.9,1.94,0.45844984823560003,-0.04675848509773323,0.04675848509773323
2024-03-09,Premier League,Arsenal,Brentford,2,1,1.23,6.96,11.44,pinnacle,0.6731774188107538,0.17512037643646253,0.15170220475278368,0.7786696709383655,0.13760972632962493,0.08372060273200958,-0.10549225212761171,0.0375106501068376,0.06798160202077409,HOME,True,True,1.44,2.78,0.6235567476089743,-0.03521102490287409,0.03521102490287398
2024-03-10,Premier League,Aston Villa,Tottenham,0,4,2.47,3.98,2.65,pinnacle,0.508566079876335,0.2044053974468631,0.2870285226768019,0.39174537850396124,0.24311836304140305,0.3651362584546356,0.11682070137237371,-0.03871296559453996,-0.0781077357778337,AWAY,False,True,1.36,3.19,0.6702763268544178,-0.030822574244483203,0.030822574244483203
2024-03-10,Premier League,Brighton & Hove Albion,Nottingham Forest,1,0,1.81,4.01,4.26,pinnacle,0.7267942151507158,0.14968216036748858,0.12352362448179542,0.53297682153298,0.24057058528047226,0.2264525931865478,0.19381739361773587,-0.09088842491298368,-0.10292896870475239,HOME,False,False,1.62,2.32,0.6919155647860017,0.10308307747635703,-0.10308307747635709
2024-03-10,Premier League,West Ham United,Burnley,2,2,1.69,4.06,5.04,pinnacle,0.6556580184960203,0.18823995761500778,0.15610202388897196,0.5709151986250537,0.2376469669153549,0.19143783445959142,0.08474281987096666,-0.04940700930034711,-0.035335810570619464,DRAW,True,True,1.72,2.15,0.5655354597314515,0.009979904175895893,-0.009979904175896004
2024-03-10,Premier League,Liverpool,Manchester City,1,1,3.02,3.8,2.28,pinnacle,0.3762367302595252,0.2243402328580032,0.3994230368824717,0.3205849268841395,0.25478065241844766,0.4246344206974128,0.05565180337538572,-0.030440419560444465,-0.02521138381494109,DRAW,True,False,1.5,2.59,0.597487512024149,-0.03576432171668231,0.03576432171668226
2024-03-11,Premier League,Chelsea,Newcastle United,3,2,1.96,4.07,3.59,pinnacle,0.26604774013951865,0.2500870611246879,0.4838651987357936,0.4932101036627972,0.2375164135575141,0.2692734827796887,-0.22716236352327857,0.012570647567173826,0.21459171595610488,HOME,True,True,1.46,2.71,0.4345144525607866,-0.21536564336247477,0.21536564336247493
2024-03-13,Premier League,Bournemouth,Luton,4,3,1.51,4.71,6.18,pinnacle,0.4910149730239125,0.21728390376969903,0.2917011232063885,0.6390057890265347,0.20486172854141557,0.15613248243204975,-0.1479908160026222,0.012422175228283455,0.13556864077433878,HOME,True,True,1.47,2.71,0.6018819389480876,-0.046443419903587024,0.04644341990358708
2024-03-16,Premier League,Burnley,Brentford,2,1,3.23,3.72,2.2,pinnacle,0.24201883329673848,0.22183349988782516,0.5361476668154365,0.2997187390132427,0.2602396577991328,0.4400416031876245,-0.05769990571650421,-0.03840615791130761,0.09610606362781199,HOME,True,True,1.75,2.1,0.5346044829214548,-0.010850062533090732,0.010850062533090565
2024-03-16,Premier League,Luton,Nottingham Forest,1,1,2.83,3.69,2.44,pinnacle,0.4778591901751996,0.2257978439751096,0.2963429658496908,0.3416731495360796,0.26204200899379543,0.39628484147012505,0.13618604063912004,-0.036244165018685826,-0.09994187562043427,DRAW,True,False,1.68,2.22,0.5607297286424312,-0.008501040588338005,0.008501040588338171
2024-03-16,Premier League,Fulham,Tottenham,3,0,3.42,4.09,2.01,pinnacle,0.4113329107857053,0.21046747553491657,0.37819961367937804,0.28267126043138746,0.23636569943162478,0.48096304013698776,0.1286616503543178,-0.025898223896708206,-0.10276342645760972,HOME,False,True,1.49,2.62,0.6786913024788128,0.041221716104116846,-0.04122171610411701
2024-03-17,Premier League,West Ham United,Aston Villa,1,1,2.66,3.82,2.52,pinnacle,0.35868655716483755,0.24227545846415807,0.39903798437100463,0.3633865341930029,0.25303879082549413,0.383574674981503,-0.004699977028165325,-0.010763332361336059,0.015463309389501634,DRAW,True,False,1.56,2.44,0.5036125217632113,-0.10638747823678874,0.10638747823678907
2024-03-30,Premier League,Newcastle United,West Ham United,4,3,1.81,4.26,4.0,pinnacle,0.6739566646537565,0.18515018243492393,0.14089315291131949,0.5326564678374273,0.22631648046613692,0.24102705169643585,0.14130019681632922,-0.041166298031212994,-0.10013389878511636,HOME,True,True,1.51,2.59,0.5475727668868585,-0.08413455018631233,0.08413455018631211
2024-03-30,Premier League,Bournemouth,Everton,2,1,2.24,3.56,3.27,pinnacle,0.42736843498098376,0.2582371126869557,0.31439445233206054,0.43210939703939066,0.27188905881130204,0.2960015441493074,-0.004740962058406906,-0.013651946124346337,0.01839290818275313,HOME,True,True,1.73,2.13,0.42587856056862805,-0.12593491093396258,0.12593491093396275
2024-03-30,Premier League,Chelsea,Burnley,2,2,1.3,6.12,9.34,pinnacle,0.6456191719146978,0.1991667948922056,0.15521403319309668,0.7398613491278663,0.15716009050101737,0.10297856037111631,-0.09424217721316852,0.042006704391188227,0.052235472821980364,DRAW,True,True,1.48,2.67,0.5131325506393851,-0.13024094333651848,0.13024094333651842
2024-03-30,Premier League,Nottingham Forest,Crystal Palace,1,1,2.29,3.38,3.34,pinnacle,0.3648238772984805,0.2737560740942577,0.3614200486072618,0.423165154809206,0.2867006522228053,0.2901341929679886,-0.05834127751072554,-0.012944578128547601,0.0712858556392732,DRAW,True,False,2.09,1.76,0.37663537206085446,-0.08050748508200273,0.08050748508200256
2024-03-30,Premier League,Sheffield United,Fulham,3,3,4.89,3.95,1.73,pinnacle,0.17080477076291456,0.19815807397768376,0.6310371552594016,0.1974503520791015,0.24443853713083702,0.5581111107900615,-0.02664558131618694,-0.04628046315315326,0.07292604446934015,DRAW,True,True,1.68,2.22,0.5464158133088515,-0.022814955921917734,0.02281495592191768
2024-03-30,Premier League,Tottenham,Luton,2,1,1.21,7.6,11.57,pinnacle,0.7438398656409035,0.1342052723939932,0.12195486196510322,0.791269863409393,0.1259784914112323,0.08275164517937471,-0.04742999776848944,0.008226780982760917,0.03920321678572851,HOME,True,True,1.25,3.94,0.7850145043650715,0.025862288565456693,-0.02586228856545683
2024-03-30,Premier League,Aston Villa,Wolverhampton,2,0,1.64,4.46,4.9,pinnacle,0.6403558188555296,0.20258314019629178,0.15706104094817838,0.5874036404296267,0.21599595746739636,0.19660040210297708,0.05295217842590294,-0.013412817271104577,-0.0395393611547987,HOME,False,False,1.56,2.44,0.5017485251064042,-0.10825147489359577,0.10825147489359555
2024-03-30,Premier League,Brentford,Manchester United,1,1,3.09,3.86,2.22,pinnacle,0.43538639642995625,0.2524853113580925,0.3121282922119511,0.3132429705663026,0.25075667851033034,0.43600035092336703,0.12214342586365362,0.001728632847762146,-0.12387205871141593,DRAW,True,False,1.54,2.48,0.4476759103341584,-0.16923951255141373,0.16923951255141373
2024-03-31,Premier League,Liverpool,Brighton & Hove Albion,2,1,1.37,5.71,7.57,pinnacle,0.6217853177600025,0.17896508185553828,0.19924960038445938,0.7037755848012726,0.16885683908541915,0.12736757611330823,-0.0819902670412701,0.010108242770119125,0.07188202427115115,HOME,True,True,1.36,3.16,0.7028950141464707,0.003779969898683122,-0.003779969898683011
2024-03-31,Premier League,Manchester City,Arsenal,0,0,1.92,3.86,3.94,pinnacle,0.5672351423191645,0.199594804068861,0.2331700536119742,0.5038496706908204,0.2506195253177138,0.24553080399146576,0.06338547162834407,-0.05102472124885282,-0.012360750379491553,DRAW,False,False,1.74,2.12,0.6382709051377494,0.08904810721028822,-0.0890481072102885
2024-04-02,Premier League,Newcastle United,Everton,1,1,2.03,3.86,3.62,pinnacle,0.7168880116584325,0.17798974444041535,0.10512224390115212,0.4792301149614509,0.25203034543309466,0.2687395396054545,0.23765789669698162,-0.07404060099267931,-0.1636172957043024,DRAW,True,False,1.67,2.24,0.49436566913603974,-0.07852435643940792,0.07852435643940797
2024-04-02,Premier League,Nottingham Forest,Fulham,3,1,2.78,3.51,2.61,pinnacle,0.3266069218765801,0.23923740194501142,0.4341556761784083,0.34999828078258777,0.27720661554860226,0.37279510366880997,-0.023391358906007687,-0.037969213603590846,0.06136057250959831,HOME,True,True,1.81,2.03,0.5102422467283224,-0.018403586605010847,0.018403586605010958
2024-04-02,Premier League,Bournemouth,Crystal Palace,1,0,2.02,3.8,3.69,pinnacle,0.3808446633774711,0.26365477893153,0.35550055769099875,0.48099945800945393,0.25568918557344655,0.26331135641709946,-0.10015479463198285,0.007965593358083445,0.09218920127389929,HOME,False,False,1.72,2.16,0.41293191199324336,-0.1437691189345917,0.14376911893459154
2024-04-02,Premier League,Burnley,Wolverhampton,1,1,2.55,3.54,2.83,pinnacle,0.35730671891190413,0.25556462587724543,0.38712865521085027,0.38147568512320223,0.2747918070802728,0.343732507796525,-0.024168966211298104,-0.019227181203027355,0.04339614741432529,DRAW,True,False,1.81,2.03,0.4450300846989479,-0.08361574863438537,0.08361574863438537
2024-04-02,Premier League,West Ham United,Tottenham,1,1,3.38,4.24,2.01,pinnacle,0.38489180635600256,0.21567375289696156,0.399434440747036,0.28745859670662516,0.22915331529914926,0.48338808799422545,0.0974332096493774,-0.0134795624021877,-0.08395364724718946,DRAW,True,False,1.35,3.26,0.6479970168522429,-0.05916133455773542,0.0591613345577357
2024-04-03,Premier League,Arsenal,Luton,2,0,1.11,11.82,20.95,pinnacle,0.8435396472236871,0.09580309098581102,0.0606572617905017,0.8719217390477658,0.08188097549433335,0.04619728545790072,-0.028382091824078692,0.013922115491477677,0.01445997633260098,HOME,False,False,1.26,3.86,0.7733916951473734,0.01948544514737338,-0.01948544514737352
2024-04-03,Premier League,Brentford,Brighton & Hove Albion,0,0,2.38,3.79,2.86,pinnacle,0.42977795826601967,0.2163684205268469,0.35385362120713354,0.4064815648156482,0.2552575525755258,0.33826088260882614,0.02329639345037149,-0.03888913204867889,0.015592738598307399,DRAW,False,False,1.56,2.44,0.6387108845073604,0.028710884507360368,-0.028710884507360257
2024-04-03,Premier League,Manchester City,Aston Villa,4,1,1.3,6.32,8.88,pinnacle,0.6931451730791319,0.16743109099850612,0.13942373592236174,0.739594315354447,0.15213174208240207,0.10827394256315102,-0.04644914227531505,0.015299348916104044,0.031149793359210712,HOME,True,True,1.41,2.95,0.6349846639613186,-0.041620840625837374,0.04162084062583726
2024-04-04,Premier League,Liverpool,Sheffield United,3,1,1.08,14.33,25.37,pinnacle,0.9138351102774867,0.06041052275296009,0.025754366969553206,0.8945053257882514,0.06741561422549278,0.038079059986255874,0.01932978448923528,-0.007005091472532685,-0.012324693016702668,HOME,True,True,1.2,4.54,0.7760396454946293,-0.014901121055893252,0.014901121055893446
2024-04-04,Premier League,Chelsea,Manchester United,4,3,2.03,4.03,3.42,pinnacle,0.3821502735032035,0.2712624672033355,0.3465872592934608,0.476805933695656,0.2401776787598465,0.2830163875444975,-0.09465566019245247,0.031084788443489025,0.06357087174896331,HOME,True,True,1.41,2.92,0.3845690780451687,-0.28979581802873433,0.28979581802873405
2024-04-06,Premier League,Crystal Palace,Manchester City,2,4,10.64,5.59,1.31,pinnacle,0.16587285588559883,0.20665149256287285,0.6274756515515284,0.09069853565010175,0.17263549540556042,0.7366659689443379,0.07517432023549708,0.03401599715731243,-0.10919031739280949,AWAY,True,True,1.66,2.25,0.4997030955277648,-0.07574447480471602,0.07574447480471608
2024-04-06,Premier League,Aston Villa,Brentford,3,3,1.71,4.24,4.62,pinnacle,0.5235931507879216,0.22499913539241065,0.2514077138196678,0.5638784780393444,0.22741325411492427,0.2087082678457314,-0.040285327251422864,-0.002414118722513625,0.042699445973936406,DRAW,True,True,1.52,2.56,0.5290473342260049,-0.09840364616615194,0.09840364616615194
2024-04-06,Premier League,Everton,Burnley,1,0,1.68,4.18,4.99,pinnacle,0.5465546999732975,0.23785494941906415,0.2155903506076383,0.5751796557448475,0.23117268460558466,0.19364765964956787,-0.028624955771549998,0.006682264813479499,0.021942690958070415,HOME,False,False,1.78,2.06,0.4401235121901058,-0.09633482114322756,0.09633482114322756
2024-04-06,Premier League,Fulham,Newcastle United,0,1,2.35,3.87,2.86,pinnacle,0.2803451384198935,0.23290187156535816,0.4867529900147484,0.41170672191699803,0.25000278979455953,0.3382904882884425,-0.13136158349710453,-0.017100918229201373,0.14846250172630593,AWAY,False,False,1.48,2.65,0.5158639988656153,-0.12578249023850085,0.12578249023850102
2024-04-06,Premier League,Luton,Bournemouth,2,1,3.65,4.11,1.93,pinnacle,0.47135233554923767,0.2198693422207544,0.3087783222300077,0.26460139500905655,0.23498664033651007,0.5004119646544335,0.20675094054018112,-0.015117298115755656,-0.19163364242442582,HOME,True,True,1.49,2.62,0.5993289383115123,-0.038140648063183624,0.03814064806318368
2024-04-06,Premier League,Wolverhampton,West Ham United,1,2,2.53,3.61,2.77,pinnacle,0.3734858558768056,0.2597474689965209,0.3667666751266736,0.38252789668376613,0.2680874178974871,0.3493846854187467,-0.009042040806960527,-0.008339948900966176,0.017381989707926926,AWAY,True,True,1.77,2.08,0.4285910391511024,-0.11166870110863791,0.11166870110863797
2024-04-06,Premier League,Brighton & Hove Albion,Arsenal,0,3,5.25,4.19,1.65,pinnacle,0.3422161730590366,0.2064014271866807,0.4513823997542826,0.1839993612519462,0.23054812567367958,0.5854525130743743,0.15821681180709044,-0.02414669848699888,-0.13407011332009167,AWAY,False,True,1.63,2.32,0.6936043101065108,0.10626253795461216,-0.10626253795461205
2024-04-07,Premier League,Manchester United,Liverpool,2,2,4.75,4.84,1.61,pinnacle,0.32419688765660687,0.24559118441397468,0.4302119279294185,0.20276919794222725,0.1989986963275991,0.5982321057301736,0.12142768971437962,0.04659248808637559,-0.16802017780075512,DRAW,True,True,1.34,3.25,0.4807292956081881,-0.2273317065704611,0.2273317065704611
2024-04-07,Premier League,Sheffield United,Chelsea,2,2,6.77,5.35,1.42,pinnacle,0.18380126262345084,0.22411641829297485,0.5920823190835743,0.14218630392345857,0.17992547244146068,0.6778882236350807,0.041614958699992266,0.044190945851514174,-0.08580590455150638,DRAW,True,True,1.4,2.95,0.4557390301848787,-0.22242188935535112,0.22242188935535123
2024-04-07,Premier League,Tottenham,Nottingham Forest,3,1,1.39,5.46,7.33,pinnacle,0.7212343610110403,0.15008617069089245,0.1286794682980672,0.6924198830793825,0.17627539147991603,0.13130472544070143,0.02881447793165781,-0.026189220789023582,-0.0026252571426342297,HOME,True,True,1.42,2.88,0.7057512698934868,0.03598382803302169,-0.035983828033021414
2024-04-13,Premier League,Newcastle United,Tottenham,4,0,2.8,4.05,2.33,pinnacle,0.6241901449823973,0.1827354114574588,0.19307444356014394,0.34565301001813153,0.2389699822347576,0.41537700774711084,0.2785371349642658,-0.05623457077729879,-0.2223025641869669,HOME,False,True,1.36,3.18,0.6692149152830558,-0.03122561335130547,0.031225613351305637
2024-04-13,Premier League,Brentford,Sheffield United,2,0,1.43,5.22,6.68,pinnacle,0.8051691283728819,0.12486100985866287,0.06996986176845504,0.6720347835471971,0.18410148284913638,0.14386373360366644,0.13313434482568476,-0.05924047299047351,-0.0738938718352114,HOME,False,False,1.52,2.55,0.6332114902710608,0.006675863735434273,-0.006675863735434329
2024-04-13,Premier League,Burnley,Brighton & Hove Albion,1,1,3.54,3.8,2.05,pinnacle,0.1954052076888601,0.18192092831631368,0.6226738639948263,0.2733429243131338,0.25464051370223517,0.4720165619846311,-0.07793771662427368,-0.07271958538592149,0.15065730201019517,DRAW,True,False,1.65,2.26,0.6783190224537352,0.10031390736422119,-0.10031390736422113
2024-04-13,Premier League,Manchester City,Luton,5,1,1.09,13.24,24.14,pinnacle,0.8910239840659626,0.07042501494366,0.03855100099037736,0.8869340416663659,0.07301798379277484,0.040047974540859115,0.004089942399596702,-0.002592968849114835,-0.001496973550481756,HOME,True,True,1.26,3.77,0.8125814069938389,0.06307842488648296,-0.06307842488648305
2024-04-13,Premier League,Nottingham Forest,Wolverhampton,2,2,2.14,3.57,3.5,pinnacle,0.41403743562224665,0.2608258970552094,0.3251366673225439,0.45231096695722683,0.27113318467464015,0.27655584836813296,-0.03827353133498018,-0.010307287619430727,0.048580818954410965,DRAW,True,True,1.83,2.0,0.4190001095403634,-0.10319310194788722,0.10319310194788717
2024-04-13,Premier League,Bournemouth,Manchester United,2,2,2.42,3.83,2.79,pinnacle,0.2890040081051719,0.24487066956936396,0.4661253223254641,0.40012206948974205,0.25281864442954977,0.34705928608070813,-0.11111806138457014,-0.007947974860185808,0.11906603624475598,DRAW,True,True,1.43,2.84,0.46863091970767784,-0.19647446670918406,0.1964744667091839
2024-04-14,Premier League,Liverpool,Crystal Palace,0,1,1.19,7.62,14.15,pinnacle,0.6918820068697178,0.18376817166979265,0.1243498214604894,0.8062780557439543,0.1259148144796989,0.06780712977634669,-0.11439604887423649,0.05785335719009374,0.05654269168414271,AWAY,False,False,1.39,3.0,0.5161902203181953,-0.16718107808727167,0.1671810780872715
2024-04-14,Premier League,West Ham United,Fulham,0,2,2.4,3.66,2.91,pinnacle,0.4465803476392002,0.23570433732645316,0.31771531503434675,0.40314778224432796,0.2643592014716904,0.3324930162839818,0.043432565394872225,-0.02865486414523724,-0.014777701249635067,AWAY,False,False,1.66,2.26,0.5234627473319327,-0.053067864912965224,0.05306786491296539
2024-04-14,Premier League,Arsenal,Aston Villa,0,2,1.29,6.27,9.5,pinnacle,0.6189651370904798,0.1924342857133783,0.18860057719614196,0.7454169341607817,0.15336329267422785,0.10121977316499037,-0.12645179707030185,0.03907099303915046,0.08738080403115159,AWAY,False,False,1.48,2.66,0.6072582817912657,-0.03525379550342034,0.03525379550342028
2024-04-15,Premier League,Chelsea,Everton,6,0,1.73,4.16,4.57,pinnacle,0.5172116815593945,0.2599476890260529,0.22284062941455293,0.5572827657772007,0.23175461172946082,0.21096262249333853,-0.04007108421780625,0.028193077296592095,0.011878006921214407,HOME,False,True,1.54,2.48,0.3709773976312639,-0.2459380252543082,0.24593802525430836
2024-04-20,Premier League,Luton,Brentford,1,5,3.28,3.76,2.16,pinnacle,0.3025435297724709,0.22242633261899383,0.47503013760853524,0.2949105275389264,0.25726237508714855,0.4478270973739252,0.007633002233544517,-0.03483604246815472,0.027203040234610065,AWAY,True,True,1.56,2.43,0.5819598223902931,-0.027062734000684374,0.02706273400068432
2024-04-20,Premier League,Sheffield United,Burnley,1,4,2.77,3.64,2.52,pinnacle,0.33576792326455673,0.24561600875355674,0.41861606798188655,0.34962646744930637,0.26606189967982924,0.3843116328708645,-0.013858544184749633,-0.020445890926272497,0.03430443511102205,AWAY,True,True,1.66,2.25,0.4839702892510697,-0.09147728108141112,0.09147728108141101
2024-04-20,Premier League,Wolverhampton,Arsenal,0,2,8.02,5.14,1.39,pinnacle,0.1805950997695017,0.20407352108697308,0.6153313791435253,0.12004664354652256,0.1873101325375702,0.6926432239159072,0.060548456222979136,0.016763388549402874,-0.07731184477238184,AWAY,False,False,1.62,2.32,0.5356991803283472,-0.05313330698129748,0.05313330698129748
2024-04-21,Premier League,Everton,Nottingham Forest,2,0,2.06,3.52,3.78,pinnacle,0.4771226967308938,0.25984511466817,0.2630321886009362,0.46943930905036757,0.27472868654652194,0.2558320044031104,0.0076833876805262324,-0.014883571878351931,0.00720018419782581,HOME,False,False,1.87,1.95,0.3975154476007298,-0.11295575658775187,0.1129557565877517
2024-04-21,Premier League,Aston Villa,Bournemouth,3,1,1.87,4.17,3.83,pinnacle,0.6920632561713514,0.17164007064548698,0.13629667318316163,0.5163443912437643,0.23155012269204783,0.2521054860641878,0.17571886492758715,-0.05991005204656086,-0.11580881288102618,HOME,True,True,1.44,2.77,0.6039888043775812,-0.05396844027800074,0.05396844027800085
2024-04-21,Premier League,Crystal Palace,West Ham United,5,2,2.12,3.66,3.45,pinnacle,0.4103814578650851,0.26870756920192274,0.3209109729329923,0.45584508415101693,0.2640414148634306,0.2801135009855525,-0.04546362628593181,0.004666154338492157,0.04079747194743982,HOME,True,True,1.79,2.04,0.3894589026119152,-0.14317817310610048,0.1431781731061006
2024-04-21,Premier League,Fulham,Liverpool,1,3,5.14,4.66,1.59,pinnacle,0.28039930611261765,0.220830433507922,0.49877026037946026,0.18741652839046502,0.2067212351774657,0.6058622364320693,0.09298277772215263,0.01410919833045629,-0.107091976052609,AWAY,True,True,1.41,2.91,0.5746335398958812,-0.09897757121522999,0.09897757121522993
2024-04-23,Premier League,Arsenal,Chelsea,5,0,1.45,5.03,6.76,pinnacle,0.698343488545216,0.17268767581966243,0.12896883563512185,0.6654389676368881,0.1918263425593415,0.14273468980377038,0.03290452090832785,-0.019138666739679067,-0.013765854168648534,HOME,False,True,1.53,2.53,0.5796454594005943,-0.04350724995901156,0.04350724995901167
2024-04-24,Premier League,Wolverhampton,Bournemouth,0,1,2.74,3.53,2.6,pinnacle,0.48187796911793845,0.24372957627998407,0.2743924546020775,0.35335063255076193,0.27427216237651214,0.37237720507272604,0.12852733656717652,-0.030542586096528074,-0.09798475047064853,AWAY,False,False,1.66,2.24,0.46483800847099915,-0.10952096588797516,0.10952096588797533
2024-04-24,Premier League,Crystal Palace,Newcastle United,2,0,2.76,3.7,2.49,pinnacle,0.23295671704110346,0.2547833785154405,0.5122599044434559,0.3503388167651556,0.26133382007346734,0.38832736316137717,-0.11738209972405214,-0.006550441558026865,0.12393254128207876,HOME,False,False,1.61,2.35,0.3950991303440722,-0.19833521309027125,0.19833521309027113
2024-04-24,Premier League,Everton,Liverpool,2,0,7.49,5.0,1.42,pinnacle,0.19832690704466424,0.22412987499469939,0.5775432179606363,0.12865628476890795,0.19272711458382413,0.678616600647268,0.0696706222757563,0.03140276041087525,-0.10107338268663169,HOME,False,False,1.51,2.56,0.4743430363204313,-0.1546495926721977,0.15464959267219763
2024-04-24,Premier League,Manchester United,Sheffield United,4,2,1.32,6.28,8.27,pinnacle,0.798461639624027,0.13327932625123304,0.06825903412473983,0.7300313740483768,0.15344608499106008,0.11652254096056316,0.06843026557565024,-0.02016675873982704,-0.04826350683582334,HOME,True,True,1.36,3.18,0.5803113739534539,-0.12012915468090735,0.12012915468090746
2024-04-25,Premier League,Brighton & Hove Albion,Manchester City,0,4,6.84,4.9,1.45,pinnacle,0.2663490204779907,0.19561134788831766,0.5380396316336916,0.14058449909970516,0.1962444844575476,0.6631710164427472,0.12576452137828553,-0.0006331365692299473,-0.1251313848090556,AWAY,False,True,1.49,2.63,0.7017421155119663,0.06339260094885957,-0.06339260094885946
2024-04-27,Premier League,West Ham United,Liverpool,2,2,5.84,5.03,1.5,pinnacle,0.2614912837022413,0.22308902901367172,0.5154196872840869,0.16517002990354682,0.19176798700531084,0.6430619830911423,0.09632125379869447,0.03132104200836089,-0.12764229580705533,DRAW,True,True,1.37,3.1,0.5474109311753758,-0.14610137307518356,0.14610137307518345
2024-04-27,Premier League,Fulham,Crystal Palace,1,1,2.14,3.63,3.43,pinnacle,0.5040215900621151,0.24764416540248438,0.24833424453540073,0.4517857855605911,0.26634203336078927,0.2818721810786195,0.052235804501523986,-0.018697867958304887,-0.033537936543218766,DRAW,True,False,1.7,2.18,0.4317010744277758,-0.130154595675317,0.13015459567531712
2024-04-27,Premier League,Manchester United,Burnley,1,1,1.53,5.01,5.35,pinnacle,0.7064922129376419,0.17466155131049604,0.11884623575186212,0.6283891659223102,0.19190327821579534,0.17970755586189435,0.07810304701533166,-0.017241726905299293,-0.06086132011003223,DRAW,True,False,1.36,3.15,0.5438937995343301,-0.15455409403551468,0.15455409403551462
2024-04-27,Premier League,Newcastle United,Sheffield United,5,1,1.24,7.18,10.5,pinnacle,0.898836374116891,0.07170115011198941,0.029462475771119462,0.7747150437967306,0.13379479865013175,0.0914901575531377,0.12412133032016037,-0.06209364853814234,-0.06202768178201824,HOME,True,True,1.33,3.31,0.7231125832427353,0.00975051427721807,-0.00975051427721818
2024-04-27,Premier League,Wolverhampton,Luton,2,1,1.98,3.9,3.65,pinnacle,0.5009719601071156,0.23104559207668973,0.26798244781619457,0.4877672697368421,0.2476356907894737,0.2645970394736842,0.013204690370273553,-0.01659009871278397,0.0033854083425103876,HOME,True,True,1.63,2.31,0.5153411965744533,-0.07095321966920154,0.07095321966920148
2024-04-27,Premier League,Everton,Brentford,1,0,2.34,3.54,3.09,pinnacle,0.3230818782888209,0.26361954097555534,0.41329858073562376,0.4135138813282525,0.2733396842678279,0.31314643440391937,-0.09043200303943161,-0.009720143292272554,0.10015214633170438,HOME,False,False,1.83,2.01,0.4081192766961955,-0.11531822330380437,0.11531822330380459
2024-04-27,Premier League,Aston Villa,Chelsea,2,2,2.14,4.04,3.13,pinnacle,0.555365785453392,0.22858105148260252,0.21605316306400563,0.4517917753403123,0.23931544535353175,0.308892779306156,0.1035740101130797,-0.010734393870929226,-0.09283961624215037,DRAW,True,True,1.44,2.77,0.4770282535251114,-0.1809289911304705,0.18092899113047056
2024-04-28,Premier League,Bournemouth,Brighton & Hove Albion,3,0,2.27,3.85,2.99,pinnacle,0.2621644973310757,0.20051085208380157,0.5373246505851227,0.4257479205423418,0.2510253973067833,0.32322668215087486,-0.16358342321126607,-0.05051454522298174,0.21409796843424783,HOME,False,True,1.47,2.68,0.668498278102165,0.02271514557204446,-0.02271514557204457
2024-04-28,Premier League,Tottenham,Arsenal,2,3,4.19,4.07,1.81,pinnacle,0.3300076885011759,0.20214046259360202,0.46785184890522197,0.23018132165142371,0.23696799452566716,0.5328506838229091,0.09982636684975218,-0.03482753193206514,-0.06499883491768715,AWAY,True,True,1.48,2.63,0.7135892110385506,0.07368653463952379,-0.07368653463952385
2024-04-28,Premier League,Nottingham Forest,Manchester City,0,2,10.15,5.89,1.3,pinnacle,0.11116134355458945,0.15257463796366108,0.7362640184817493,0.09495817598948353,0.16363760378493344,0.7414042202255829,0.016203167565105925,-0.011062965821272364,-0.005140201743833672,AWAY,False,False,1.53,2.5,0.6348668327843394,0.01451943824339652,-0.014519438243396854
2024-05-02,Premier League,Chelsea,Tottenham,2,0,2.22,4.15,2.92,pinnacle,0.3875297962375418,0.22527084593957106,0.38719935782288706,0.4356892720774878,0.23306751421976454,0.33124321370274756,-0.04815947583994601,-0.007796668280193486,0.055956144120139495,HOME,False,False,1.31,3.44,0.5927671405332583,-0.13144338578253112,0.131443385782531
2024-05-03,Premier League,Luton,Everton,1,1,2.71,3.52,2.63,pinnacle,0.4267110389432299,0.2475873825478608,0.32570157850890935,0.3571040074679545,0.27492950574947633,0.3679664867825691,0.06960703147527542,-0.027342123201615526,-0.04226490827365975,DRAW,True,False,1.74,2.12,0.4725434700971498,-0.0766793278303114,0.07667932783031134
2024-05-04,Premier League,Arsenal,Bournemouth,3,0,1.2,7.76,12.56,pinnacle,0.8224203764579868,0.10914112639130281,0.06843849715071038,0.7998844477125899,0.12369347129576135,0.07642208099164871,0.022535928745396894,-0.01455234490445853,-0.007983583840938335,HOME,False,True,1.34,3.23,0.7238276182338199,0.01704424843075647,-0.01704424843075636
2024-05-04,Premier League,Brentford,Fulham,0,0,2.13,3.85,3.27,pinnacle,0.5037998876845577,0.22592915383239867,0.2702709584830435,0.4535923127641407,0.25094847433444667,0.29545921290141275,0.05020757492041705,-0.025019320502047998,-0.02518825441836925,DRAW,False,False,1.59,2.38,0.5411736234450857,-0.05832259821738284,0.05832259821738278
2024-05-04,Premier League,Burnley,Newcastle United,1,4,3.37,4.05,2.04,pinnacle,0.13271302833180998,0.17637085260145566,0.6909161190667343,0.28702150055757625,0.23883023626642766,0.474148263175996,-0.15430847222576627,-0.062459383664972,0.21676785589073833,AWAY,True,True,1.48,2.64,0.5707422728233228,-0.07003442620580347,0.07003442620580336
2024-05-04,Premier League,Sheffield United,Nottingham Forest,1,3,4.57,4.31,1.71,pinnacle,0.2771392487566962,0.2445340229195971,0.47832672832370654,0.21128965210785086,0.22403566360391614,0.564674684288233,0.06584959664884535,0.020498359315680975,-0.08634795596452643,AWAY,True,True,1.57,2.43,0.4632363357014296,-0.14426366429857035,0.1442636642985704
2024-05-04,Premier League,Manchester City,Wolverhampton,5,1,1.09,13.16,25.65,pinnacle,0.8294699688353956,0.11087520339788734,0.05965482776671714,0.8886346410977397,0.07360271723377936,0.03776264166848095,-0.05916467226234412,0.037272486164107985,0.02189218609823619,HOME,True,True,1.3,3.52,0.6653654012264631,-0.06492505520507208,0.06492505520507208
2024-05-05,Premier League,Brighton & Hove Albion,Aston Villa,1,0,2.75,3.76,2.48,pinnacle,0.48635078794151293,0.210435840422442,0.303213371636045,0.3520811937413158,0.2575061922310155,0.39041261402766875,0.13426959420019713,-0.047070351808573496,-0.08719924239162374,HOME,False,False,1.48,2.63,0.6481485535762467,0.008245877177219918,-0.008245877177219862
2024-05-05,Premier League,Chelsea,West Ham United,5,0,1.66,4.62,4.59,pinnacle,0.4597378889144942,0.25128811768097464,0.28897399340453106,0.581069972379324,0.2087827173484151,0.21014731027226097,-0.12133208346482982,0.042505400332559534,0.07882668313227009,HOME,False,True,1.4,2.93,0.4426415465065236,-0.23403281838955042,0.23403281838955026
2024-05-05,Premier League,Liverpool,Tottenham,4,2,1.48,5.3,5.73,pinnacle,0.63998809089406,0.1716922671143836,0.18831964199155646,0.6503917041808908,0.18161881550711667,0.16798948031199273,-0.010403613286830815,-0.009926548392733076,0.020330161679563724,HOME,True,True,1.26,3.82,0.7252498365271934,-0.026718667409814434,0.026718667409814434
2024-05-06,Premier League,Crystal Palace,Manchester United,4,0,2.39,3.81,2.83,pinnacle,0.338933119128112,0.28498722734016885,0.37607965353171907,0.404560275252421,0.2537792802764531,0.34166044447112587,-0.06562715612430897,0.03120794706371577,0.0344192090605932,HOME,False,True,1.53,2.48,0.33931217571236894,-0.2791416896242894,0.27914168962428926
2024-05-11,Premier League,Fulham,Manchester City,0,4,12.95,7.04,1.21,pinnacle,0.198140549626319,0.19359338452177066,0.6082660658519101,0.07384451077058043,0.1358361384203149,0.7903193508091046,0.12429603885573856,0.05775724610145577,-0.18205328495719453,AWAY,False,True,1.34,3.18,0.617754249453348,-0.08578557355550154,0.08578557355550143
2024-05-11,Premier League,Bournemouth,Brentford,1,2,1.96,4.07,3.57,pinnacle,0.3092587987600882,0.2333529578326479,0.4573882434072638,0.4924671996963155,0.2371586514508055,0.27037414885287914,-0.1832084009362273,-0.0038056936181576073,0.18701409455438467,AWAY,True,True,1.46,2.71,0.5308213634390934,-0.11905873248416798,0.11905873248416798
2024-05-11,Premier League,Everton,Sheffield United,1,0,1.4,5.3,7.47,pinnacle,0.6554813171532194,0.20688098890886422,0.1376376939379161,0.6889105430753972,0.18197636986897286,0.12911308705563,-0.033429225922177785,0.024904619039891357,0.008524606882286123,HOME,False,False,1.54,2.48,0.44995247110617614,-0.16696295177939596,0.16696295177939585
2024-05-11,Premier League,Newcastle United,Brighton & Hove Albion,1,1,1.59,4.93,4.84,pinnacle,0.6063467551411058,0.19015309984486709,0.203500145014027,0.6056833902349252,0.19534210760112194,0.1989745021639527,0.0006633649061805746,-0.00518900775625486,0.004525642850074285,DRAW,True,False,1.33,3.32,0.645789631288666,-0.06818886333498997,0.06818886333499002
2024-05-11,Premier League,Tottenham,Burnley,2,1,1.35,6.16,7.27,pinnacle,0.7909280481825085,0.11899143288734779,0.09008051893014367,0.7118195242053796,0.15599940871384133,0.13218106708077892,0.07910852397712886,-0.03700797582649354,-0.042100548150635256,HOME,True,True,1.24,4.05,0.7627585428225361,-0.002836920315460123,0.0028369203154602896
2024-05-11,Premier League,West Ham United,Luton,3,1,1.82,4.53,3.78,pinnacle,0.6026203049733585,0.19743818264213797,0.19994151238450358,0.5309976556394894,0.21333680646001563,0.25566553790049495,0.07162264933386908,-0.015898623817877655,-0.05572402551599137,HOME,True,True,1.42,2.84,0.6003404283880921,-0.06632623827857453,0.06632623827857459
2024-05-11,Premier League,Wolverhampton,Crystal Palace,1,3,2.9,3.49,2.49,pinnacle,0.3897071901641039,0.2860917927506722,0.3242010170852237,0.33382247302369,0.2773883013663899,0.38878922560992,0.055884717140413875,0.00870349138428228,-0.06458820852469632,AWAY,True,True,1.79,2.04,0.3343674966275238,-0.19826957909049187,0.1982695790904916
2024-05-11,Premier League,Nottingham Forest,Chelsea,2,3,3.44,3.93,2.04,pinnacle,0.3333723169340686,0.2595753928795298,0.40705229018640166,0.2807732716957344,0.2457659172094978,0.47346081109476784,0.0525990452383342,0.01380947567003199,-0.06640852090836619,AWAY,True,True,1.48,2.64,0.425591464347726,-0.21518523468140027,0.21518523468140027
2024-05-12,Premier League,Manchester United,Arsenal,0,1,7.2,5.68,1.38,pinnacle,0.30352516743431335,0.23870609065293094,0.4577687419127555,0.13360058905342387,0.16935285936349506,0.6970465515830812,0.16992457838088948,0.06935323128943588,-0.23927780967032564,AWAY,False,False,1.37,3.09,0.5029742481487351,-0.18985086395888806,0.189850863958888
2024-05-13,Premier League,Aston Villa,Liverpool,3,3,4.16,4.7,1.71,pinnacle,0.3616939201105124,0.23318553009097986,0.40512054979850787,0.2315964798026661,0.20498752254874278,0.5634159976485912,0.13009744030784628,0.028198007542237086,-0.15829544785008332,DRAW,True,True,1.33,3.28,0.5485617022160023,-0.16293504398790215,0.16293504398790215
2024-05-14,Premier League,Tottenham,Manchester City,0,2,7.15,6.3,1.36,pinnacle,0.25439117846368525,0.18974739379109337,0.5558614277452214,0.13527637873596793,0.153527953644789,0.7111956676192431,0.11911479972771732,0.03621944014630438,-0.15533423987402173,AWAY,False,False,1.27,3.79,0.722853867984136,-0.02615798972337391,0.026157989723373742
2024-05-15,Premier League,Brighton & Hove Albion,Chelsea,1,2,3.42,3.97,2.04,pinnacle,0.5839402358369319,0.20166280009456833,0.21439696406849995,0.2826510313056224,0.24349282797612815,0.4738561407182494,0.3012892045313095,-0.04183002788155982,-0.25945917664974943,AWAY,True,True,1.4,2.98,0.6006115516722477,-0.07975374513140521,0.07975374513140554
2024-05-15,Premier League,Manchester United,Newcastle United,3,2,2.75,4.07,2.36,pinnacle,0.32089390141086616,0.2590385599288948,0.42006753866023894,0.35199742008304113,0.23783609465070343,0.41016648526625554,-0.03110351867217498,0.021202465278191363,0.009901053393983394,HOME,True,True,1.33,3.33,0.42470612520078654,-0.28988614947732494,0.28988614947732494
2024-05-19,Premier League,Arsenal,Everton,2,1,1.17,8.37,15.6,pinnacle,0.7640734888114984,0.14719490736034252,0.08873160382815926,0.8231909714538613,0.1150697056870989,0.0617393228590396,-0.05911748264236294,0.03212520167324362,0.026992280969119653,HOME,True,True,1.38,3.04,0.5874121017100618,-0.1003707037198025,0.10037070371980261
2024-05-19,Premier League,Brentford,Newcastle United,2,4,2.97,4.0,2.21,pinnacle,0.3075973847121829,0.24204499840600818,0.450357616881809,0.3240029761359346,0.24057220978093147,0.4354248140831339,-0.016405591423751698,0.0014727886250767153,0.014932802798675093,AWAY,True,True,1.38,3.04,0.48993636629737464,-0.19784643913248962,0.19784643913248956
2024-05-19,Premier League,Brighton & Hove Albion,Manchester United,0,2,2.18,4.09,2.98,pinnacle,0.5119742663213172,0.21753482425526605,0.2704909094234167,0.4415886496043593,0.2353699892756732,0.32304136111996756,0.07038561671695787,-0.017835165020407162,-0.05255045169655087,AWAY,False,False,1.32,3.38,0.5833187335139165,-0.1358302026562963,0.13583020265629603
2024-05-19,Premier League,Burnley,Nottingham Forest,1,2,2.92,3.76,2.32,pinnacle,0.39853457662988273,0.24423617128910285,0.3572292520810144,0.32946579647087254,0.255861735557167,0.41467246797196033,0.06906878015901019,-0.011625564268064159,-0.05744321589094592,AWAY,True,True,1.51,2.55,0.4943236220997022,-0.1337551956342879,0.133755195634288
2024-05-19,Premier League,Chelsea,Bournemouth,2,1,1.45,5.4,5.93,pinnacle,0.5732103481412079,0.22139248712031917,0.205397164738473,0.6609219719094748,0.17746978875347005,0.16160823933705537,-0.08771162376826691,0.04392269836684912,0.04378892540141763,HOME,True,True,1.27,3.71,0.4945770092070247,-0.2504029104716901,0.2504029104716902
2024-05-19,Premier League,Crystal Palace,Aston Villa,5,0,1.83,4.37,3.74,pinnacle,0.31756390497340675,0.2646797148276358,0.41775638019895733,0.5240900301746668,0.21947019570243484,0.2564397741228984,-0.20652612520126007,0.045209519125200964,0.1613166060760589,HOME,False,True,1.39,2.96,0.4028949334084311,-0.27756483670651144,0.2775648367065114
2024-05-19,Premier League,Liverpool,Wolverhampton,2,0,1.16,9.27,13.56,pinnacle,0.7477380002654137,0.15379683119770035,0.0984651685368858,0.8259817063554645,0.10335909162592652,0.07065920201860905,-0.07824370609005082,0.05043773957177383,0.027805966518276756,HOME,False,False,1.22,4.23,0.5866744906318844,-0.18947229835894142,0.1894722983589412
2024-05-19,Premier League,Luton,Fulham,2,4,2.93,3.92,2.26,pinnacle,0.3343737916036705,0.222077804707666,0.4435484036886636,0.3285249160072089,0.24555561324008218,0.425919470752709,0.005848875596461578,-0.023477808532416183,0.017628932935954633,AWAY,True,True,1.44,2.76,0.5999918160475837,-0.05715104109527347,0.057151041095273525
2024-05-19,Premier League,Manchester City,West Ham United,3,1,1.09,13.11,20.39,pinnacle,0.7858500999859122,0.1290130310802059,0.08513686893388175,0.8798168305149067,0.07315029330749416,0.04703287617759923,-0.09396673052899451,0.05586273777271174,0.038103992756282526,HOME,True,True,1.2,4.45,0.6757954228369081,-0.11181519663211847,0.11181519663211847
2024-05-19,Premier League,Sheffield United,Tottenham,0,3,7.16,6.0,1.35,pinnacle,0.11690120265572522,0.14406119060562605,0.7390376067386486,0.133386029048513,0.15917399466455884,0.7074399762869281,-0.01648482639278777,-0.015112804058932783,0.03159763045172048,AWAY,False,True,1.22,4.14,0.704557733146962,-0.06783032655453058,0.06783032655453045
2024-08-16,Premier League,Manchester United,Fulham,1,0,1.63,4.38,5.3,pinnacle,0.5105374081623817,0.23637711867056924,0.25308547316704905,0.5953467855274361,0.22155599552733354,0.18309721894523034,-0.08480937736505445,0.014821123143235693,0.0699882542218187,HOME,False,False,1.53,2.52,0.480054048425752,-0.14216817379647023,0.14216817379647018
2024-08-17,Premier League,Arsenal,Wolverhampton,2,0,1.16,8.56,16.22,pinnacle,0.7743000059447103,0.13931247955334525,0.08638751450194462,0.828479366064396,0.11227056829844619,0.059250065637157796,-0.054179360119685716,0.027041911254899062,0.027137448864786827,HOME,False,False,1.46,2.7,0.6208147442245593,-0.028223717313902275,0.028223717313902386
2024-08-17,Premier League,Everton,Brighton & Hove Albion,0,3,2.73,3.36,2.71,pinnacle,0.2845727742725561,0.22851231092573257,0.4869149148017111,0.35462501022327636,0.28813282080641206,0.35724216897031164,-0.07005223595072024,-0.05962050988067949,0.12967274583139948,AWAY,False,True,1.81,2.04,0.5394821532774388,0.009612023407308823,-0.00961202340730899
2024-08-17,Premier League,Newcastle United,Southampton,1,0,1.35,5.7,8.25,pinnacle,0.8123064987472519,0.12251843611093326,0.0651750651418149,0.7140416809019474,0.1691151349504612,0.1168431841475914,0.0982648178453045,-0.04659669883952795,-0.0516681190057765,HOME,False,False,1.4,3.01,0.6243481556898052,-0.05819152684987727,0.058191526849877495
2024-08-17,Premier League,Nottingham Forest,Bournemouth,1,1,2.47,3.42,2.97,pinnacle,0.45348516521704696,0.2379383955114166,0.30857643927153644,0.3915622940013184,0.28279499011206327,0.3256427158866183,0.06192287121572854,-0.04485659460064667,-0.017066276615081866,DRAW,True,False,1.77,2.08,0.5089157425523061,-0.031343997707434235,0.03134399770743401
2024-08-17,Premier League,West Ham United,Aston Villa,1,2,2.49,3.65,2.8,pinnacle,0.35868655716483755,0.24227545846415807,0.39903798437100463,0.38888149007819484,0.2652917562451247,0.3458267536766805,-0.030194932913357286,-0.023016297780966616,0.05321123069432415,AWAY,True,True,1.57,2.43,0.5036125217632113,-0.10388747823678868,0.10388747823678912
2024-08-18,Premier League,Brentford,Crystal Palace,2,1,2.5,3.4,2.95,pinnacle,0.5294622741649632,0.24585436383558879,0.22468336199944797,0.38718394132406875,0.2846940745029917,0.3281219841729396,0.14227833284089442,-0.03883971066740294,-0.10343862217349162,HOME,True,True,1.81,2.03,0.4193143868205497,-0.10933144651278354,0.10933144651278359
2024-08-18,Premier League,Chelsea,Manchester City,0,2,4.19,3.93,1.84,pinnacle,0.19154513830819228,0.2077952682451829,0.600659593446625,0.2302380004775929,0.24547003104354054,0.5242919684788664,-0.03869286216940063,-0.03767476279835763,0.07636762496775862,AWAY,False,False,1.5,2.59,0.5358647209111532,-0.09738711282967805,0.09738711282967816
2024-08-19,Premier League,Leicester City,Tottenham,1,1,5.09,4.39,1.63,pinnacle,0.3366701176750074,0.20157053372826803,0.4617593485967245,0.18931675375355514,0.21950393544546598,0.5911793108009789,0.14735336392145224,-0.017933401717197955,-0.12941996220425434,DRAW,True,False,1.52,2.54,0.7203829657495122,0.09476720220271417,-0.09476720220271434
2024-08-24,Premier League,Brighton & Hove Albion,Manchester United,2,1,2.51,3.66,2.76,pinnacle,0.5119742663213172,0.21753482425526605,0.2704909094234167,0.38532488041562724,0.2642528551484219,0.35042226443595087,0.12664938590568992,-0.04671803089315585,-0.07993135501253418,HOME,True,True,1.58,2.42,0.5833187335139165,-0.021681266486083484,0.02168126648608326
2024-08-24,Premier League,Crystal Palace,West Ham United,0,2,2.17,3.68,3.33,pinnacle,0.4103814578650851,0.26870756920192274,0.3209109729329923,0.44616454465686795,0.263091592909077,0.2907438624340551,-0.035783086791782825,0.005615976292845715,0.030167110498937222,AWAY,False,False,1.76,2.1,0.3894589026119152,-0.15458254816528694,0.15458254816528705
2024-08-24,Premier League,Fulham,Leicester City,2,1,1.84,3.67,4.56,pinnacle,0.5563767885697068,0.2054503830625543,0.23817282836773845,0.5249698855651476,0.26320016061031926,0.21182995382453323,0.03140690300455928,-0.05774977754776495,0.02634287454320522,HOME,True,True,1.87,1.97,0.612761860284552,0.09974102695121878,-0.09974102695121884
2024-08-24,Premier League,Southampton,Nottingham Forest,0,1,2.59,3.28,2.92,pinnacle,0.40536470090836785,0.25231007911111375,0.34232521998051824,0.3736054549142599,0.29501162445973567,0.33138292062600444,0.031759245994107954,-0.04270154534862192,0.010942299354513796,AWAY,False,False,1.97,1.87,0.4565400823238325,-0.03043908434283421,0.030439084342834266
2024-08-24,Premier League,Tottenham,Everton,4,0,1.45,4.87,7.03,pinnacle,0.6603266534718238,0.18111088857562108,0.15856245795255497,0.6648935447096683,0.197966250478238,0.13714020481209374,-0.004566891237844484,-0.01685536190261691,0.021422253140461228,HOME,False,True,1.51,2.55,0.6071674786630467,-0.020911339070943447,0.020911339070943447
2024-08-24,Premier League,Aston Villa,Arsenal,0,2,4.55,3.98,1.77,pinnacle,0.33907405382860134,0.22801755222424894,0.43290839394714964,0.2121413794038022,0.24252343625309045,0.5453351843431073,0.12693267442479914,-0.01450588402884151,-0.11242679039595771,AWAY,False,False,1.73,2.13,0.5699443427361606,0.018130871233569934,-0.018130871233569823
2024-08-25,Premier League,Bournemouth,Newcastle United,1,1,3.05,3.73,2.28,pinnacle,0.17990095692429475,0.201175425863622,0.6189236172120833,0.3169156583404447,0.25914014958132875,0.4239441920782265,-0.13701470141614996,-0.05796472371770675,0.19497942513385685,DRAW,True,False,1.56,2.44,0.5481184454684117,-0.06188155453158828,0.061881554531588334
2024-08-25,Premier League,Wolverhampton,Chelsea,2,6,4.46,4.03,1.78,pinnacle,0.360655951483603,0.2732975825634543,0.3660464659529428,0.21681073565858675,0.23994438735416793,0.5432448769872454,0.14384521582501628,0.033353195209286396,-0.17719841103430262,AWAY,True,True,1.64,2.29,0.3782093794860632,-0.20448782153174844,0.20448782153174844
2024-08-25,Premier League,Liverpool,Brentford,2,0,1.25,7.05,10.11,pinnacle,0.6431242696613511,0.1878974728276532,0.16897825751099588,0.7686720481420969,0.13628937023796045,0.09503858161994275,-0.12554777848074583,0.051608102589692756,0.07393967589105313,HOME,False,False,1.35,3.2,0.5936635751725114,-0.10963312812419179,0.10963312812419207
2024-08-31,Premier League,Arsenal,Brighton & Hove Albion,1,1,1.34,5.87,8.1,pinnacle,0.6539466015044518,0.16761803992689686,0.17843535856865114,0.7175086166828638,0.1637924269770081,0.1186989563401281,-0.06356201517841198,0.003825612949888757,0.05973640222852304,DRAW,True,False,1.53,2.52,0.7290979458417178,0.1068757236194956,-0.10687572361949582
2024-08-31,Premier League,Brentford,Southampton,3,1,1.79,3.9,4.51,pinnacle,0.6855530720207511,0.18041895317270545,0.13402797480654344,0.538830802410325,0.24730952213191845,0.21385967545775653,0.14672226961042611,-0.066890568959213,-0.07983170065121309,HOME,True,True,1.73,2.15,0.5542435585896631,0.00011984724945690584,-0.00011984724945707237
2024-08-31,Premier League,Everton,Bournemouth,2,3,2.82,3.38,2.62,pinnacle,0.4740620151547087,0.25190299097393054,0.27403499387136065,0.34356523223513713,0.28664318192399013,0.36979158584087274,0.13049678291957156,-0.03474019095005959,-0.09575659196951208,AWAY,True,True,1.87,1.95,0.432371658239732,-0.07809954594874968,0.07809954594874968
2024-08-31,Premier League,Leicester City,Aston Villa,1,2,4.8,4.09,1.71,pinnacle,0.31773403650803966,0.22443791656540074,0.45782804692655965,0.2007785519278634,0.2356325303798886,0.5635889176922481,0.11695548458017627,-0.011194613814487858,-0.10576087076568841,AWAY,True,True,1.69,2.21,0.5799041932152179,0.01323752654855126,-0.013237526548551037
2024-08-31,Premier League,Nottingham Forest,Wolverhampton,1,1,2.02,3.7,3.71,pinnacle,0.41403743562224665,0.2608258970552094,0.3251366673225439,0.4783726895090468,0.2611656304887228,0.26046168000223036,-0.06433525388680017,-0.0003397334335134006,0.06467498732031357,DRAW,True,False,1.83,2.02,0.4190001095403634,-0.10567521513496125,0.10567521513496114
2024-08-31,Premier League,West Ham United,Manchester City,1,3,7.69,5.64,1.37,pinnacle,0.1840777708537468,0.1934480226238849,0.622474206522368,0.1253664797018514,0.1709340831395811,0.7036994371585675,0.058711291151895384,0.022513939484303802,-0.08122523063619957,AWAY,True,True,1.46,2.73,0.5937992813631339,-0.05775203128603079,0.05775203128603046
2024-09-01,Premier League,Chelsea,Crystal Palace,1,1,1.63,4.4,5.06,pinnacle,0.47054180331351153,0.2732043130822774,0.256253883604211,0.5908109054819313,0.21886858543989723,0.19032050907817155,-0.12026910216841974,0.05433572764238015,0.06593337452603942,DRAW,True,False,1.52,2.56,0.35123597981576443,-0.2762150005763924,0.27621500057639237
2024-09-01,Premier League,Newcastle United,Tottenham,2,1,2.5,3.96,2.62,pinnacle,0.6241901449823973,0.1827354114574588,0.19307444356014394,0.38677064849469905,0.2441733892011989,0.3690559623041021,0.23741949648769828,-0.0614379777437401,-0.17598151874395815,HOME,True,True,1.38,3.07,0.6692149152830558,-0.02067272516638241,0.020672725166382633
2024-09-01,Premier League,Manchester United,Liverpool,0,3,3.93,4.31,1.82,pinnacle,0.32419688765660687,0.24559118441397468,0.4302119279294185,0.24562941716168105,0.22397299523095282,0.5303975876073662,0.07856747049492582,0.021618189183021858,-0.10018565967794774,AWAY,False,True,1.43,2.84,0.4807292956081881,-0.1843760908086738,0.18437609080867368
2024-09-14,Premier League,Southampton,Manchester United,0,3,4.5,4.13,1.74,pinnacle,0.23618367958405515,0.2445531631231699,0.519263157292775,0.21386736187993285,0.23302739187886148,0.5531052462412057,0.02231631770412229,0.011525771244308425,-0.03384208894843077,AWAY,False,True,1.61,2.36,0.4337712451377946,-0.16068719314935903,0.1606871931493593
2024-09-14,Premier League,Crystal Palace,Leicester City,2,2,1.62,4.13,5.48,pinnacle,0.4682310017851126,0.24587258595322073,0.2858964122616667,0.5924618985042119,0.23239425558760857,0.17514384590817944,-0.12423089671909932,0.013478330365612162,0.11075256635348724,DRAW,True,True,1.76,2.1,0.46279585278131014,-0.08124559799589198,0.08124559799589193
2024-09-14,Premier League,Fulham,West Ham United,1,1,2.4,3.53,2.97,pinnacle,0.49080496236093085,0.22983013988053588,0.27936489775853324,0.4019345118290453,0.2732699230565747,0.32479556511438,0.08887045053188553,-0.04343978317603883,-0.04543066735584678,DRAW,True,False,1.72,2.16,0.5295077879701899,-0.027193242957645136,0.02719324295764508
2024-09-14,Premier League,Liverpool,Nottingham Forest,0,1,1.21,7.23,12.71,pinnacle,0.7946922739855895,0.1268995228116698,0.07840820320274056,0.7920422821100028,0.1325547941013974,0.0754029237885998,0.002649991875586677,-0.0056552712897275925,0.003005279414140763,AWAY,False,False,1.41,2.91,0.6592541947036733,-0.014356916407437859,0.014356916407437581
2024-09-14,Premier League,Manchester City,Brentford,2,1,1.17,8.43,14.62,pinnacle,0.7428054581210921,0.14778362876056453,0.10941091311834336,0.8204674496771629,0.11387270653882331,0.06565984378401371,-0.07766199155607079,0.03391092222174122,0.04375106933432965,HOME,True,True,1.35,3.22,0.6564591393310245,-0.04813604666459914,0.0481360466645992
2024-09-14,Premier League,Aston Villa,Everton,3,2,1.51,4.45,6.48,pinnacle,0.6308710654357607,0.21101322048030766,0.15811571408393146,0.6359904985189777,0.21580801185700138,0.14820148962402102,-0.005119433083217051,-0.0047947913766937245,0.009914224459910442,HOME,True,True,1.67,2.23,0.4689990369890748,-0.10279583480579707,0.1027958348057969
2024-09-14,Premier League,Bournemouth,Chelsea,0,1,3.32,3.97,2.06,pinnacle,0.3477637154014172,0.2510030747064684,0.4012332098921147,0.29002971863053145,0.24254374454744695,0.46742653682202157,0.057733996770885754,0.008459330159021422,-0.06619332692990687,AWAY,False,False,1.45,2.76,0.46299205266800625,-0.19258989507546165,0.19258989507546187
2024-09-15,Premier League,Tottenham,Arsenal,0,1,3.03,3.62,2.32,pinnacle,0.3300076885011759,0.20214046259360202,0.46785184890522197,0.31816218755445774,0.2663070243895047,0.41553078805603755,0.011845500946718157,-0.06416656179590269,0.05232106084918442,AWAY,False,False,1.58,2.41,0.7135892110385506,0.10957918597589389,-0.10957918597589394
2024-09-15,Premier League,Wolverhampton,Newcastle United,1,2,3.41,3.71,2.1,pinnacle,0.20015513124250842,0.23088024813074437,0.5689646206267474,0.2822509066010701,0.25942738315623964,0.4583217102426901,-0.08209577535856169,-0.028547135025495274,0.11064291038405727,AWAY,True,True,1.56,2.47,0.449977277545788,-0.16292594826066353,0.16292594826066376
2024-09-21,Premier League,West Ham United,Chelsea,0,3,3.59,3.93,1.99,pinnacle,0.446608829294996,0.2530647623623559,0.30032640834264834,0.2689975407157721,0.245725488847232,0.48527697043699586,0.17761128857922392,0.007339273515123923,-0.18495056209434751,AWAY,False,True,1.52,2.54,0.4408148814673488,-0.18480088207944922,0.18480088207944945
2024-09-21,Premier League,Aston Villa,Wolverhampton,3,1,1.59,4.47,5.44,pinnacle,0.6403558188555296,0.20258314019629178,0.15706104094817838,0.6068019673751114,0.21584231054282488,0.1773557220820638,0.03355385148041823,-0.013259170346533095,-0.02029468113388541,HOME,True,True,1.58,2.41,0.5017485251064042,-0.10226149995625244,0.10226149995625217
2024-09-21,Premier League,Fulham,Newcastle United,3,1,2.89,3.54,2.47,pinnacle,0.2803451384198935,0.23290187156535816,0.4867529900147484,0.3348485602790979,0.27336506757248386,0.39178637214841816,-0.05450342185920437,-0.040463196007125696,0.09496661786633026,HOME,True,True,1.68,2.22,0.5158639988656153,-0.053366770365153915,0.053366770365154026
2024-09-21,Premier League,Leicester City,Everton,1,1,2.54,3.43,2.88,pinnacle,0.4955866781308423,0.2391328893467379,0.26528043252241995,0.38132001327887965,0.2823769194543307,0.3363030672667897,0.11426666485196263,-0.043244030107592785,-0.07102263474436976,DRAW,True,False,1.86,1.98,0.4778114268334224,-0.03781357316657746,0.03781357316657763
2024-09-21,Premier League,Liverpool,Bournemouth,3,0,1.28,6.36,9.45,pinnacle,0.7974539879133596,0.12275448218725116,0.07979152989938908,0.7481067678382052,0.15056236836995324,0.10133086379184156,0.04934722007515446,-0.02780788618270208,-0.02153933389245248,HOME,False,True,1.36,3.12,0.6910563511543816,-0.005372220274189932,0.005372220274189821
2024-09-21,Premier League,Tottenham,Brentford,3,1,1.55,4.77,5.48,pinnacle,0.5378154052259038,0.200151336748512,0.26203325802558425,0.6219701097625103,0.20210768765867737,0.17592220257881222,-0.08415470453660656,-0.001956350910165383,0.08611105544677203,HOME,True,True,1.42,2.81,0.6704302311165539,0.006127630643740667,-0.006127630643740667
2024-09-21,Premier League,Crystal Palace,Manchester United,0,0,2.92,3.76,2.35,pinnacle,0.338933119128112,0.28498722734016885,0.37607965353171907,0.33121916842847077,0.2572233967582805,0.4115574348132488,0.007713950699641259,0.02776383058188836,-0.03547778128152973,DRAW,False,False,1.6,2.39,0.33931217571236894,-0.2596853180219669,0.2596853180219668
2024-09-22,Premier League,Brighton & Hove Albion,Nottingham Forest,2,2,1.79,3.91,4.51,pinnacle,0.7267942151507158,0.14968216036748858,0.12352362448179542,0.5391718313821053,0.24683314019794594,0.21399502841994872,0.1876223837686105,-0.09715097983045737,-0.0904714039381533,DRAW,True,True,1.83,2.02,0.6919155647860017,0.16724024011067706,-0.16724024011067706
2024-09-22,Premier League,Manchester City,Arsenal,2,2,1.85,3.66,4.54,pinnacle,0.5672351423191645,0.199594804068861,0.2331700536119742,0.5227518687237309,0.2642325019505197,0.2130156293257494,0.04448327359543358,-0.06463769788165874,0.020154424286224798,DRAW,True,True,2.02,1.82,0.6382709051377494,0.164312571804416,-0.16431257180441639
2024-09-28,Premier League,Newcastle United,Manchester City,1,1,5.18,4.54,1.6,pinnacle,0.3703344277546473,0.2353135024954686,0.39435206974988424,0.18592650988502452,0.2121364143622086,0.6019370757527669,0.1844079178696228,0.02317708813326,-0.20758500600288265,DRAW,True,False,1.49,2.64,0.5387285481418934,-0.10049663345616955,0.10049663345616977
2024-09-28,Premier League,Arsenal,Leicester City,4,2,1.18,8.27,14.09,pinnacle,0.7863711029803908,0.12355351610315109,0.09007538091645796,0.8153735486403596,0.11634108674675021,0.0682853646128903,-0.02900244565996879,0.0072124293564008735,0.021790016303567666,HOME,True,True,1.49,2.55,0.7321276530356245,0.10093953422374335,-0.10093953422374347
2024-09-28,Premier League,Brentford,West Ham United,1,1,2.23,3.63,3.22,pinnacle,0.519498160494277,0.22831410959474344,0.25218772991097943,0.4334874889204535,0.26630223148556786,0.3002102795939786,0.08601067157382347,-0.03798812189082443,-0.04802254968299918,DRAW,True,False,1.66,2.27,0.514514911796151,-0.06309323069748762,0.06309323069748757
2024-09-28,Premier League,Chelsea,Brighton & Hove Albion,4,2,1.75,4.3,4.32,pinnacle,0.3736180007916637,0.22883376837885258,0.39754823082948365,0.5518552627670005,0.22459225810284902,0.22355247913015064,-0.1782372619753368,0.004241510276003557,0.173995751699333,HOME,True,True,1.5,2.58,0.5727226777165491,-0.05963026345992162,0.05963026345992145
2024-09-28,Premier League,Everton,Crystal Palace,2,1,2.76,3.35,2.69,pinnacle,0.3831814176606456,0.29567631546727724,0.32114226687207714,0.3508891476097952,0.2890907604188163,0.3600200919713884,0.03229227005085039,0.006585555048460923,-0.03887782509931126,HOME,True,True,1.87,1.97,0.3070218678546362,-0.20599896547869706,0.20599896547869695
2024-09-28,Premier League,Nottingham Forest,Fulham,0,1,2.49,3.32,3.03,pinnacle,0.3266069218765801,0.23923740194501142,0.4341556761784083,0.3888354186717998,0.2916265640038499,0.3195380173243504,-0.062228496795219745,-0.05238916205883848,0.11461765885405789,AWAY,False,False,2.0,1.85,0.5102422467283224,0.02972276620884179,-0.029722766208841955
2024-09-28,Premier League,Wolverhampton,Liverpool,1,2,8.09,5.63,1.36,pinnacle,0.19803249725011987,0.2162187210438227,0.5857487817060574,0.11925383804292129,0.17136119889293663,0.709384963064142,0.07877865920719858,0.044857522150886064,-0.12363618135808463,AWAY,True,True,1.45,2.77,0.507281822867779,-0.14911628139762378,0.14911628139762367
2024-09-29,Premier League,Manchester United,Tottenham,0,3,2.42,3.9,2.75,pinnacle,0.4587183952654346,0.2216758444404097,0.31960576029415566,0.3999179655455291,0.24815422477440527,0.3519278096800656,0.05880042971990551,-0.026478380333995577,-0.032322049385909934,AWAY,False,True,1.42,2.87,0.5955372364969492,-0.07346043250071987,0.07346043250071976
2024-09-30,Premier League,Bournemouth,Southampton,3,1,1.65,4.37,5.01,pinnacle,0.5308005168802836,0.22660463569277153,0.2425948474269449,0.585852017757227,0.22120270693350672,0.19294527530926636,-0.05505150087694333,0.005401928759264818,0.049649572117678537,HOME,True,True,1.49,2.6,0.5132229380109804,-0.12247388350491217,0.122473883504912
2024-10-05,Premier League,Crystal Palace,Liverpool,0,1,6.38,4.71,1.5,pinnacle,0.23285330556774028,0.23959673537000498,0.5275499590622548,0.1513340530536706,0.20499177462471727,0.6436741723216122,0.08151925251406969,0.03460496074528771,-0.1161242132593574,AWAY,False,False,1.59,2.4,0.44975717748126715,-0.15174658191722906,0.15174658191722912
2024-10-05,Premier League,Arsenal,Southampton,3,1,1.13,9.46,19.13,pinnacle,0.8537025355809633,0.09523280865512022,0.05106465576391638,0.8485219890611484,0.1013562206806657,0.05012179025818597,0.005180546519814921,-0.006123412025545477,0.00094286550573041,HOME,True,True,1.36,3.13,0.7171218616601965,0.020017184600062965,-0.02001718460006302
2024-10-05,Premier League,Brentford,Wolverhampton,5,3,2.14,3.62,3.44,pinnacle,0.5869907585610037,0.22148960468091305,0.19151963675808317,0.45182357807352364,0.2671001262644587,0.28107629566201764,0.13516718048748005,-0.04561052158354567,-0.08955665890393447,HOME,True,True,1.78,2.08,0.47630580238010173,-0.0625543012468413,0.0625543012468413
2024-10-05,Premier League,Leicester City,Bournemouth,1,0,3.35,3.63,2.17,pinnacle,0.547527225034709,0.20787920911028485,0.24459356585500608,0.2884634399112319,0.2662128164470047,0.4453237436417636,0.25906378512347705,-0.05833360733671983,-0.2007301777867575,HOME,False,False,1.69,2.21,0.6075176630314737,0.040850996364807046,-0.0408509963648071
2024-10-05,Premier League,Manchester City,Fulham,3,2,1.23,7.15,10.66,pinnacle,0.7775573391272372,0.13061317851059162,0.09182948236217109,0.7767517653449213,0.133623030961434,0.08962520369364477,0.0008055737823159381,-0.0030098524508423707,0.0022042786685263216,HOME,True,True,1.45,2.74,0.6941107307462615,0.04017278325222806,-0.040172783252227895
2024-10-05,Premier League,Everton,Newcastle United,0,0,3.18,3.59,2.27,pinnacle,0.20000592094743522,0.2394624152397771,0.5605316638127876,0.30425887000123203,0.2695106425080552,0.42623048749071274,-0.10425294905379681,-0.030048227268278077,0.1343011763220749,DRAW,False,False,1.69,2.21,0.41838777055480436,-0.1482788961118623,0.14827889611186224
2024-10-06,Premier League,Aston Villa,Manchester United,0,0,2.22,3.87,3.09,pinnacle,0.48934663261384126,0.24369891115993986,0.2669544562262187,0.4362830405516336,0.25027089147923165,0.3134460679691349,0.053063592062207676,-0.0065719803192917925,-0.04649161174291616,DRAW,False,False,1.53,2.52,0.460129735243602,-0.16209248697862022,0.1620924869786201
2024-10-06,Premier League,Chelsea,Nottingham Forest,1,1,1.5,4.81,6.2,pinnacle,0.5743209072167763,0.22774300827522978,0.19793608450799383,0.6435893562379955,0.20070354144636038,0.15570710231564408,-0.0692684490212192,0.027039466828869402,0.042228982192349745,DRAW,True,False,1.55,2.46,0.4594833329694494,-0.15398300119513914,0.15398300119513925
2024-10-06,Premier League,Brighton & Hove Albion,Tottenham,3,2,2.95,3.99,2.25,pinnacle,0.5266641328253517,0.18544910668901848,0.2878867604856295,0.3278194665059977,0.24237278851947197,0.42980774497453034,0.19884466631935405,-0.05692368183045349,-0.14192098448890084,HOME,True,True,1.39,3.0,0.7841694333488046,0.10079813494333767,-0.10079813494333772
2024-10-19,Premier League,Tottenham,West Ham United,4,1,1.5,5.01,5.88,pinnacle,0.5964479871754867,0.1885733682738188,0.21497864455069432,0.6432923234149601,0.19260249204040722,0.1641051845446327,-0.04684433623947337,-0.004029123766588427,0.05087346000606163,HOME,True,True,1.37,3.08,0.6738524986688889,-0.01828233279178526,0.018282332791785372
2024-10-19,Premier League,Fulham,Aston Villa,1,3,2.46,3.5,2.94,pinnacle,0.38247532484902413,0.2362818686085915,0.3812428065423845,0.3937640630022501,0.2767598842815815,0.3294760527161684,-0.011288738153225952,-0.04047801567299,0.051766753826216094,AWAY,True,True,1.73,2.14,0.5342981176512591,-0.01867345857613112,0.01867345857613112
2024-10-19,Premier League,Manchester United,Brentford,2,1,1.72,4.37,4.43,pinnacle,0.47432541760758073,0.24723007614668716,0.2784445062457319,0.561213041852321,0.22088934370388835,0.21789761444379058,-0.08688762424474028,0.026340732442798803,0.06054689180194134,HOME,True,True,1.49,2.58,0.45309530097938283,-0.1808113329272511,0.18081133292725116
2024-10-19,Premier League,Newcastle United,Brighton & Hove Albion,0,1,2.01,3.91,3.55,pinnacle,0.6063467551411058,0.19015309984486709,0.203500145014027,0.48070829191933534,0.2471160273038015,0.27217568077686305,0.12563846322177047,-0.056962927458934415,-0.06867553576283605,AWAY,False,False,1.51,2.56,0.645789631288666,0.016797002296036978,-0.01679700229603681
2024-10-19,Premier League,Southampton,Leicester City,2,3,2.34,3.53,3.09,pinnacle,0.3433051012769605,0.23399923628929123,0.42269566243374834,0.4131939314733792,0.2739019262458094,0.3129041422808114,-0.06988883019641867,-0.03990268995651816,0.10979152015293692,AWAY,True,True,1.76,2.08,0.5406448624799735,-0.001021804186693287,0.0010218041866933425
2024-10-19,Premier League,Bournemouth,Arsenal,2,0,5.01,4.13,1.68,pinnacle,0.15809124354597703,0.17547829302493675,0.6664304634290863,0.19248470725313138,0.23349839790270902,0.5740168948441596,-0.03439346370715435,-0.05802010487777226,0.09241356858492666,HOME,False,False,1.72,2.15,0.6366529822180941,0.0810974266625385,-0.08109742666253839
2024-10-20,Premier League,Wolverhampton,Manchester City,1,2,9.01,5.92,1.32,pinnacle,0.1352696638852206,0.17874657985472445,0.685983756260055,0.10697799219130748,0.16281616716954062,0.7302058406391518,0.028291671693913126,0.01593041268518383,-0.044222084379096804,AWAY,True,True,1.45,2.75,0.5652983059582797,-0.08946359880362498,0.08946359880362531
2024-10-20,Premier League,Liverpool,Chelsea,2,1,1.62,4.47,5.08,pinnacle,0.6694693381987178,0.18649982766696005,0.14403083413432208,0.5947729880089893,0.2155553110905062,0.18967170090050445,0.07469635018972853,-0.029055483423546163,-0.04564086676618237,HOME,True,True,1.4,2.93,0.5481292917243146,-0.12854507317175945,0.12854507317175923
2024-10-21,Premier League,Nottingham Forest,Crystal Palace,1,0,2.41,3.28,3.19,pinnacle,0.3648238772984805,0.2737560740942577,0.3614200486072618,0.4015673993222264,0.29505409523370907,0.30337850544406453,-0.03674352202374592,-0.021298021139451395,0.05804154316319726,HOME,False,False,2.14,1.73,0.37663537206085446,-0.07039305171175536,0.07039305171175525
2024-10-25,Premier League,Leicester City,Nottingham Forest,1,3,3.14,3.35,2.43,pinnacle,0.551758410105784,0.21295270242793035,0.23528888746628568,0.30964598302757357,0.2902353393153973,0.4001186776570292,0.2421124270782104,-0.07728263688746695,-0.1648297901907435,AWAY,True,True,2.06,1.79,0.5702946268104501,0.10535956187538509,-0.10535956187538514
2024-10-26,Premier League,Aston Villa,Bournemouth,1,1,1.86,4.0,4.03,pinnacle,0.6920632561713514,0.17164007064548698,0.13629667318316163,0.519065681772809,0.2413655420243562,0.2395687762028349,0.17299757439854246,-0.06972547137886922,-0.10327210301967327,DRAW,True,False,1.6,2.39,0.6039888043775812,0.004991310643245317,-0.004991310643245206
2024-10-26,Premier League,Brighton & Hove Albion,Wolverhampton,2,2,1.66,4.34,4.9,pinnacle,0.6751004779751424,0.17428139085505218,0.15061813116980555,0.5809684081695097,0.22221372294041153,0.19681786889007877,0.09413206980563271,-0.04793233208535935,-0.04619973772027322,DRAW,True,True,1.56,2.43,0.6255320503420545,0.016509493951077037,-0.016509493951077092
2024-10-26,Premier League,Manchester City,Southampton,1,0,1.1,11.9,20.73,pinnacle,0.8967207487981894,0.07037809460896953,0.032901156592841145,0.8729811026965814,0.08069573218203693,0.04632316512138155,0.02373964610160806,-0.010317637573067404,-0.013422008528540405,HOME,False,False,1.27,3.73,0.7636476185137221,0.017647618513722096,-0.017647618513722096
2024-10-26,Premier League,Everton,Fulham,1,1,2.8,3.38,2.63,pinnacle,0.3530009770105215,0.26012228677342436,0.38687673621605406,0.3456570259824088,0.28634309844696587,0.3679998755706254,0.007343951028112694,-0.02622081167354151,0.01887686064542865,DRAW,True,False,1.89,1.95,0.4263471959462431,-0.0814653040537569,0.08146530405375685
2024-10-27,Premier League,Chelsea,Newcastle United,2,1,1.75,4.35,4.28,pinnacle,0.26604774013951865,0.2500870611246879,0.4838651987357936,0.5521270443795316,0.22212007532509898,0.22575288029536927,-0.286079304240013,0.02796698579958895,0.2581123184404243,HOME,True,True,1.44,2.78,0.4345144525607866,-0.2242533199510618,0.22425331995106185
2024-10-27,Premier League,Crystal Palace,Tottenham,1,0,4.05,3.98,1.86,pinnacle,0.34064773855584163,0.23368219998462544,0.4256700614595329,0.23837860813787243,0.24257119672321187,0.5190501951389157,0.1022691304179692,-0.008888996738586424,-0.0933801336793828,HOME,False,False,1.59,2.4,0.5414912336646128,-0.06001252573388338,0.06001252573388344
2024-10-27,Premier League,West Ham United,Manchester United,2,1,2.94,3.73,2.35,pinnacle,0.3834170171405895,0.2580192839462734,0.358563698913137,0.32902663969039847,0.25934003235650716,0.4116333279530943,0.05439037745019104,-0.001320748410233774,-0.05306962903995732,HOME,True,True,1.51,2.53,0.4351433602204469,-0.1910942635419292,0.19109426354192927
2024-10-27,Premier League,Arsenal,Liverpool,2,2,2.54,3.4,2.9,pinnacle,0.5087277045528056,0.2138026714096481,0.2774696240375464,0.38125435001159996,0.2848194261851365,0.3339262238032635,0.12747335454120562,-0.07101675477548841,-0.0564565997657171,DRAW,True,True,1.89,1.94,0.6092027128027943,0.10267529765919114,-0.10267529765919109
2024-11-02,Premier League,Newcastle United,Arsenal,1,0,3.85,3.69,1.99,pinnacle,0.4456857817025453,0.23199748511810533,0.3223167331793494,0.2513804683835939,0.26228043449236765,0.48633909712403844,0.1943053133189514,-0.03028294937426232,-0.16402236394468905,HOME,False,False,1.82,2.02,0.5434110557410526,0.0173693890743859,-0.017369389074386066
2024-11-02,Premier League,Bournemouth,Manchester City,2,1,5.29,4.48,1.6,pinnacle,0.11404232454637954,0.14845028354471673,0.7375073919089038,0.18224717272801239,0.21519811243999676,0.602554714831991,-0.06820484818163285,-0.06674782889528003,0.13495267707691283,HOME,True,True,1.57,2.42,0.668218617819155,0.06170232709233803,-0.06170232709233786
2024-11-02,Premier League,Liverpool,Brighton & Hove Albion,2,1,1.39,5.54,7.11,pinnacle,0.6217853177600025,0.17896508185553828,0.19924960038445938,0.6913708096305438,0.17346668328275375,0.13516250708670263,-0.0695854918705413,0.00549839857278453,0.06408709329775675,HOME,True,True,1.39,2.99,0.7028950141464707,0.0202466123199867,-0.02024661231998659
2024-11-02,Premier League,Nottingham Forest,West Ham United,3,0,2.15,3.51,3.53,pinnacle,0.34413703912171545,0.2473879735008494,0.408474987377435,0.45012587961331524,0.27571813138707346,0.2741559889996113,-0.10598884049159979,-0.02833015788622406,0.13431899837782368,HOME,False,True,1.86,1.98,0.4780191620269256,-0.03760583797307426,0.037605837973074374
2024-11-02,Premier League,Southampton,Everton,1,0,2.7,3.45,2.69,pinnacle,0.36083252867289084,0.2735006367676483,0.36566683455946086,0.35889552758280635,0.2808747607169789,0.3602297117002146,0.0019370010900844892,-0.007374123949330624,0.005437122859246246,HOME,False,False,1.83,2.02,0.377510131278236,-0.1471651933970886,0.14716519339708867
2024-11-02,Premier League,Wolverhampton,Crystal Palace,2,2,2.55,3.34,2.92,pinnacle,0.3897071901641039,0.2860917927506722,0.3242010170852237,0.37925322175471887,0.2895496154115369,0.3311971628337442,0.010453968409385006,-0.0034578226608646956,-0.006996145748520477,DRAW,True,True,1.89,1.95,0.3343674966275238,-0.1734450033724762,0.17344500337247593
2024-11-03,Premier League,Tottenham,Aston Villa,4,1,1.97,4.07,3.55,pinnacle,0.47594479957039326,0.2086657730250264,0.31538942740458026,0.490446335527276,0.2373904867294186,0.2721631777433053,-0.01450153595688275,-0.028724713704392196,0.043226249661274974,HOME,True,True,1.44,2.78,0.6663662423141535,0.007598469802305163,-0.007598469802305219
2024-11-03,Premier League,Manchester United,Chelsea,1,1,2.61,3.81,2.58,pinnacle,0.504776126739233,0.2545401608699558,0.24068371239081132,0.37082809900519476,0.25403184735001527,0.37514005364479,0.13394802773403824,0.0005083135199405175,-0.13445634125397865,DRAW,True,False,1.44,2.79,0.40152623051536146,-0.2580482375697449,0.2580482375697451
2024-11-04,Premier League,Fulham,Brentford,2,1,2.04,3.73,3.61,pinnacle,0.4370992713416721,0.23476416152753274,0.3281365671307951,0.47348174507452817,0.25895516352601544,0.2675630913994564,-0.03638247373285608,-0.024191001998482703,0.0605734757313387,HOME,True,True,1.67,2.23,0.5320972779659695,-0.03969759382890237,0.039697593828902256
2024-11-09,Premier League,Brentford,Bournemouth,3,2,2.59,3.56,2.73,pinnacle,0.6374971059452654,0.19197171728168366,0.1705311767730509,0.3736577226363808,0.27184648922141186,0.3544957881422074,0.2638393833088846,-0.0798747719397282,-0.18396461136915648,HOME,True,True,1.6,2.39,0.5759934897900747,-0.023004003944261164,0.023004003944261275
2024-11-09,Premier League,Crystal Palace,Fulham,0,2,2.79,3.44,2.6,pinnacle,0.39561813295110826,0.26231317390820297,0.34206869314068883,0.34672579819814237,0.281210749120005,0.37206345268185276,0.048892334752965894,-0.01889757521180202,-0.02999475954116393,AWAY,False,False,1.93,1.91,0.4166095470377299,-0.08078628629560353,0.08078628629560325
2024-11-09,Premier League,West Ham United,Everton,0,0,2.2,3.55,3.37,pinnacle,0.5250330298376105,0.24674549215006017,0.22822147801232956,0.4400367816091954,0.27269885057471266,0.28726436781609194,0.08499624822841506,-0.02595335842465249,-0.05904288980376238,DRAW,False,False,1.81,2.03,0.4191505887125153,-0.10949524462081794,0.10949524462081817
2024-11-09,Premier League,Wolverhampton,Southampton,2,0,1.99,3.84,3.7,pinnacle,0.5341583439463184,0.24217565237918923,0.2236660036744924,0.48636547243312817,0.2520487734744597,0.26158575409241214,0.04779287151319028,-0.00987312109527047,-0.03791975041791973,HOME,False,False,1.66,2.26,0.4317437796278304,-0.14478683261706748,0.1447868326170677
2024-11-09,Premier League,Brighton & Hove Albion,Manchester City,2,1,4.49,4.18,1.74,pinnacle,0.2663490204779907,0.19561134788831766,0.5380396316336916,0.21484019613635022,0.2307733207301944,0.5543864831334554,0.051508824341640475,-0.03516197284187675,-0.01634685149976378,HOME,True,True,1.53,2.5,0.7017421155119663,0.0813947209710234,-0.08139472097102335
2024-11-09,Premier League,Liverpool,Aston Villa,2,0,1.42,5.45,6.7,pinnacle,0.5884122056815252,0.20389398219472213,0.20769381212375249,0.6791214105043891,0.17694539503050136,0.14393319446510933,-0.09070920482286393,0.026948587164220772,0.06376061765864316,HOME,False,False,1.43,2.83,0.5791932038694533,-0.08512604495683773,0.08512604495683773
2024-11-10,Premier League,Manchester United,Leicester City,3,0,1.39,5.34,7.62,pinnacle,0.590103526734429,0.20965148875941145,0.20024498450615932,0.6931379162322929,0.18042353999305002,0.12643854377465708,-0.10303438949786392,0.029227948766361422,0.07380644073150225,HOME,False,True,1.46,2.72,0.5401650558441381,-0.11055264750514426,0.1105526475051441
2024-11-10,Premier League,Nottingham Forest,Newcastle United,1,3,2.71,3.29,2.78,pinnacle,0.17378759414796657,0.20667673288758617,0.6195356729644474,0.3573306662395149,0.29433620228239676,0.3483331314780883,-0.18354307209154835,-0.08765946939481059,0.27120254148635914,AWAY,True,True,1.94,1.9,0.5127387625636346,0.017947095896967913,-0.017947095896967802
2024-11-10,Premier League,Chelsea,Arsenal,1,1,2.75,3.53,2.59,pinnacle,0.24702076466433237,0.22693188596686864,0.5260473493687989,0.3520119202085267,0.2742302494542347,0.37375783033723875,-0.1049911555441943,-0.047298363487366046,0.15228951903156018,DRAW,True,False,1.71,2.17,0.5160058663454705,-0.04327248416999341,0.043272484169993464
2024-11-23,Premier League,Leicester City,Chelsea,1,2,7.05,4.78,1.46,pinnacle,0.4114131529638156,0.24109921409565876,0.3474876329405257,0.13691760772834646,0.20193914947381642,0.6611432427978373,0.27449554523546915,0.03916006462184235,-0.3136556098573116,AWAY,True,True,1.48,2.64,0.5072734969350697,-0.13350320209405653,0.13350320209405642
2024-11-23,Premier League,Arsenal,Nottingham Forest,3,0,1.38,5.03,8.73,pinnacle,0.8194745225163209,0.1130198738050525,0.06750560367862656,0.6981146473727639,0.19153045991539044,0.11035489271184581,0.12135987514355706,-0.07851058611033794,-0.04284928903321926,HOME,False,True,1.81,2.03,0.6932587971866309,0.1646129638532976,-0.1646129638532975
2024-11-23,Premier League,Aston Villa,Crystal Palace,2,2,1.63,4.06,5.59,pinnacle,0.5822570601662737,0.22968281291292938,0.18806012692079693,0.590643046566159,0.23713009012385203,0.1722268633099891,-0.008385986399885303,-0.007447277210922643,0.015833263610807835,DRAW,True,True,1.75,2.11,0.44013570914452693,-0.10649641520780462,0.10649641520780456
2024-11-23,Premier League,Bournemouth,Brighton & Hove Albion,1,2,2.42,3.62,2.91,pinnacle,0.2621644973310757,0.20051085208380157,0.5373246505851227,0.3999802557637982,0.2673901157315999,0.3326296285046019,-0.13781575843272248,-0.06687926364779831,0.20469502208052076,AWAY,True,True,1.57,2.41,0.668498278102165,0.06297063991121021,-0.06297063991121027
2024-11-23,Premier League,Everton,Brentford,0,0,2.5,3.38,2.97,pinnacle,0.3230818782888209,0.26361954097555534,0.41329858073562376,0.3873873178562608,0.2865290812546308,0.32608360088910837,-0.06430543956743989,-0.022909540279075435,0.08721497984651538,DRAW,False,False,1.84,2.01,0.4081192766961955,-0.11395864538172651,0.11395864538172668
2024-11-23,Premier League,Fulham,Wolverhampton,1,4,1.64,4.11,5.43,pinnacle,0.5613737026223473,0.22540613272355772,0.2132201646540951,0.5878713164695005,0.2345763890535233,0.1775522944769762,-0.026497613847153212,-0.00917025632996557,0.03566787017711889,AWAY,True,True,1.68,2.21,0.48701915262866974,-0.08110424068752559,0.08110424068752581
2024-11-23,Premier League,Manchester City,Tottenham,0,4,1.48,4.98,6.13,pinnacle,0.7491202357388342,0.13322789034752403,0.11765187391364187,0.6499312329945369,0.19315225398231217,0.15691651302315085,0.09918900274429732,-0.05992436363478815,-0.039264639109508975,AWAY,False,True,1.31,3.46,0.7766261695769512,0.05125929326667866,-0.05125929326667883
2024-11-24,Premier League,Southampton,Liverpool,2,3,10.83,5.79,1.28,pinnacle,0.137805781526771,0.1761268746617443,0.6860673438114848,0.08825031882856846,0.1650692492078405,0.746680431963591,0.049555462698202546,0.011057625453903791,-0.0606130881521062,AWAY,True,True,1.44,2.8,0.5845392089436748,-0.07583814954689116,0.07583814954689139
2024-11-25,Premier League,Newcastle United,West Ham United,0,2,1.5,4.58,6.49,pinnacle,0.6739566646537565,0.18515018243492393,0.14089315291131949,0.6415867314782038,0.21012665878107112,0.14828660974072505,0.0323699331755527,-0.02497647634614719,-0.007393456829405565,AWAY,False,False,1.55,2.45,0.5475727668868585,-0.06492723311314152,0.06492723311314141
2024-11-29,Premier League,Brighton & Hove Albion,Southampton,1,1,1.39,5.33,7.66,pinnacle,0.7726927592094097,0.1311720253085792,0.09613521548201104,0.6933610036020034,0.18082022420389954,0.1258187721940972,0.07933175560740635,-0.04964819889532035,-0.029683556712086168,DRAW,True,False,1.43,2.84,0.7082583711594854,0.043152984742623524,-0.0431529847426238
2024-11-30,Premier League,Brentford,Leicester City,4,1,1.65,4.33,4.98,pinnacle,0.5859506826120473,0.20130738479268845,0.2127419325952643,0.5839799159916479,0.22253276244485426,0.19348732156349777,0.001970766620399411,-0.02122537765216581,0.01925461103176654,HOME,True,True,1.58,2.41,0.6000297667464695,-0.003980258316187202,0.003980258316187257
2024-11-30,Premier League,Crystal Palace,Newcastle United,1,1,3.16,3.52,2.31,pinnacle,0.23295671704110346,0.2547833785154405,0.5122599044434559,0.30621375310687654,0.27489643744821873,0.4188898094449047,-0.07325703606577308,-0.02011305893277826,0.0933700949985512,DRAW,True,False,1.79,2.08,0.3950991303440722,-0.14236856991432578,0.14236856991432567
2024-11-30,Premier League,Wolverhampton,Bournemouth,2,4,2.86,3.6,2.46,pinnacle,0.48187796911793845,0.24372957627998407,0.2743924546020775,0.33817531961691794,0.2686615039178848,0.3931631764651972,0.14370264950102052,-0.024931927637900725,-0.11877072186311971,AWAY,True,True,1.65,2.27,0.46483800847099915,-0.11424362418206208,0.11424362418206213
2024-11-30,Premier League,West Ham United,Arsenal,2,5,7.07,4.76,1.46,pinnacle,0.24089127460916493,0.213701205077019,0.545407520313816,0.13646735395189002,0.20269415807560137,0.6608384879725085,0.1044239206572749,0.011007047001417636,-0.11543096765869254,AWAY,True,True,1.7,2.19,0.5730172373862388,0.01003523224485059,-0.010035232244850645
2024-12-01,Premier League,Chelsea,Aston Villa,3,0,1.7,4.3,4.6,pinnacle,0.35979266326028725,0.2544993416195562,0.38570799512015647,0.5665998281294758,0.22400458321397881,0.20939558865654542,-0.2068071648691886,0.03049475840557736,0.17631240646361104,HOME,False,True,1.53,2.51,0.4496387719945718,-0.17164835671829948,0.17164835671829942
2024-12-01,Premier League,Manchester United,Everton,4,0,1.55,4.36,6.17,pinnacle,0.577785795216986,0.2417246517941965,0.18048955298881747,0.6223859222121709,0.2212610503277213,0.1563530274601078,-0.0446001269951849,0.02046360146647519,0.02413652552870968,HOME,False,True,1.75,2.11,0.3899209636092048,-0.15671116074312674,0.1567111607431268
2024-12-01,Premier League,Tottenham,Fulham,1,1,1.75,4.35,4.28,pinnacle,0.579190113011683,0.18884375745331064,0.23196612953500642,0.5521270443795316,0.22212007532509898,0.22575288029536927,0.027063068632151355,-0.033276317871788336,0.0062132492396371475,DRAW,True,False,1.42,2.84,0.6982994847685572,0.03163281810189056,-0.0316328181018905
2024-12-01,Premier League,Liverpool,Manchester City,2,0,2.08,3.76,3.48,pinnacle,0.3762367302595252,0.2243402328580032,0.3994230368824717,0.46492325184764066,0.2571915861284821,0.2778851620238772,-0.08868652158811546,-0.03285135327047889,0.12153787485859452,HOME,False,False,1.54,2.42,0.597487512024149,-0.013623599086962201,0.01362359908696209
2024-12-03,Premier League,Leicester City,West Ham United,3,1,2.95,3.43,2.52,pinnacle,0.42552526313031647,0.22969885032968462,0.3447758865399989,0.3299575127595329,0.28378270047831544,0.3862597867621516,0.09556775037078358,-0.05408385014863082,-0.0414839002221527,HOME,True,True,1.79,2.06,0.5629194283679823,0.027854493303047123,-0.02785449330304729
2024-12-04,Premier League,Everton,Wolverhampton,4,0,2.16,3.4,3.62,pinnacle,0.43224395945528093,0.2789363325088877,0.2888197080358313,0.44803284894726114,0.2846326334488483,0.26733451760389065,-0.015788889491980207,-0.005696300939960597,0.021485190431940637,HOME,False,True,1.98,1.86,0.3474675041170924,-0.13690749588290763,0.13690749588290763
2024-12-04,Premier League,Manchester City,Nottingham Forest,3,0,1.36,5.41,8.26,pinnacle,0.8690962583644859,0.08620090561964608,0.044702836015868,0.7061971181046117,0.17752829586363625,0.11627458603175207,0.16289914025987418,-0.09132739024399017,-0.07157175001588408,HOME,False,True,1.59,2.4,0.7379326965290738,0.13642893713057758,-0.13642893713057747
2024-12-04,Premier League,Newcastle United,Liverpool,3,3,4.29,4.04,1.8,pinnacle,0.4676999291814413,0.23315783032544427,0.2991422404931144,0.22496102160516737,0.23888187690251686,0.5361571014923157,0.24273890757627395,-0.0057240465770725946,-0.23701486099920127,DRAW,True,True,1.59,2.38,0.5263973432942216,-0.07309887836824691,0.07309887836824697
2024-12-04,Premier League,Southampton,Chelsea,1,5,8.92,5.79,1.33,pinnacle,0.28784381953167526,0.25660846194938713,0.45554771851893755,0.1081390401215541,0.1665976231233614,0.7252633367550846,0.17970477941012114,0.09001083882602573,-0.26971561823614704,AWAY,True,True,1.43,2.83,0.42178501117589634,-0.24253423765039467,0.24253423765039483
2024-12-04,Premier League,Arsenal,Manchester United,2,0,1.45,4.87,7.03,pinnacle,0.6343291846884214,0.19681964874106134,0.16885116657051738,0.6648935447096683,0.197966250478238,0.13714020481209374,-0.03056436002124696,-0.0011466017371766501,0.03171096175842364,HOME,False,False,1.63,2.31,0.5491820584302198,-0.037112357813435026,0.03711235781343497
2024-12-04,Premier League,Aston Villa,Brentford,3,1,1.8,3.91,4.44,pinnacle,0.5235931507879216,0.22499913539241065,0.2514077138196678,0.5359736218138709,0.24673977474807354,0.21728660343805573,-0.012380471025949302,-0.021740639355662894,0.034121110381612085,HOME,True,True,1.57,2.42,0.5290473342260049,-0.07746895650081209,0.07746895650081215
2024-12-05,Premier League,Fulham,Brighton & Hove Albion,3,1,2.37,3.69,2.94,pinnacle,0.39634468528847133,0.21387213499555965,0.3897831797159691,0.4084301833090502,0.26232507708467456,0.3292447396062752,-0.012085498020578844,-0.04845294208911491,0.06053844010969389,HOME,True,True,1.62,2.33,0.6589635853703381,0.06909016764881903,-0.06909016764881903
2024-12-05,Premier League,Bournemouth,Tottenham,1,0,2.67,3.92,2.47,pinnacle,0.2730083324274386,0.19951627071867412,0.5274753968538874,0.3620441449762,0.24659639466491173,0.39135946035888824,-0.08903581254876142,-0.04708012394623762,0.1361159364949992,HOME,False,False,1.41,2.9,0.6856996161770759,0.012845787870811254,-0.012845787870811254
2024-12-07,Premier League,Aston Villa,Southampton,1,0,1.37,5.48,7.77,pinnacle,0.7358177588149808,0.15834100051338196,0.10584124067163715,0.7011053462666366,0.17527633656665914,0.12361831716670427,0.03471241254834423,-0.016935336053277183,-0.017777076495067115,HOME,False,False,1.44,2.81,0.586918447182833,-0.07425802340540222,0.07425802340540205
2024-12-07,Premier League,Brentford,Newcastle United,4,2,2.88,3.75,2.38,pinnacle,0.3075973847121829,0.24204499840600818,0.450357616881809,0.3357863608659337,0.2578839251450371,0.40632971398902906,-0.028188976153750822,-0.015838926739028925,0.04402790289277991,HOME,True,True,1.57,2.45,0.48993636629737464,-0.11951637002103338,0.11951637002103327
2024-12-07,Premier League,Crystal Palace,Manchester City,2,2,5.38,4.39,1.6,pinnacle,0.16587285588559883,0.20665149256287285,0.6274756515515284,0.17895450214266423,0.21931098440262725,0.6017345134547084,-0.013081646257065399,-0.0126594918397544,0.025741138096819993,DRAW,True,True,1.64,2.31,0.4997030955277648,-0.08510703105451356,0.08510703105451373
2024-12-07,Premier League,Manchester United,Nottingham Forest,2,3,1.68,4.05,5.18,pinnacle,0.6373168198674649,0.2065384294803802,0.15614475065215486,0.5749971221365259,0.23851732473811446,0.18648555312535975,0.06231969773093904,-0.03197889525773426,-0.030340802473204892,AWAY,True,True,1.79,2.05,0.48363572043997566,-0.05021844622669097,0.05021844622669103
2024-12-08,Premier League,Fulham,Arsenal,1,1,5.33,4.22,1.63,pinnacle,0.2587074446822747,0.21231085564252486,0.5289816996752006,0.1807346994542698,0.22827392134863936,0.5909913791970909,0.0779727452280049,-0.0159630657061145,-0.06200967952189029,DRAW,True,False,1.78,2.06,0.5994331653738467,0.06297483204051335,-0.0629748320405133
2024-12-08,Premier League,Leicester City,Brighton & Hove Albion,2,2,4.69,4.07,1.73,pinnacle,0.3234831006020232,0.20336352758438528,0.47315337181359146,0.20562098641770166,0.23694408508575449,0.5574349284965439,0.11786211418432152,-0.03358055750136921,-0.0842815566829524,DRAW,True,True,1.59,2.39,0.7026248588489249,0.10212234628611072,-0.10212234628611111
2024-12-08,Premier League,Tottenham,Chelsea,3,4,3.23,4.13,2.07,pinnacle,0.5760268762787346,0.20088120187235733,0.22309192184890808,0.2991800553628859,0.23398343312884293,0.4668365115082712,0.2768468209158487,-0.03310223125648559,-0.24374458965936313,AWAY,True,True,1.35,3.26,0.6173108601858994,-0.08984749122407887,0.08984749122407887
2024-12-09,Premier League,West Ham United,Wolverhampton,2,1,1.95,3.88,3.76,pinnacle,0.5325217067860721,0.23843249582437936,0.22904579738954864,0.4947569760028216,0.24865363484677888,0.25658938915039947,0.037764730783250544,-0.010221139022399517,-0.027543591760850833,HOME,True,True,1.6,2.36,0.45081966305839727,-0.14513993290119875,0.14513993290119875
2024-12-14,Premier League,Arsenal,Everton,0,0,1.23,6.63,12.95,pinnacle,0.7640734888114984,0.14719490736034252,0.08873160382815926,0.7809442987614368,0.14488106900099051,0.07417463223757276,-0.016870809949938392,0.002313838359352005,0.014556971590586498,DRAW,False,False,1.66,2.23,0.5874121017100618,0.014147320219059178,-0.014147320219059012
2024-12-14,Premier League,Liverpool,Fulham,2,2,1.32,6.04,8.88,pinnacle,0.6812919760992309,0.17200329380388685,0.14670473009688226,0.7314263271584736,0.15984813772337503,0.10872553511815147,-0.05013435105924269,0.01215515608051182,0.037979194978730785,DRAW,True,True,1.47,2.66,0.628419246636563,-0.01564854997360654,0.015648549973606485
2024-12-14,Premier League,Newcastle United,Leicester City,4,0,1.3,6.02,8.95,pinnacle,0.7402003588880496,0.15011678771153839,0.109682853400412,0.7346468502863376,0.15864466866648486,0.10670848104717753,0.005553508601711998,-0.00852788095494647,0.0029743723532344724,HOME,False,True,1.45,2.75,0.6439076206461064,-0.010854284115798252,0.01085428411579853
2024-12-14,Premier League,Nottingham Forest,Aston Villa,2,1,2.67,3.38,2.76,pinnacle,0.25117031710643417,0.2297245894695641,0.5191050934240018,0.36266940355951577,0.2864873690839962,0.3508432273564881,-0.1114990864530816,-0.0567627796144321,0.1682618660675137,HOME,True,True,1.87,1.96,0.5072561980915512,-0.00449314916693444,0.004493149166934385
2024-12-15,Premier League,Brighton & Hove Albion,Crystal Palace,1,3,1.9,3.89,3.97,pinnacle,0.6147468130959084,0.2001539202276014,0.1850992666764903,0.5083829043397536,0.2483104160014221,0.2433066796588242,0.10636390875615476,-0.048156495773820696,-0.058207412982333895,AWAY,True,True,1.72,2.13,0.5618705224531942,0.008623769206441034,-0.008623769206440979
2024-12-15,Premier League,Manchester City,Manchester United,1,2,1.6,4.65,5.07,pinnacle,0.7040843876835399,0.17060157067421425,0.1253140416422462,0.6025301897642323,0.20732221583285412,0.19014759440291354,0.10155419791930753,-0.036720645158639875,-0.06483355276066735,AWAY,True,True,1.43,2.78,0.5805678482628299,-0.07976469330486613,0.07976469330486635
2024-12-15,Premier League,Chelsea,Brentford,2,1,1.33,6.05,8.44,pinnacle,0.4100383070330103,0.2544619461889996,0.3354997467779901,0.725996215185608,0.15959916796642293,0.11440461684796903,-0.31595790815259767,0.09486277822257666,0.22109512993002106,HOME,True,True,1.32,3.32,0.446302594447494,-0.2692146469318164,0.26921464693181624
2024-12-15,Premier League,Southampton,Tottenham,0,5,4.47,4.51,1.69,pinnacle,0.21603812358008248,0.19267146457075712,0.5912904118491604,0.21569848228006078,0.21378541370108017,0.570516104018859,0.00033964130002170356,-0.02111394913032305,0.02077430783030143,AWAY,False,True,1.3,3.46,0.6521224952198847,-0.07476826108263623,0.07476826108263618
2024-12-16,Premier League,Bournemouth,West Ham United,1,1,1.72,4.27,4.49,pinnacle,0.35892334748715443,0.23947773459339874,0.401598917919447,0.5599468450181808,0.22555235911739366,0.21450079586442558,-0.20102349753102638,0.013925375476005086,0.18709812205502144,DRAW,True,False,1.51,2.54,0.5169380350569789,-0.11022245877018166,0.11022245877018189
2024-12-21,Premier League,Aston Villa,Manchester City,2,1,3.3,3.79,2.14,pinnacle,0.26998279757403243,0.21843036551713269,0.5115868369088349,0.293017240133528,0.2551337447072935,0.45184901515917864,-0.02303444255949555,-0.03670337919016081,0.05973782174965625,HOME,True,True,1.59,2.39,0.5782481560851265,-0.022254356477687698,0.022254356477687698
2024-12-21,Premier League,Brentford,Nottingham Forest,0,2,2.39,3.47,3.07,pinnacle,0.638005087830076,0.19708688362400784,0.1649080285459159,0.40530751231761375,0.2791599292331691,0.3155325584492173,0.23269757551246228,-0.08207304560916129,-0.15062452990330139,AWAY,False,False,1.72,2.13,0.5406135430716055,-0.012633210175147735,0.012633210175147624
2024-12-21,Premier League,West Ham United,Brighton & Hove Albion,1,1,2.8,3.83,2.41,pinnacle,0.37076554622851504,0.21878873896392842,0.4104457148075565,0.3456743426596211,0.25271231317152454,0.40161334416885436,0.02509120356889394,-0.03392357420759612,0.008832370638702125,DRAW,True,False,1.51,2.56,0.6283396829140605,-0.0006529460785684726,0.0006529460785684726
2024-12-21,Premier League,Crystal Palace,Arsenal,1,5,6.75,4.17,1.54,pinnacle,0.21503150400480323,0.2286477887431917,0.5563207072520051,0.14281997050993786,0.231183405501698,0.6259966239883641,0.07221153349486537,-0.002535616758506304,-0.06967591673635898,AWAY,True,True,1.83,2.01,0.47562501479215635,-0.047812485207843536,0.047812485207843536
2024-12-22,Premier League,Everton,Chelsea,0,0,5.48,4.09,1.64,pinnacle,0.3554999178395792,0.2821474568823813,0.3623526252780395,0.1760155347958434,0.23583499527658236,0.5881494699275742,0.1794843830437358,0.04631246160579894,-0.2257968446495347,DRAW,False,False,1.66,2.25,0.34889604120937107,-0.22655152912310977,0.22655152912310977
2024-12-22,Premier League,Fulham,Southampton,0,0,1.42,5.06,7.35,pinnacle,0.6619116240312538,0.18697609592826797,0.15111228004047814,0.6785044478337335,0.19041033911539557,0.13108521305087095,-0.016592823802479728,-0.0034342431871275947,0.020027066989607184,DRAW,False,False,1.54,2.46,0.5611597861766559,-0.05384021382334414,0.05384021382334414
2024-12-22,Premier League,Leicester City,Wolverhampton,0,3,2.63,3.58,2.68,pinnacle,0.5016048794109599,0.23177826144489663,0.26661685914414346,0.36819120276918593,0.27048683331926227,0.3613219639115518,0.13341367664177395,-0.03870857187436563,-0.09470510476740834,AWAY,False,True,1.66,2.24,0.5109432864566269,-0.06341568790234742,0.06341568790234742
2024-12-22,Premier League,Manchester United,Bournemouth,0,3,1.86,3.87,4.16,pinnacle,0.6379722275506123,0.20062822643361694,0.1613995460157705,0.5187433542774288,0.24931851135814403,0.23193813436442726,0.11922887327318354,-0.048690284924527094,-0.07053858834865676,AWAY,False,True,1.6,2.36,0.5180673098703608,-0.07789228608923526,0.07789228608923504
2024-12-22,Premier League,Tottenham,Liverpool,3,6,4.47,4.37,1.71,pinnacle,0.35587659804454613,0.20733683635685848,0.4367865655985953,0.21566047047211714,0.22059549267971706,0.5637440368481658,0.140216127572429,-0.01325865632285858,-0.12695747124957046,AWAY,True,True,1.29,3.52,0.6928781567435058,-0.038930575065226014,0.03893057506522585
2024-12-26,Premier League,Manchester City,Everton,1,1,1.34,5.73,8.52,pinnacle,0.8195426249771673,0.11842681253126426,0.062030562491568464,0.718838070164589,0.1681052380489615,0.11305669178644946,0.10070455481257834,-0.04967842551769723,-0.051026129294881,DRAW,True,False,1.55,2.44,0.6325546431236957,0.02102582106855788,-0.02102582106855766
2024-12-26,Premier League,Bournemouth,Crystal Palace,0,0,1.92,3.85,3.94,pinnacle,0.3808446633774711,0.26365477893153,0.35550055769099875,0.5035218981736586,0.25110702454374656,0.245371077282595,-0.12267723479618747,0.012547754387783439,0.11012948040840376,DRAW,False,False,1.72,2.13,0.41293191199324336,-0.14031484125350985,0.14031484125350974
2024-12-26,Premier League,Chelsea,Fulham,1,2,1.47,4.98,6.32,pinnacle,0.44444488297538876,0.24681234402688423,0.30874277299772696,0.65454636203691,0.19320946831209992,0.15224416965099014,-0.2101014790615212,0.05360287571478431,0.15649860334673682,AWAY,True,True,1.45,2.72,0.46980083391880195,-0.18247734353923167,0.1824773435392315
2024-12-26,Premier League,Newcastle United,Aston Villa,3,0,1.94,4.02,3.69,pinnacle,0.5726237124561232,0.21698892513245915,0.2103873624114177,0.49792556191089987,0.24029243535003628,0.2617820027390639,0.07469815054522333,-0.023303510217577122,-0.05139464032764618,HOME,False,True,1.61,2.34,0.5202428270782515,-0.07216223621288764,0.07216223621288781
2024-12-26,Premier League,Nottingham Forest,Tottenham,1,0,2.37,3.81,2.87,pinnacle,0.2621955682717486,0.2039449047100869,0.5338595270181645,0.408524898846684,0.2541217874715594,0.3373533136817565,-0.1463293305749354,-0.0501768827614725,0.19650621333640805,HOME,False,False,1.48,2.64,0.6489144766215056,0.008137777592379325,-0.008137777592379436
2024-12-26,Premier League,Southampton,West Ham United,0,1,3.28,3.62,2.21,pinnacle,0.29615351385081357,0.24459806660915018,0.4592484195400363,0.2949643470758703,0.2672605133726118,0.4377751395515179,0.00118916677494324,-0.02266244676346163,0.02147327998851839,AWAY,False,False,1.66,2.23,0.473475338132759,-0.09978944335824358,0.09978944335824352
2024-12-26,Premier League,Wolverhampton,Manchester United,2,0,3.95,3.74,1.94,pinnacle,0.3047212909587915,0.26996203059386775,0.4253166784473409,0.24436540974551718,0.25808646216438313,0.4975481280900995,0.06035588121327434,0.011875568429484618,-0.07223144964275863,HOME,False,False,1.67,2.22,0.38093455978493285,-0.1897595276186661,0.18975952761866632
2024-12-26,Premier League,Liverpool,Leicester City,3,1,1.08,13.84,24.96,pinnacle,0.7589624454938662,0.13711122063081796,0.10392633387531587,0.8918188802696474,0.06959280279560834,0.038588316934744356,-0.13285643477578124,0.06751841783520962,0.06533801694057151,HOME,True,True,1.19,4.41,0.7012808177724262,-0.08621918222757374,0.08621918222757369
2024-12-27,Premier League,Brighton & Hove Albion,Brentford,0,0,1.64,4.54,4.96,pinnacle,0.5472512201630851,0.20108536207770542,0.2516634177592095,0.591058942107805,0.21351027864687228,0.19543077924532265,-0.043807721944719824,-0.01242491656916686,0.05623263851388682,DRAW,False,False,1.44,2.78,0.6532633945442542,-0.005504377967594176,0.005504377967594121
2024-12-29,Premier League,Leicester City,Manchester City,0,2,8.42,5.9,1.33,pinnacle,0.14649567834849136,0.16216156418722055,0.691342757464288,0.11418202771682509,0.162951300572147,0.7228666717110279,0.032313650631666274,-0.0007897363849264372,-0.03152391424673995,AWAY,False,False,1.36,3.07,0.6842376948533672,-0.008764562482975968,0.008764562482975913
2024-12-29,Premier League,Crystal Palace,Southampton,2,1,1.64,4.13,5.4,pinnacle,0.5667224616401135,0.2411524359347349,0.1921251024251514,0.5879592525414435,0.23347534483485893,0.17856540262369766,-0.021236790901330016,0.007677091099875966,0.013559699801453745,HOME,True,True,1.75,2.09,0.40430259333430485,-0.1399682399990284,0.13996823999902835
2024-12-29,Premier League,Everton,Nottingham Forest,0,2,2.69,3.18,2.88,pinnacle,0.4771226967308938,0.25984511466817,0.2630321886009362,0.35972002922253915,0.3042914712605755,0.3359884995168855,0.11740266750835465,-0.04444635659240548,-0.07295631091594929,AWAY,False,False,2.23,1.66,0.3975154476007298,-0.02921977090826755,0.02921977090826755
2024-12-29,Premier League,Fulham,Bournemouth,2,2,2.37,3.59,3.0,pinnacle,0.6107597706196393,0.19758013485433815,0.19166009452602248,0.4081354236536647,0.26943759165994025,0.32242698468639513,0.2026243469659746,-0.0718574568056021,-0.13076689016037266,DRAW,True,True,1.67,2.21,0.5858309052485193,0.016243276382539862,-0.016243276382539973
2024-12-29,Premier League,Tottenham,Wolverhampton,2,2,1.63,4.91,4.57,pinnacle,0.6690288836781733,0.17421277571668356,0.15675834060514315,0.5921891948241144,0.19659233962592798,0.21121846554995766,0.0768396888540589,-0.02237956390924442,-0.0544601249448145,DRAW,True,True,1.31,3.33,0.6405774201767436,-0.07709499361635996,0.07709499361635996
2024-12-29,Premier League,West Ham United,Liverpool,0,5,7.32,5.34,1.4,pinnacle,0.2614912837022413,0.22308902901367172,0.5154196872840869,0.13159006421088204,0.18038188577222034,0.6880280500168976,0.12990121949135924,0.04270714324145139,-0.17260836273281066,AWAY,False,True,1.39,2.92,0.5474109311753758,-0.13008326836058715,0.1300832683605871
2024-12-30,Premier League,Aston Villa,Brighton & Hove Albion,2,2,1.99,3.91,3.62,pinnacle,0.4916952582378951,0.20973641339104826,0.2985683283710567,0.48574929046738213,0.24722278466242725,0.2670279248701908,0.005945967770512983,-0.03748637127137899,0.0315404035008659,DRAW,True,True,1.59,2.36,0.6488067001243765,0.051338345693996756,-0.05133834569399659
2024-12-30,Premier League,Manchester United,Newcastle United,0,2,2.72,3.68,2.54,pinnacle,0.32089390141086616,0.2590385599288948,0.42006753866023894,0.3558723196881092,0.2630360623781677,0.3810916179337232,-0.03497841827724302,-0.003997502449272883,0.038975920726515734,AWAY,False,False,1.63,2.28,0.42470612520078654,-0.15841407940279395,0.1584140794027939
2025-01-01,Premier League,Brentford,Arsenal,1,3,6.98,4.93,1.44,pinnacle,0.2873917109142025,0.22242695544851188,0.4901813336372856,0.13768332370087932,0.19493501002680283,0.6673816662723179,0.1497083872133232,0.027491945421709046,-0.17720033263503226,AWAY,True,True,1.54,2.46,0.5717518695575311,-0.04324813044246889,0.043248130442468946
2025-01-04,Premier League,Tottenham,Newcastle United,1,2,2.97,4.06,2.22,pinnacle,0.35400539108862084,0.21691224329581923,0.42908236561556007,0.3258002949596599,0.23833174286457884,0.4358679621757612,0.028205096128960938,-0.021419499568759603,-0.006785596560201113,AWAY,True,True,1.32,3.31,0.6356135614502194,-0.07928924632515866,0.0792892463251586
2025-01-04,Premier League,Aston Villa,Leicester City,2,1,1.32,5.64,9.41,pinnacle,0.6442470414746305,0.18356273459356778,0.17219022393180178,0.7276331808759172,0.17029712743904446,0.10206969168503834,-0.0833861394012867,0.013265607154523323,0.07012053224676344,HOME,True,True,1.5,2.58,0.6231942779605065,-0.009158663215964147,0.00915866321596398
2025-01-04,Premier League,Bournemouth,Everton,1,0,1.75,3.91,4.82,pinnacle,0.42736843498098376,0.2582371126869557,0.31439445233206054,0.5522906367129005,0.2471889038996358,0.20052045938746385,-0.1249222017319167,0.011048208787319908,0.11387399294459669,HOME,False,False,1.86,1.96,0.42587856056862805,-0.08721044466697403,0.08721044466697409
2025-01-04,Premier League,Crystal Palace,Chelsea,1,1,3.69,3.97,1.95,pinnacle,0.39515054080168305,0.28368628202832713,0.3211631771699899,0.26165826750894844,0.24320378012796465,0.49513795236308705,0.1334922732927346,0.04048250190036248,-0.17397477519309718,DRAW,True,False,1.58,2.39,0.34106339219990106,-0.26095172115022497,0.26095172115022475
2025-01-04,Premier League,Manchester City,West Ham United,4,1,1.32,6.41,8.2,pinnacle,0.7858500999859122,0.1290130310802059,0.08513686893388175,0.7315803538620851,0.15065305258938413,0.11776659354853078,0.05426974612382707,-0.021640021509178237,-0.032629724614649025,HOME,True,True,1.34,3.23,0.6757954228369081,-0.030987946966155366,0.030987946966155366
2025-01-04,Premier League,Southampton,Brentford,0,5,2.95,3.59,2.41,pinnacle,0.2520550248795058,0.23323812271292654,0.5147068524075675,0.32832167699482767,0.2697907930737442,0.401887529931428,-0.07626665211532185,-0.03655267036081766,0.11281932247613952,AWAY,False,True,1.66,2.24,0.4925881541459897,-0.0817708202129846,0.08177082021298454
2025-01-04,Premier League,Brighton & Hove Albion,Arsenal,1,1,4.62,3.7,1.82,pinnacle,0.3422161730590366,0.2064014271866807,0.4513823997542826,0.20889429340745244,0.26083557717362976,0.5302701294189177,0.13332187965158418,-0.054434149986949065,-0.07888772966463509,DRAW,True,False,1.73,2.12,0.6936043101065108,0.1429549594571602,-0.14295495945716008
2025-01-05,Premier League,Liverpool,Manchester United,2,2,1.29,6.14,9.37,pinnacle,0.6047169398508014,0.209370552805977,0.18591250734322157,0.7419657285235821,0.15588530778427054,0.10214896369214739,-0.13724878867278067,0.05348524502170646,0.08376354365107418,DRAW,True,True,1.41,2.86,0.5200439732071187,-0.1497452539591576,0.1497452539591576
2025-01-06,Premier League,Wolverhampton,Nottingham Forest,0,3,3.44,3.22,2.31,pinnacle,0.4853907279550346,0.25114439653855425,0.2634648755064113,0.28109623829427016,0.30030157134543145,0.4186021903602984,0.2042944896607644,-0.0491571748068772,-0.1551373148538871,AWAY,False,True,2.04,1.78,0.4289212346219003,-0.0370473517655342,0.03704735176553431
2025-01-14,Premier League,Brentford,Manchester City,2,2,4.9,4.56,1.65,pinnacle,0.22410224536745746,0.20700169893130219,0.5688960557012406,0.19824519800806256,0.21302663821041815,0.5887281637815192,0.025857047359394897,-0.0060249392791159595,-0.019832108080278577,DRAW,True,True,1.38,3.04,0.5864620018679285,-0.10132080356193574,0.10132080356193596
2025-01-14,Premier League,Chelsea,Bournemouth,2,2,1.5,4.96,6.17,pinnacle,0.5732103481412079,0.22139248712031917,0.205397164738473,0.647026736746853,0.19567340829037894,0.15729985496276816,-0.0738163886056451,0.025719078829940234,0.04809730977570484,DRAW,True,True,1.42,2.87,0.4945770092070247,-0.17442065979064442,0.17442065979064436
2025-01-14,Premier League,West Ham United,Fulham,3,2,3.03,3.54,2.41,pinnacle,0.4465803476392002,0.23570433732645316,0.31771531503434675,0.32121355878598934,0.2749370291303807,0.40384941208362973,0.12536678885321084,-0.03923269180392755,-0.08613409704928299,HOME,True,True,1.83,2.01,0.5234627473319327,2.524733193276507e-05,-2.5247331932598538e-05
2025-01-14,Premier League,Nottingham Forest,Liverpool,1,1,5.28,4.24,1.65,pinnacle,0.1701123688260991,0.1926761080966641,0.6372115230772366,0.18364518364518365,0.22869022869022868,0.5876645876645876,-0.013532814819084554,-0.03601412059356457,0.049546935412648985,DRAW,True,False,1.63,2.3,0.5716769796283916,-0.01356475065150653,0.013564750651506474
2025-01-15,Premier League,Everton,Aston Villa,0,1,3.26,3.31,2.36,pinnacle,0.27860030926588447,0.2562022015793365,0.4651974891547791,0.29706645167669365,0.292579043041094,0.41035450528221246,-0.018466142410809183,-0.036376841461757514,0.05484298387256664,AWAY,False,False,2.06,1.78,0.41879623287202344,-0.044745433794643186,0.04474543379464335
2025-01-15,Premier League,Leicester City,Crystal Palace,0,2,4.01,3.76,1.93,pinnacle,0.44558468925434236,0.24892234596594448,0.30549296477971316,0.24130053834413456,0.25734445711701587,0.5013550045388496,0.2042841509102078,-0.008422111151071388,-0.19586203975913646,AWAY,False,False,1.74,2.11,0.45964626373417594,-0.08840568431777207,0.08840568431777196
2025-01-15,Premier League,Newcastle United,Wolverhampton,3,0,1.36,5.73,7.91,pinnacle,0.7275734436432126,0.16916494828078432,0.10326160807600301,0.7095814148637879,0.16841722935685022,0.12200135577936176,0.01799202877942474,0.0007477189239341042,-0.018739747703358747,HOME,False,True,1.42,2.82,0.5274117968727082,-0.1376825427499333,0.13768254274993325
2025-01-15,Premier League,Arsenal,Tottenham,2,1,1.4,5.54,6.88,pinnacle,0.6722149058079795,0.16004988223627778,0.16773521195574298,0.6867207656495481,0.17353954366595079,0.13973969068450107,-0.014505859841568602,-0.013489661429673006,0.027995521271241913,HOME,True,True,1.43,2.8,0.7511114880630565,0.08917295378409673,-0.08917295378409656
2025-01-16,Premier League,Manchester United,Southampton,3,1,1.31,5.97,9.23,pinnacle,0.6826357647004725,0.18967399534485166,0.1276902399546757,0.7345601085648089,0.16118488144386933,0.10425500999132176,-0.05192434386433642,0.028489113900982327,0.023435229963353954,HOME,True,True,1.52,2.52,0.49837117753340043,-0.12539119870422344,0.12539119870422333
2025-01-18,Premier League,Newcastle United,Bournemouth,1,4,1.65,4.33,4.99,pinnacle,0.7783722516755514,0.1363337578245945,0.08529399049985403,0.5842064421233646,0.22261908302622435,0.19317447485041112,0.19416580955218676,-0.08628532520162985,-0.10788048435055708,AWAY,True,True,1.54,2.47,0.6332094239285206,0.017249324177897263,-0.017249324177897263
2025-01-18,Premier League,Brentford,Liverpool,0,2,6.49,5.33,1.43,pinnacle,0.3092318373299863,0.22979024760257633,0.46097791506743724,0.14801444043321296,0.18022771452374337,0.6717578450430436,0.16121739689677336,0.04956253307883296,-0.21077992997560635,AWAY,False,False,1.35,3.16,0.5482139357953093,-0.15245125267475723,0.1524512526747573
2025-01-18,Premier League,Leicester City,Fulham,0,2,4.38,3.91,1.81,pinnacle,0.40662127455743385,0.22494627636155465,0.3684324490810114,0.22025975157715205,0.2467359877002368,0.533004260722611,0.1863615229802818,-0.021789711338682155,-0.16457181164159956,AWAY,False,False,1.71,2.14,0.5932764996139535,0.03743234376979765,-0.03743234376979765
2025-01-18,Premier League,West Ham United,Crystal Palace,0,2,2.65,3.49,2.7,pinnacle,0.47670301852259356,0.2596287032152434,0.2636682782621631,0.3648578010957737,0.27704102375467055,0.35810117514955564,0.11184521742681985,-0.01741232053942715,-0.09443289688739254,AWAY,False,False,1.79,2.04,0.39861546812212967,-0.134021607595886,0.134021607595886
2025-01-18,Premier League,Arsenal,Aston Villa,2,2,1.53,4.4,6.38,pinnacle,0.6189651370904798,0.1924342857133783,0.18860057719614196,0.6299057116058646,0.21903539517203927,0.15105889322209606,-0.010940574515384771,-0.026601109458660954,0.03754168397404589,DRAW,True,True,1.82,2.01,0.6072582817912657,0.08245410424557387,-0.08245410424557381
2025-01-19,Premier League,Everton,Tottenham,3,2,2.97,3.45,2.46,pinnacle,0.29561238501550113,0.22630206720282744,0.4780855477816716,0.32592541388725677,0.2805792693464211,0.3934953167663222,-0.030313028871755632,-0.054277202143593634,0.0845902310153494,HOME,True,True,1.69,2.19,0.5577275988523269,-0.00670539083839472,0.006705390838394998
2025-01-19,Premier League,Manchester United,Brighton & Hove Albion,1,3,2.11,3.77,3.39,pinnacle,0.44314215855008443,0.22659348712108882,0.3302643543288267,0.45827401848113336,0.2564875806353293,0.2852384008835373,-0.01513185993104893,-0.029894093514240466,0.045025953445289424,AWAY,True,True,1.66,2.23,0.5742050333432206,0.0009402518522180214,-0.0009402518522180214
2025-01-19,Premier League,Nottingham Forest,Southampton,3,2,1.4,4.92,8.27,pinnacle,0.5095673592579084,0.23834438676206898,0.25208825398002266,0.6878338720365688,0.195725085538861,0.11644104242457028,-0.17826651277866035,0.04261930122320798,0.1356472115554524,HOME,True,True,1.75,2.09,0.47105712286081564,-0.07321371047251762,0.07321371047251773
2025-01-20,Premier League,Chelsea,Wolverhampton,3,1,1.38,5.69,7.16,pinnacle,0.5251061355752508,0.25095298238269065,0.22394088204205842,0.6967338995167034,0.16897939917979796,0.13428670130349868,-0.17162776394145263,0.08197358320289269,0.08965418073855974,HOME,True,True,1.37,3.06,0.4009727214459447,-0.28977219954728334,0.2897721995472832
2025-01-25,Premier League,Bournemouth,Nottingham Forest,5,0,2.11,3.7,3.45,pinnacle,0.4783387195553748,0.2346258683565035,0.28703541208812156,0.45832360914133896,0.26136832845627705,0.2803080624023841,0.020015110414035864,-0.026742460099773546,0.00672734968573746,HOME,False,True,1.82,2.02,0.5123344427197514,-0.01370722394691537,0.013707223946915092
2025-01-25,Premier League,Brighton & Hove Albion,Everton,0,1,1.68,3.83,5.5,pinnacle,0.6661583876483127,0.18139792416586725,0.15244368818581988,0.5733626569840553,0.25150111324626967,0.17513622976967508,0.09279573066425739,-0.07010318908040242,-0.022692541583855197,AWAY,False,False,1.9,1.93,0.59199953210662,0.0880830830204582,-0.08808308302045836
2025-01-25,Premier League,Southampton,Newcastle United,1,3,7.05,5.17,1.42,pinnacle,0.14226676670558486,0.19061702958319163,0.6671162037112234,0.13645496636673365,0.18607495413645497,0.6774700794968115,0.005811800338851203,0.004542075446736654,-0.010353875785588107,AWAY,True,True,1.44,2.75,0.5253928112473889,-0.13093177109151333,0.13093177109151288
2025-01-25,Premier League,Wolverhampton,Arsenal,0,1,6.86,4.74,1.47,pinnacle,0.1805950997695017,0.20407352108697308,0.6153313791435253,0.14056939501779359,0.20344009489916962,0.6559905100830368,0.04002570475170811,0.0006334261878034597,-0.040659130939511456,AWAY,False,False,1.72,2.14,0.5356991803283472,-0.01870496474937311,0.018704964749373054
2025-01-25,Premier League,Manchester City,Chelsea,3,1,2.03,4.09,3.36,pinnacle,0.7627888081843157,0.14435916950849254,0.09285202230719186,0.47607730921260033,0.23629264980478695,0.2876300409826127,0.2867114989717154,-0.09193348029629442,-0.19477801867542083,HOME,True,True,1.41,2.88,0.6172992866906044,-0.054029384638066946,0.054029384638067
2025-01-26,Premier League,Crystal Palace,Brentford,1,2,2.06,3.7,3.59,pinnacle,0.36389991573704733,0.2682219722405887,0.36787811202236415,0.4693573235713983,0.26131786123164336,0.2693248151969584,-0.10545740783435098,0.006904111008945335,0.09855329682540576,AWAY,True,True,1.74,2.12,0.3962706990399504,-0.15295209888751082,0.15295209888751088
2025-01-26,Premier League,Tottenham,Leicester City,1,2,1.46,5.37,5.94,pinnacle,0.6676633088064071,0.16071132153889947,0.17162536965469324,0.6589038718952952,0.17914332457488474,0.16195280352982003,0.008759436911111917,-0.018432003035985273,0.009672566124873216,AWAY,True,True,1.33,3.27,0.7561520399452348,0.045282474727843414,-0.045282474727843525
2025-01-26,Premier League,Aston Villa,West Ham United,1,1,1.55,4.46,5.99,pinnacle,0.5762551891749056,0.2138939665385875,0.20985084428650674,0.6225493965683979,0.21635685306749255,0.16109375036410964,-0.046294207393492326,-0.002462886528905056,0.048757093922397104,DRAW,True,False,1.67,2.21,0.533718309211271,-0.03586931965470852,0.035869319654708354
2025-01-26,Premier League,Fulham,Manchester United,0,1,2.32,3.48,3.18,pinnacle,0.40777424547542795,0.25012309256991416,0.3421026619546579,0.4173228346456693,0.27821522309711283,0.30446194225721784,-0.009548589170241373,-0.028092130527198667,0.03764071969744004,AWAY,False,False,1.85,1.98,0.46575406352755616,-0.0512172158458119,0.051217215845812125
2025-02-01,Premier League,Nottingham Forest,Brighton & Hove Albion,7,0,2.46,3.43,2.99,pinnacle,0.25192472581488373,0.20501727157223368,0.5430580026128826,0.39370952324282404,0.28236892920622364,0.3239215475509522,-0.1417847974279403,-0.07735165763398996,0.2191364550619304,HOME,False,True,1.92,1.91,0.6315529726324182,0.1328584556611388,-0.13285845566113869
2025-02-01,Premier League,Bournemouth,Liverpool,0,2,4.68,4.35,1.68,pinnacle,0.17598791939778585,0.18795963594258447,0.6360524446596298,0.20569459925017736,0.22129901712432873,0.5730063836254939,-0.029706679852391504,-0.03333938118174426,0.0630460610341359,AWAY,False,False,1.46,2.69,0.6072690999577047,-0.040923671126632644,0.040923671126632644
2025-02-01,Premier League,Everton,Leicester City,4,0,1.81,3.7,4.73,pinnacle,0.4225963245855084,0.24891766861949596,0.32848600679499557,0.5342299743889521,0.26133952801189275,0.20443049759915502,-0.11163364980344376,-0.012421859392396789,0.12405550919584055,HOME,False,True,2.01,1.83,0.46766422509885985,-0.008898274901140146,0.008898274901140146
2025-02-01,Premier League,Newcastle United,Fulham,1,2,1.71,4.14,4.74,pinnacle,0.6630843131632969,0.18546187469158487,0.15145381214511822,0.563760471610301,0.23285758609990692,0.2033819422897921,0.0993238415529959,-0.04739571140832205,-0.05192813014467387,AWAY,True,True,1.64,2.28,0.569308205622629,-0.012324447438595398,0.012324447438595454
2025-02-01,Premier League,Wolverhampton,Aston Villa,2,0,3.43,3.56,2.17,pinnacle,0.280778929006074,0.248200216731903,0.4710208542620229,0.28215682765320993,0.27185334799171634,0.44598982435507384,-0.0013778986471359445,-0.02365313125981333,0.025031029906949054,HOME,False,False,1.7,2.17,0.45054980312975423,-0.11017371108213214,0.11017371108213192
2025-02-02,Premier League,Brentford,Tottenham,0,2,2.12,3.88,3.11,pinnacle,0.44542717445077407,0.21218026416209992,0.34239256138712615,0.44882018627071735,0.24523164816853635,0.3059481655607463,-0.0033930118199432813,-0.033051384006436424,0.03644439582637987,AWAY,False,False,1.33,3.25,0.6592841047184212,-0.050322882181142004,0.05032288218114206
2025-02-02,Premier League,Manchester United,Crystal Palace,0,2,1.98,3.49,3.83,pinnacle,0.5306373796351199,0.2587053179302887,0.21065730243459127,0.47977588181031794,0.27219376675771617,0.2480303514319659,0.05086149782480198,-0.013488448827427446,-0.03737304899737462,AWAY,False,False,1.83,1.99,0.3654233637917703,-0.15551904458519306,0.15551904458519306
2025-02-02,Premier League,Arsenal,Manchester City,5,1,1.93,3.63,3.85,pinnacle,0.4037797014151437,0.22077399151679955,0.37544630706805676,0.49188896201943555,0.26152774013705526,0.24658329784350919,-0.08810926060429186,-0.040753748620255714,0.12886300922454758,HOME,True,True,1.75,2.1,0.6175253908244928,0.07207084536994723,-0.07207084536994723
2025-02-03,Premier League,Chelsea,West Ham United,2,1,1.36,5.92,7.51,pinnacle,0.4597378889144942,0.25128811768097464,0.28897399340453106,0.7088068362987054,0.1628340029334864,0.1283591607678082,-0.24906894738421126,0.08845411474748824,0.16061483263672285,HOME,True,True,1.38,2.99,0.4426415465065236,-0.2415689798092659,0.24156897980926584
2025-02-12,Premier League,Everton,Liverpool,2,2,7.36,4.73,1.45,pinnacle,0.19832690704466424,0.22412987499469939,0.5775432179606363,0.1310291861613616,0.2038847378747614,0.6650860759638769,0.06729772088330263,0.020245137119937973,-0.08754285800324058,DRAW,True,True,1.71,2.18,0.4743430363204313,-0.08606827473355327,0.08606827473355316
2025-02-14,Premier League,Brighton & Hove Albion,Chelsea,3,0,2.92,3.65,2.43,pinnacle,0.5839402358369319,0.20166280009456833,0.21439696406849995,0.33315053468604333,0.26652042774883467,0.400329037565122,0.25078970115088856,-0.06485762765426634,-0.18593207349662205,HOME,False,True,1.58,2.42,0.6006115516722477,-0.0043884483277523145,0.004388448327752537
2025-02-15,Premier League,Leicester City,Arsenal,0,2,9.47,5.42,1.34,pinnacle,0.1996115334027115,0.18659168574119966,0.6137967808560887,0.10189113355780023,0.1780274971941639,0.7200813692480359,0.09772039984491128,0.008564188547035778,-0.10628458839194721,AWAY,False,False,1.71,2.17,0.659121299713962,0.09984294919849812,-0.09984294919849812
2025-02-15,Premier League,Fulham,Nottingham Forest,2,1,2.23,3.38,3.47,pinnacle,0.612395484955728,0.2026073033877955,0.18499721165647665,0.4343266392881081,0.2865527827255861,0.27912057798630574,0.17806884566761993,-0.08394547933779059,-0.0941233663298291,HOME,True,True,2.1,1.76,0.5498614743794373,0.09390292515663945,-0.09390292515663928
2025-02-15,Premier League,Manchester City,Newcastle United,4,0,1.99,4.09,3.49,pinnacle,0.576075980384911,0.20857639582496906,0.2153476237901199,0.4862032202137045,0.23656342499395405,0.27723335479234157,0.08987276017120654,-0.02798702916898499,-0.06188573100222167,HOME,False,True,1.45,2.77,0.5666776967454484,-0.08972040751995436,0.08972040751995453
2025-02-15,Premier League,Southampton,Bournemouth,1,3,6.01,4.65,1.52,pinnacle,0.398845413940191,0.24409046802677237,0.3570641180330367,0.16009168805224044,0.20691420326751933,0.6329941086802401,0.23875372588795057,0.037176264759253036,-0.27592999064720336,AWAY,True,True,1.49,2.62,0.49497226995822785,-0.14249731641646812,0.142497316416468
2025-02-15,Premier League,West Ham United,Brentford,0,1,2.43,3.71,2.83,pinnacle,0.41114050941024816,0.24269904053046215,0.34616045005928964,0.3978288464088816,0.260572532823068,0.3415986207680503,0.013311663001366547,-0.017873492292605875,0.004561829291239328,AWAY,False,False,1.6,2.37,0.49955909852376423,-0.09741823145104689,0.097418231451047
2025-02-15,Premier League,Crystal Palace,Everton,1,2,1.79,3.5,5.17,pinnacle,0.4658885200735744,0.2840292358020986,0.25008224412432695,0.5383125634030754,0.27530842528328714,0.18637901131363735,-0.07242404332950103,0.008720810518811462,0.0637032328106896,AWAY,True,True,2.23,1.67,0.3178947940377924,-0.11031033416733582,0.11031033416733571
2025-02-16,Premier League,Liverpool,Wolverhampton,2,1,1.19,8.22,12.7,pinnacle,0.7477380002654137,0.15379683119770035,0.0984651685368858,0.8074481316247037,0.11689334265613106,0.07565852571916515,-0.05971013135929004,0.03690348854156929,0.022806642817720657,HOME,True,True,1.37,3.12,0.5866744906318844,-0.10820301493604434,0.10820301493604428
2025-02-16,Premier League,Tottenham,Manchester United,1,0,2.46,3.84,2.73,pinnacle,0.5029154829851263,0.21586680740196543,0.2812177096129084,0.39343376342633246,0.25204350469499426,0.35452273187867317,0.10948171955879388,-0.03617669729302883,-0.0733050222657648,HOME,False,False,1.48,2.67,0.6012891879733335,-0.04208430600257007,0.04208430600257018
2025-02-19,Premier League,Aston Villa,Liverpool,2,2,4.02,4.09,1.85,pinnacle,0.3616939201105124,0.23318553009097986,0.40512054979850787,0.24062419503073593,0.2365059325240974,0.5228698724451666,0.12106972507977645,-0.003320402433117542,-0.11774932264665872,DRAW,True,True,1.56,2.45,0.5485617022160023,-0.06241086636255133,0.06241086636255122
2025-02-21,Premier League,Leicester City,Brentford,0,4,3.79,3.87,1.97,pinnacle,0.37131321851779464,0.22901613848524557,0.39967064299695987,0.2562009577417458,0.250904813912459,0.49289422834579516,0.11511226077604886,-0.021888675427213428,-0.09322358534883529,AWAY,False,True,1.58,2.42,0.5715372229212483,-0.03346277707875167,0.03346277707875178
2025-02-22,Premier League,Everton,Manchester United,2,2,2.58,3.23,2.98,pinnacle,0.3012403202191364,0.2787966070612618,0.4199630727196019,0.3753002277051686,0.29977541408028946,0.32492435821454196,-0.0740599074860322,-0.020978807019027657,0.09503871450505996,DRAW,True,True,2.19,1.7,0.3515955648648857,-0.08542242999372612,0.08542242999372618
2025-02-22,Premier League,Arsenal,West Ham United,0,1,1.25,6.42,11.04,pinnacle,0.7217170618459845,0.1574062885309917,0.12087664962302391,0.7645676782975088,0.1488644233445305,0.0865678983579607,-0.042850616451524326,0.00854186518646119,0.03430875126506322,AWAY,False,False,1.68,2.22,0.6383328911239604,0.0691021218931912,-0.06910212189319104
2025-02-22,Premier League,Bournemouth,Wolverhampton,0,1,1.57,4.52,5.58,pinnacle,0.4320222708088906,0.2504380192524721,0.3175397099386372,0.6139839235027484,0.2132643274113529,0.17275174908589874,-0.18196165269385783,0.03717369184111921,0.14478796085273848,AWAY,False,False,1.59,2.39,0.4579017434011959,-0.1426007691616183,0.14260076916161796
2025-02-22,Premier League,Fulham,Crystal Palace,0,2,2.04,3.52,3.84,pinnacle,0.5040215900621151,0.24764416540248438,0.24833424453540073,0.4737550471063257,0.2745625841184388,0.25168236877523553,0.0302665429557894,-0.026918418715954434,-0.003348124239834799,AWAY,False,False,1.98,1.87,0.4317010744277758,-0.05401321128650993,0.054013211286510154
2025-02-22,Premier League,Southampton,Brighton & Hove Albion,0,4,5.56,4.53,1.57,pinnacle,0.20747615135938913,0.19315144740067605,0.5993724012399347,0.17334704751133984,0.21276149760773716,0.6138914548809231,0.03412910384804929,-0.019610050207061108,-0.014519053640988377,AWAY,False,True,1.58,2.42,0.6357455521656404,0.030745552165640455,-0.030745552165640455
2025-02-22,Premier League,Aston Villa,Chelsea,2,1,2.62,3.78,2.58,pinnacle,0.555365785453392,0.22858105148260252,0.21605316306400563,0.36919093263071817,0.2558942443101804,0.3749148230591014,0.18617485282267382,-0.027313192827577853,-0.15886165999509577,HOME,True,True,1.56,2.45,0.4770282535251114,-0.13394431505344223,0.1339443150534423
2025-02-23,Premier League,Newcastle United,Nottingham Forest,4,3,1.84,4.03,4.1,pinnacle,0.7752050262249393,0.14113855242348228,0.0836564213515785,0.524836256678377,0.23962747203181475,0.23553627128980822,0.2503687695465623,-0.09848891960833248,-0.15187984993822973,HOME,True,True,1.66,2.25,0.6004535628948023,0.0250059925623215,-0.025005992562321444
2025-02-23,Premier League,Manchester City,Liverpool,0,2,2.95,3.97,2.26,pinnacle,0.589257270001197,0.19692145925614404,0.21382127074265883,0.328042792323414,0.2437597575199172,0.4281974501566687,0.261214477677783,-0.04683829826377314,-0.21437617941400988,AWAY,False,False,1.41,2.89,0.6251098675214599,-0.046983155734353965,0.046983155734354076
2025-02-25,Premier League,Brighton & Hove Albion,Bournemouth,2,1,2.06,3.84,3.53,pinnacle,0.7266682045909804,0.14627529128482264,0.127056504124197,0.47169194151175814,0.2530430727901619,0.27526498569807983,0.2549762630792222,-0.10676778150533928,-0.14820848157388283,HOME,True,True,1.62,2.35,0.7243289874584626,0.13238944085896642,-0.1323894408589663
2025-02-25,Premier League,Crystal Palace,Aston Villa,4,1,2.57,3.42,2.89,pinnacle,0.31756390497340675,0.2646797148276358,0.41775638019895733,0.3786824007202927,0.28456542978103866,0.3367521694986686,-0.06111849574688594,-0.019885714953402855,0.08100421070028874,HOME,True,True,1.9,1.95,0.4028949334084311,-0.10359857308507536,0.10359857308507525
2025-02-25,Premier League,Wolverhampton,Fulham,1,2,2.74,3.36,2.74,pinnacle,0.35728704367935643,0.2523541118400485,0.390358844480595,0.3551797040169133,0.28964059196617337,0.3551797040169133,0.0021073396624431417,-0.037286480126124844,0.0351791404636817,AWAY,True,True,2.01,1.84,0.45844984823560003,-0.019472229686477882,0.019472229686477882
2025-02-25,Premier League,Chelsea,Southampton,4,0,1.17,8.97,14.66,pinnacle,0.621988085058131,0.2135217604153383,0.16449015452653065,0.8262798049354277,0.10777562673070794,0.06594456833386428,-0.20429171987729677,0.10574613368463036,0.09854558619266637,HOME,False,True,1.28,3.72,0.4692874828065012,-0.2747125171934988,0.27471251719349876
2025-02-26,Premier League,Brentford,Everton,1,1,2.03,3.75,3.64,pinnacle,0.5784189708223246,0.2298348244199646,0.19174620475771081,0.47641152182942037,0.2578974371503262,0.2656910410202536,0.10200744899290426,-0.02806261273036159,-0.07394483626254278,DRAW,True,False,1.85,1.99,0.4440344470779715,-0.07419471958869522,0.07419471958869511
2025-02-26,Premier League,Nottingham Forest,Arsenal,0,0,4.02,3.51,1.99,pinnacle,0.15310269973572785,0.17982492350335236,0.6670723767609197,0.2400730024849716,0.27495540455543754,0.48497159295959075,-0.08697030274924375,-0.09513048105208519,0.18210078380132894,DRAW,False,False,2.17,1.71,0.601672931560516,0.16095128207597997,-0.16095128207598008
2025-02-26,Premier League,Tottenham,Manchester City,0,1,3.23,4.15,2.07,pinnacle,0.25439117846368525,0.18974739379109337,0.5558614277452214,0.2995178009211641,0.23311867396996624,0.46736352510886964,-0.04512662245747884,-0.04337128017887287,0.08849790263635177,AWAY,False,False,1.34,3.29,0.722853867984136,0.012270714636403723,-0.012270714636403945
2025-02-26,Premier League,Liverpool,Newcastle United,2,0,1.53,4.86,5.67,pinnacle,0.46969323019847525,0.23289285263977832,0.2974139171617465,0.631051752921536,0.1986644407345576,0.17028380634390652,-0.16135852272306078,0.03422841190522072,0.12713011081783995,HOME,False,False,1.44,2.79,0.5266696986108595,-0.1329047694742468,0.13290476947424695
2025-02-27,Premier League,West Ham United,Leicester City,2,0,1.63,4.21,5.34,pinnacle,0.5265453789930138,0.21641874257129193,0.2570358784356944,0.5908709810528309,0.22876952473066847,0.1803594942165008,-0.06432560205981708,-0.012350782159376544,0.07667638421919362,HOME,False,False,1.71,2.17,0.5764015372938731,0.017123186778409183,-0.017123186778409183
2025-03-08,Premier League,Nottingham Forest,Manchester City,1,0,3.93,3.95,1.89,pinnacle,0.11116134355458945,0.15257463796366108,0.7362640184817493,0.24544082691416227,0.2441980885500399,0.5103610845357979,-0.13427948335957282,-0.09162345058637883,0.2259029339459514,HOME,False,False,1.57,2.42,0.6348668327843394,0.02835054205752241,-0.028350542057522687
2025-03-08,Premier League,Brighton & Hove Albion,Fulham,2,1,2.0,3.64,3.86,pinnacle,0.5882021292447185,0.18922342622845295,0.22257444452682856,0.4836559909674222,0.2657450499821001,0.25059895905047785,0.10454613827729631,-0.07652162375364713,-0.02802451452364929,HOME,True,True,1.75,2.11,0.6820538367240789,0.13542171237174738,-0.13542171237174733
2025-03-08,Premier League,Liverpool,Southampton,3,1,1.12,10.6,18.75,pinnacle,0.8312703878075344,0.1085724499715234,0.06015716222094229,0.8580791116560604,0.09066496274101772,0.05125592560292201,-0.02680872384852606,0.017907487230505684,0.00890123661802028,HOME,True,True,1.27,3.77,0.6825586711457774,-0.06545720187009563,0.06545720187009568
2025-03-08,Premier League,Brentford,Aston Villa,0,1,2.27,3.82,3.01,pinnacle,0.4120770308019023,0.239759431876111,0.34816353732198646,0.4258229854493876,0.2530414075837984,0.3211356069668139,-0.013745954647485348,-0.013281975707687382,0.027027930355172536,AWAY,False,False,1.52,2.54,0.5137388415573224,-0.11187692198947563,0.11187692198947563
2025-03-08,Premier League,Wolverhampton,Everton,1,1,2.68,3.15,2.92,pinnacle,0.43394837809338627,0.27869898461233455,0.28735263729427907,0.3611931389796431,0.3073008293541091,0.3315060316662478,0.07275523911374315,-0.028601844741774518,-0.044153394371968746,DRAW,True,False,2.27,1.64,0.3476974672102014,-0.07173987294325129,0.07173987294325113
2025-03-09,Premier League,Chelsea,Leicester City,1,0,1.2,8.05,11.42,pinnacle,0.5219863502920081,0.2264449434999428,0.25156870620804905,0.7973546120820504,0.11886031484452923,0.08378507307342035,-0.27536826179004226,0.10758462865541356,0.16778363313462868,HOME,False,False,1.35,3.22,0.522492519997059,-0.18210266599856462,0.18210266599856467
2025-03-09,Premier League,Tottenham,Bournemouth,2,2,2.73,3.95,2.42,pinnacle,0.7206533856491009,0.14684849322599272,0.13249812112490658,0.35470572301115805,0.2451510440051801,0.4001432329836618,0.3659476626379428,-0.09830255077918737,-0.26764511185875517,DRAW,True,True,1.39,3.02,0.7378454946079244,0.05303823837209665,-0.05303823837209665
2025-03-09,Premier League,Manchester United,Arsenal,1,1,5.61,3.65,1.71,pinnacle,0.30352516743431335,0.23870609065293094,0.4577687419127555,0.17188958748151392,0.2641919413072036,0.5639184712112825,0.13163557995279943,-0.02548585065427264,-0.10614972929852695,DRAW,True,False,2.18,1.7,0.5029742481487351,0.06482991825182799,-0.0648299182518281
2025-03-10,Premier League,West Ham United,Newcastle United,0,1,3.3,3.62,2.2,pinnacle,0.2618484289887404,0.2358911234678337,0.502260447543426,0.2931174089068826,0.26720647773279355,0.4396761133603239,-0.0312689799181422,-0.03131535426495985,0.06258433418310211,AWAY,False,False,1.69,2.18,0.4890701244858286,-0.07423736905422312,0.07423736905422318
2025-03-15,Premier League,Everton,West Ham United,1,1,2.11,3.3,3.9,pinnacle,0.36845382295277673,0.26792103072908957,0.3636251463181336,0.458627325208467,0.2932435321787471,0.248129142612786,-0.09017350225569026,-0.02532250144965753,0.11549600370534757,DRAW,True,False,2.3,1.64,0.3973663999057539,-0.018877254916581154,0.018877254916580988
2025-03-15,Premier League,Manchester City,Brighton & Hove Albion,2,2,1.67,4.55,4.62,pinnacle,0.7316743442182251,0.14144761199031272,0.12687804379146211,0.5785346870364306,0.21234130271447013,0.20912401024909935,0.15313965718179445,-0.07089369072415741,-0.08224596645763724,DRAW,True,True,1.47,2.68,0.7544330559209562,0.10864992339083568,-0.10864992339083585
2025-03-15,Premier League,Southampton,Wolverhampton,1,2,3.67,3.56,2.08,pinnacle,0.3641269183646716,0.2650532777887185,0.3708198038466098,0.2634822585006903,0.2716235642408802,0.4648941772584294,0.1006446598639813,-0.006570286452161678,-0.09407437341181962,AWAY,True,True,1.81,2.03,0.40801295534707627,-0.12063287798625699,0.12063287798625699
2025-03-15,Premier League,Bournemouth,Brentford,1,2,1.77,4.21,4.29,pinnacle,0.3092587987600882,0.2333529578326479,0.4573882434072638,0.5455492827562458,0.2293639502324359,0.2250867670113182,-0.2362904839961576,0.003989007600212008,0.23230147639594562,AWAY,True,True,1.48,2.66,0.5308213634390934,-0.1116907138555927,0.11169071385559254
2025-03-16,Premier League,Arsenal,Chelsea,1,0,1.81,3.78,4.55,pinnacle,0.698343488545216,0.17268767581966243,0.12896883563512185,0.532867769849704,0.2551562601661281,0.21197596998416793,0.16547571869551203,-0.08246858434646565,-0.08300713434904608,HOME,False,False,1.88,1.94,0.5796454594005943,0.07179205625923302,-0.07179205625923302
2025-03-16,Premier League,Fulham,Tottenham,2,0,2.03,3.88,3.53,pinnacle,0.4113329107857053,0.21046747553491657,0.37819961367937804,0.4765838399092514,0.24934669974633514,0.27406946034441365,-0.06525092912354613,-0.03887922421141857,0.10413015333496439,HOME,False,False,1.57,2.42,0.6786913024788128,0.07217501175199581,-0.07217501175199581
2025-03-16,Premier League,Leicester City,Manchester United,0,3,4.21,3.86,1.85,pinnacle,0.3464976830625354,0.24123297063651816,0.41226934630094636,0.22902428151288806,0.2497907319091344,0.5211849865779775,0.11747340154964736,-0.008557761272616232,-0.10891564027703116,AWAY,False,True,1.79,2.04,0.506442107496522,-0.026194968221493697,0.026194968221493697
2025-04-01,Premier League,Arsenal,Fulham,2,1,1.5,4.21,7.79,pinnacle,0.7108975751632229,0.1587487439970349,0.13035368083974208,0.6456406914731307,0.2300382511186927,0.12432105740817664,0.0652568836900922,-0.0712895071216578,0.006032623431565437,HOME,True,True,2.12,1.74,0.6590016805528552,0.2082244784803164,-0.20822447848031633
2025-04-01,Premier League,Wolverhampton,West Ham United,1,0,2.62,3.25,2.96,pinnacle,0.3734858558768056,0.2597474689965209,0.3667666751266736,0.37156916516674254,0.2995419116113433,0.32888892322191404,0.0019166907100630626,-0.0397944426148224,0.03787775190475956,HOME,False,False,2.18,1.7,0.4285910391511024,-0.009553290745804743,0.00955329074580491
2025-04-01,Premier League,Nottingham Forest,Manchester United,1,0,2.36,3.44,3.19,pinnacle,0.27737892961971944,0.2524144964596432,0.47020657392063747,0.412225210740635,0.28280566783369143,0.3049691214256735,-0.13484628112091557,-0.03039117137404823,0.16523745249496397,HOME,False,False,1.94,1.89,0.43228830203619,-0.061184282820206826,0.06118428282020716
2025-04-02,Premier League,Brighton & Hove Albion,Aston Villa,0,3,2.11,3.85,3.33,pinnacle,0.48635078794151293,0.210435840422442,0.303213371636045,0.4583611902625285,0.2512057432347883,0.2904330665026832,0.027989597678984457,-0.04076990281234627,0.012780305133361813,AWAY,False,True,1.58,2.37,0.6481485535762467,0.0481485535762467,-0.04814855357624653
2025-04-02,Premier League,Manchester City,Leicester City,2,0,1.2,8.18,11.84,pinnacle,0.8441928167607089,0.09577843295673927,0.06002875028255197,0.8012495532582365,0.11754272174937455,0.08120772499238883,0.04294326350247235,-0.021764288792635283,-0.021178974709836866,HOME,False,False,1.38,2.99,0.7697327177970668,0.08552219148127727,-0.08552219148127704
2025-04-02,Premier League,Newcastle United,Brentford,2,1,1.74,4.34,4.31,pinnacle,0.6255713466437275,0.20151009476763046,0.1729185585886422,0.5541289947980235,0.2221623158867652,0.22370868931521137,0.07144235184570402,-0.020652221119134728,-0.05079013072656918,HOME,True,True,1.46,2.68,0.5345269857229252,-0.11281600944615688,0.11281600944615705
2025-04-02,Premier League,Southampton,Crystal Palace,1,1,5.72,4.05,1.63,pinnacle,0.3188669013941567,0.2743959650646205,0.40673713354122276,0.16887475665816518,0.23850953286042093,0.5926157104814139,0.1499921447359915,0.03588643220419957,-0.18587857694019116,DRAW,True,False,1.78,2.03,0.36980795022162977,-0.16300044872850145,0.1630004487285015
2025-04-02,Premier League,Liverpool,Everton,1,0,1.36,5.19,9.2,pinnacle,0.7374152688899089,0.1619508241981559,0.10063390691193519,0.7092860198697534,0.18586300327993535,0.10485097685031138,0.028129249020155567,-0.02391217908177945,-0.004217069938376186,HOME,False,False,1.76,2.06,0.5531658068402078,0.013898791133401422,-0.013898791133401478
2025-04-03,Premier League,Chelsea,Tottenham,1,0,1.66,4.58,4.59,pinnacle,0.3875297962375418,0.22527084593957106,0.38719935782288706,0.5800123605301785,0.21022282062884198,0.20976481884097958,-0.19248256429263666,0.015048025310729074,0.17743453898190747,HOME,False,False,1.39,2.92,0.5927671405332583,-0.08472705900270461,0.08472705900270444
2025-04-05,Premier League,Everton,Arsenal,1,1,5.3,3.39,1.81,pinnacle,0.18142541216883157,0.2118366406084802,0.6067379472226883,0.18209633813015827,0.2846933899970026,0.5332102718728391,-0.0006709259613267016,-0.07285674938852241,0.07352767534984916,DRAW,True,False,2.36,1.59,0.502360856158168,0.09982921058854766,-0.09982921058854782
2025-04-05,Premier League,Crystal Palace,Brighton & Hove Albion,2,1,2.5,3.46,2.9,pinnacle,0.32826118954732847,0.23678468900899402,0.4349541214436776,0.38690522094547697,0.279555795480836,0.33353898357368705,-0.0586440313981485,-0.04277110647184196,0.10141513786999057,HOME,True,True,1.78,2.04,0.522396136490863,-0.011635277121702425,0.011635277121702647
2025-04-05,Premier League,West Ham United,Bournemouth,2,2,3.03,3.53,2.38,pinnacle,0.5806319433780076,0.21065187826228637,0.20871617835970593,0.3193392299885589,0.27410704443777156,0.4065537255736696,0.2612927133894487,-0.06345516617548519,-0.19783754721396365,DRAW,True,True,1.8,2.02,0.5474413622796299,0.018645550761305252,-0.018645550761305474
2025-04-05,Premier League,Aston Villa,Nottingham Forest,2,1,2.0,3.69,3.8,pinnacle,0.691201073936381,0.1764456029923292,0.13235332307128997,0.48348389766223016,0.2620508930418592,0.2544652092959106,0.20771717627415082,-0.08560529004952999,-0.12211188622462063,HOME,True,True,1.78,2.05,0.5694814230706282,0.034233381295171283,-0.03423338129517112
2025-04-06,Premier League,Brentford,Chelsea,0,0,3.26,3.8,2.16,pinnacle,0.5006319472429195,0.2422748726810735,0.25709318007600696,0.2969867137522796,0.2547833386401135,0.4482299476076071,0.2036452334906399,-0.012508465959039983,-0.19113676753160014,DRAW,False,False,1.53,2.46,0.45892613408717403,-0.15761521929628458,0.1576152192962847
2025-04-06,Premier League,Fulham,Liverpool,3,2,4.27,3.75,1.87,pinnacle,0.28039930611261765,0.220830433507922,0.49877026037946026,0.22613745932750512,0.25749518702091917,0.5163673536515757,0.05426184678511253,-0.03666475351299717,-0.01759709327211545,HOME,True,True,1.8,2.02,0.5746335398958812,0.04583772837755651,-0.045837728377556564
2025-04-06,Premier League,Tottenham,Southampton,3,1,1.39,5.42,7.33,pinnacle,0.7682885600178957,0.13163554210064354,0.1000758978814607,0.6915202668008097,0.1773456034784364,0.1311341297207538,0.076768293217086,-0.04571006137779285,-0.031058231839293113,HOME,True,True,1.38,2.97,0.7211283951766576,0.038369774487002406,-0.03836977448700235
2025-04-06,Premier League,Manchester United,Manchester City,0,0,3.39,3.66,2.15,pinnacle,0.24134951964854434,0.2259022237331403,0.5327482566183155,0.2854717412361373,0.2644123504892091,0.45011590827465364,-0.044122221587592936,-0.03851012675606877,0.08263234834366184,DRAW,False,False,1.66,2.23,0.5151646053336277,-0.05810017615737484,0.058100176157375005
2025-04-07,Premier League,Leicester City,Newcastle United,0,3,6.61,4.47,1.51,pinnacle,0.2230944299278651,0.20934195890401777,0.5675636111681172,0.1458527362109016,0.21567932580627736,0.6384679379828211,0.07724169371696349,-0.0063373669022595835,-0.07090432681470393,AWAY,False,True,1.6,2.33,0.5732384209634689,-0.0196368971026889,0.01963689710268879
2025-04-12,Premier League,Manchester City,Crystal Palace,5,2,1.5,4.81,6.12,pinnacle,0.7800385474208738,0.14022961047660404,0.07973184210252234,0.6422820637019389,0.2002958618613115,0.15742207443674971,0.1377564837189349,-0.060066251384707475,-0.07769023233422738,HOME,True,True,1.53,2.48,0.5902508281267733,-0.02820303720988504,0.02820303720988504
2025-04-12,Premier League,Brighton & Hove Albion,Leicester City,2,2,1.27,5.96,10.93,pinnacle,0.675406686211555,0.16020611148065758,0.16438720230778758,0.7522862676125465,0.16030261071609633,0.0874111216713572,-0.07687958140099149,-9.649923543875172e-05,0.07697608063643038,DRAW,True,True,1.61,2.33,0.742079109831594,0.15070855145595952,-0.15070855145595924
2025-04-12,Premier League,Nottingham Forest,Everton,0,1,2.13,3.38,3.72,pinnacle,0.4094602163191286,0.26911026198905447,0.3214295216918167,0.45397630034011394,0.2860856567232079,0.2599380429366781,-0.044516084020985336,-0.016975394734153437,0.06149147875513861,AWAY,False,False,2.22,1.67,0.38817710847533365,-0.041128804121067286,0.04112880412106712
2025-04-12,Premier League,Southampton,Aston Villa,0,3,5.75,4.49,1.56,pinnacle,0.21042708066652863,0.21892583838978744,0.570647080943684,0.16760185586202112,0.21463489336450367,0.6177632507734753,0.04282522480450751,0.0042909450252837655,-0.04711616982979128,AWAY,False,True,1.59,2.37,0.5116233482397263,-0.08686150024512207,0.08686150024512224
2025-04-12,Premier League,Arsenal,Brentford,1,1,1.63,4.17,5.42,pinnacle,0.6731774188107538,0.17512037643646253,0.15170220475278368,0.5911474612312368,0.2310720292102916,0.17778050955847158,0.08202995757951692,-0.055951652773829075,-0.026078304805687902,DRAW,True,False,1.77,2.06,0.6235567476089743,0.08569773977607609,-0.0856977397760762
2025-04-13,Premier League,Liverpool,West Ham United,2,1,1.3,6.09,9.78,pinnacle,0.6927577809347321,0.17105390371286103,0.13618831535240705,0.7427273815580762,0.15854607488103434,0.09872654356088947,-0.0499696006233441,0.01250782883182669,0.03746177179151758,HOME,True,True,1.52,2.51,0.6068104074953379,-0.016018376623768815,0.016018376623768926
2025-04-13,Premier League,Wolverhampton,Tottenham,4,2,2.25,3.57,3.23,pinnacle,0.2972236814659174,0.21993342698666302,0.48284289154741955,0.42976620414369887,0.270861053031743,0.29937274282455806,-0.1325425226777815,-0.05092762604508,0.1834701487228615,HOME,True,True,1.66,2.23,0.5916457544590313,0.018380972968028764,-0.018380972968028653
2025-04-13,Premier League,Newcastle United,Manchester United,4,1,1.66,4.29,4.97,pinnacle,0.5874038047651078,0.22403275134230144,0.1885634438925909,0.5810742677738745,0.2248445884626181,0.19408114376350738,0.006329536991233287,-0.0008118371203166552,-0.005517699870916493,HOME,True,True,1.64,2.27,0.4622887717235756,-0.11827388812297174,0.1182738881229718
2025-04-14,Premier League,Bournemouth,Fulham,1,0,2.16,3.62,3.39,pinnacle,0.34052971059665177,0.23212949875875713,0.42734079064459096,0.44765698526997744,0.2671102453544617,0.28523276937556086,-0.10712727467332567,-0.034980746595704576,0.1421080212690301,HOME,False,False,1.74,2.1,0.5492527082140484,0.0023777082140484795,-0.002377708214048535
2025-04-16,Premier League,Newcastle United,Crystal Palace,5,0,1.72,4.01,4.84,pinnacle,0.671704829549842,0.20000575741389576,0.12828941303626237,0.5604440029569395,0.24038994640547032,0.19916605063759008,0.11126082659290248,-0.04038418899157456,-0.0708766376013277,HOME,False,True,1.69,2.18,0.45842159219038314,-0.10488590134966858,0.1048859013496688
2025-04-19,Premier League,Brentford,Brighton & Hove Albion,4,2,2.56,3.59,2.75,pinnacle,0.42977795826601967,0.2163684205268469,0.35385362120713354,0.3782146811273843,0.2697018338958507,0.35208348497676506,0.051563277138635344,-0.05333341336900377,0.0017701362303684798,HOME,True,True,1.59,2.37,0.6387108845073604,0.04022603602251196,-0.04022603602251168
2025-04-19,Premier League,Crystal Palace,Bournemouth,0,0,2.59,3.61,2.71,pinnacle,0.5182828668039506,0.24510142483560315,0.23661570836044604,0.37408754239653713,0.26838967723186463,0.35752278037159824,0.1441953244074135,-0.023288252396261477,-0.1209070720111522,DRAW,False,False,1.78,2.04,0.4320861877084485,-0.10194522590411698,0.10194522590411687
2025-04-19,Premier League,Everton,Manchester City,0,2,3.79,3.74,1.99,pinnacle,0.13700706497308165,0.18669728155973198,0.6762956534671862,0.2552393233033715,0.25865161372186574,0.4861090629747628,-0.11823225833028986,-0.07195433216213376,0.19018659049242342,AWAY,False,False,1.83,2.0,0.5317817773382906,0.009588565850039976,-0.009588565850040087
2025-04-19,Premier League,West Ham United,Southampton,1,1,1.5,4.61,6.49,pinnacle,0.6320324096121597,0.20187341520770222,0.16609417518013783,0.6424652504139028,0.20904509232556487,0.14848965726053223,-0.010432840801743115,-0.0071716771178626515,0.0176045179196056,DRAW,True,False,1.68,2.19,0.5209205285521702,-0.04497094431604687,0.044970944316046646
2025-04-19,Premier League,Aston Villa,Newcastle United,4,1,2.38,3.7,2.92,pinnacle,0.35768956654912704,0.24511460881318678,0.3971958246376861,0.4067832346872694,0.2616605671772165,0.33155619813551407,-0.049093668138142366,-0.016545958364029695,0.06563962650217203,HOME,True,True,1.63,2.28,0.4903604069030735,-0.09275979770050702,0.09275979770050696
2025-04-20,Premier League,Fulham,Chelsea,1,2,2.9,3.55,2.45,pinnacle,0.47333573549593133,0.24293145822248752,0.2837328062815812,0.33326947025577164,0.2722482996455599,0.3944822300986684,0.1400662652401597,-0.029316841423072393,-0.11074942381708719,AWAY,True,True,1.81,2.01,0.4738144270603979,-0.05236358341080627,0.05236358341080638
2025-04-20,Premier League,Manchester United,Wolverhampton,0,1,2.01,3.63,3.82,pinnacle,0.5870188377831352,0.232551328897088,0.18042983331977686,0.4807930349397215,0.26622424248728377,0.25298272257299476,0.10622580284341376,-0.03367291359019578,-0.0725528892532179,AWAY,False,False,1.93,1.89,0.42053868276487105,-0.07422571514088805,0.07422571514088827
2025-04-20,Premier League,Leicester City,Liverpool,0,1,11.65,6.96,1.23,pinnacle,0.22021070687534386,0.19739020994392537,0.5823990831807307,0.08233573104122846,0.1378177107227459,0.7798465582360256,0.1378749758341154,0.059572499221179465,-0.1974474750552948,AWAY,False,False,1.44,2.74,0.6321657456142917,-0.023336646730205857,0.02333664673020569
2025-04-21,Premier League,Tottenham,Nottingham Forest,1,2,2.52,3.78,2.69,pinnacle,0.7212343610110403,0.15008617069089245,0.1286794682980672,0.38410280818657777,0.2560685387910519,0.35982865302237027,0.33713155282446255,-0.10598236810015946,-0.23114918472430307,AWAY,True,True,1.58,2.38,0.7057512698934868,0.1047411688833858,-0.10474116888338564
2025-04-22,Premier League,Manchester City,Aston Villa,2,1,1.87,4.09,4.0,pinnacle,0.6931451730791319,0.16743109099850612,0.13942373592236174,0.5195580580723633,0.23754854977880677,0.2428933921488299,0.1735871150067686,-0.07011745878030065,-0.10346965622646817,HOME,True,True,1.51,2.56,0.6349846639613186,0.005992034968689608,-0.005992034968689719
2025-04-23,Premier League,Arsenal,Crystal Palace,2,2,1.42,4.74,8.22,pinnacle,0.7197712536985652,0.16918065672606908,0.11104808957536588,0.6791967367430185,0.20347244012132618,0.11733082313565524,0.0405745169555467,-0.0342917833952571,-0.006282733560289355,DRAW,True,True,1.87,1.95,0.5488353579232125,0.03836415373473079,-0.038364153734730844
2025-04-26,Premier League,Chelsea,Everton,1,0,1.58,4.17,6.05,pinnacle,0.5172116815593945,0.2599476890260529,0.22284062941455293,0.6097360553556279,0.2310270905184394,0.1592368541259326,-0.09252437379623346,0.028920598507613526,0.06360377528862032,HOME,False,False,1.85,1.97,0.3709773976312639,-0.14472940865145856,0.14472940865145872
2025-04-26,Premier League,Brighton & Hove Albion,West Ham United,3,2,1.7,4.2,4.75,pinnacle,0.6047274437353389,0.1889085060788318,0.20636405018582918,0.5673254656618798,0.22963173610123702,0.20304279823688326,0.03740197807345913,-0.040723230022405216,0.003321251948945919,HOME,True,True,1.67,2.21,0.6576758602011988,0.08808823133521937,-0.08808823133521954
2025-04-26,Premier League,Southampton,Fulham,1,2,5.28,4.2,1.64,pinnacle,0.278865948632944,0.23452724708553607,0.48660680428152003,0.18259320524239725,0.2295457437332994,0.5878610510243033,0.09627274339054676,0.0049815033522366825,-0.10125424674278327,AWAY,True,True,1.71,2.13,0.5074390235155645,-0.04724847648443553,0.047248476484435586
2025-04-26,Premier League,Wolverhampton,Leicester City,3,0,1.52,4.45,6.49,pinnacle,0.42858464552644454,0.24150013995068045,0.329915214522875,0.634606552946321,0.21676448550076577,0.14862896155291336,-0.20602190741987642,0.024735654449914685,0.18128625296996162,HOME,False,True,1.75,2.09,0.5008732968477482,-0.043397536485585086,0.04339753648558531
2025-04-27,Premier League,Bournemouth,Manchester United,1,1,1.68,4.21,4.86,pinnacle,0.2890040081051719,0.24487066956936396,0.4661253223254641,0.5731549489890246,0.22871741432341128,0.19812763668756406,-0.28415094088385273,0.01615325524595268,0.26799768563790005,DRAW,True,False,1.68,2.2,0.46863091970767784,-0.09837938957067266,0.0983793895706726
2025-04-27,Premier League,Liverpool,Tottenham,5,1,1.27,6.89,9.07,pinnacle,0.63998809089406,0.1716922671143836,0.18831964199155646,0.7550890208611492,0.13918186596424667,0.10572911317460414,-0.1151009299670892,0.032510401150136925,0.08259052881695232,HOME,True,True,1.31,3.38,0.7252498365271934,0.00456753375533836,-0.004567533755338471
2025-05-01,Premier League,Nottingham Forest,Brentford,0,2,2.2,3.58,3.34,pinnacle,0.2967762701774128,0.2402334654506311,0.4629902643719561,0.43990699454034404,0.2703339072594293,0.28975909820022666,-0.14313072436293123,-0.0301004418087982,0.17323116617172946,AWAY,False,False,1.79,2.04,0.4926901848460993,-0.039946890871916385,0.039946890871916496
2025-05-02,Premier League,Manchester City,Wolverhampton,1,0,1.41,5.27,7.55,pinnacle,0.8294699688353956,0.11087520339788734,0.05965482776671714,0.6876126550383912,0.1839722663385449,0.1284150786230638,0.1418573137970044,-0.07309706294065757,-0.06876025085634667,HOME,False,False,1.52,2.51,0.6653654012264631,0.042536617107356456,-0.042536617107356456
2025-05-03,Premier League,Aston Villa,Fulham,1,0,1.82,3.96,4.27,pinnacle,0.5618456309848966,0.21284330571049362,0.2253110633046098,0.5302717653773543,0.24371076085524876,0.22601747376739695,0.03157386560754227,-0.03086745514475514,-0.0007064104627871604,HOME,False,False,1.72,2.12,0.5587059305872524,0.006622597253919005,-0.006622597253918838
2025-05-03,Premier League,Leicester City,Southampton,2,0,2.37,3.7,2.93,pinnacle,0.605026457211947,0.20041878705062613,0.194554755737427,0.4082608712025638,0.2615076391216422,0.33023148967579397,0.1967655860093832,-0.06108885207101608,-0.13567673393836696,HOME,False,False,1.74,2.09,0.5762573225062648,0.03056541650104294,-0.03056541650104283
2025-05-03,Premier League,Arsenal,Bournemouth,1,2,2.07,3.63,3.62,pinnacle,0.8224203764579868,0.10914112639130281,0.06843849715071038,0.4668379038016776,0.2662133501017831,0.2669487460965394,0.3555824726563092,-0.1570722237104803,-0.19851024894582903,AWAY,True,True,1.84,1.99,0.7238276182338199,0.20424537280301047,-0.20424537280301042
2025-05-04,Premier League,Brentford,Manchester United,4,3,1.7,4.23,4.7,pinnacle,0.43538639642995625,0.2524853113580925,0.3121282922119511,0.567024128686327,0.22788203753351202,0.20509383378016083,-0.13163773225637077,0.02460327382458047,0.10703445843179027,HOME,True,True,1.67,2.21,0.4476759103341584,-0.12191171853182109,0.12191171853182092
2025-05-04,Premier League,Brighton & Hove Albion,Newcastle United,1,1,2.92,3.82,2.33,pinnacle,0.3651165542387956,0.22095187112539771,0.41393157463580665,0.331387339623063,0.25331178840296964,0.41530087197396737,0.03372921461573258,-0.032359917277571926,-0.0013692973381607132,DRAW,True,False,1.55,2.47,0.6150631652211788,0.0006353045246613176,-0.0006353045246613176
2025-05-04,Premier League,West Ham United,Tottenham,1,1,2.08,3.73,3.5,pinnacle,0.38489180635600256,0.21567375289696156,0.399434440747036,0.4646998939252635,0.2591355976848655,0.2761645083898709,-0.07980808756926094,-0.043461844787903936,0.1232699323571651,DRAW,True,False,1.56,2.4,0.6479970168522429,0.0419364107916369,-0.04193641079163657
2025-05-04,Premier League,Chelsea,Liverpool,3,1,2.19,3.78,3.21,pinnacle,0.2666805432497499,0.23626997548104461,0.49704948126920556,0.44216326129021677,0.2561739529697288,0.3016627857400544,-0.1754827180404669,-0.019903977488684166,0.19538669552915117,HOME,True,True,1.54,2.45,0.4910734021237432,-0.12296168559555509,0.12296168559555509
2025-05-05,Premier League,Crystal Palace,Nottingham Forest,1,1,2.31,3.44,3.23,pinnacle,0.5199079190196173,0.2526442998859702,0.2274477810944123,0.4189917379680152,0.28135782404247534,0.29965043798950936,0.1009161810516021,-0.028713524156505132,-0.07220265689509706,DRAW,True,False,1.96,1.86,0.39807312496307246,-0.08883786980132552,0.08883786980132524
2025-05-10,Premier League,Fulham,Everton,1,3,1.88,3.57,4.45,pinnacle,0.5535479594443825,0.2334133382133408,0.21303870234227665,0.5130619007172823,0.2701838580808097,0.216754241201908,0.040486058727100205,-0.036770519867468904,-0.0037155388596313565,AWAY,True,True,2.04,1.79,0.4544578091524734,-0.012905115129510925,0.01290511512951098
2025-05-10,Premier League,Southampton,Manchester City,0,0,14.01,7.65,1.19,pinnacle,0.08706987718043156,0.1339613384120923,0.7789687844074761,0.06847213165061952,0.12539798227780125,0.8061298860715793,0.01859774552981204,0.008563356134291045,-0.027161101664103238,DRAW,False,False,1.33,3.22,0.6541089630713804,-0.05358334462092729,0.05358334462092712
2025-05-10,Premier League,Wolverhampton,Brighton & Hove Albion,0,2,2.76,3.47,2.61,pinnacle,0.2859995124963241,0.2219183113826767,0.49208217612099914,0.35052539912917274,0.2788040638606676,0.3706705370101596,-0.06452588663284864,-0.05688575247799088,0.12141163911083952,AWAY,False,False,1.73,2.12,0.5733364474054987,0.022687096756148106,-0.022687096756148106
2025-05-10,Premier League,Bournemouth,Aston Villa,0,1,2.46,3.75,2.78,pinnacle,0.26132316909387854,0.2236507890434865,0.5150260418626349,0.39356256229047754,0.2581770408625532,0.34826039684696936,-0.132239393196599,-0.03452625181906671,0.16676564501566554,AWAY,False,False,1.61,2.33,0.5445411988206268,-0.046829359555007666,0.046829359555007666
2025-05-11,Premier League,Newcastle United,Chelsea,2,0,2.15,3.78,3.28,pinnacle,0.6504235887741265,0.2015677530193866,0.14800865820648684,0.44958553018051006,0.25571663753653356,0.2946978322829563,0.20083805859361648,-0.05414888451714697,-0.14668917407646948,HOME,False,False,1.55,2.43,0.4895414355744147,-0.1210113282446808,0.12101132824468075
2025-05-11,Premier League,Manchester United,West Ham United,0,2,1.93,3.78,3.95,pinnacle,0.5245339366347636,0.2390900333942387,0.23637602997099785,0.5002026807459992,0.2553944904338038,0.24440282882019698,0.02433125588876439,-0.016304457039565096,-0.00802679884919913,AWAY,False,False,1.76,2.07,0.45485095196922376,-0.0856190219211157,0.08561902192111576
2025-05-11,Premier League,Nottingham Forest,Leicester City,2,2,1.34,5.56,8.99,pinnacle,0.39703119731277314,0.23320116427763923,0.36976763840958754,0.7193925280722611,0.17337877475122843,0.10722869717651055,-0.3223613307594879,0.05982238952641081,0.262538941233077,DRAW,True,True,1.66,2.22,0.5494478962073043,-0.022717052246304048,0.02271705224630388
2025-05-11,Premier League,Tottenham,Crystal Palace,0,2,2.69,3.74,2.54,pinnacle,0.6080881438229511,0.19942264955324265,0.19248920662380625,0.3599314964687339,0.258881210026977,0.38118729350428904,0.24815664735421716,-0.05945856047373435,-0.18869808688048278,AWAY,False,False,1.53,2.46,0.5778751196566168,-0.03866623372684186,0.03866623372684186
2025-05-11,Premier League,Liverpool,Arsenal,2,2,2.08,3.54,3.71,pinnacle,0.455313356956735,0.2208143759899377,0.32387226705332717,0.4655022081705856,0.27351542174994864,0.2609823700794658,-0.010188851213850547,-0.052701045760010945,0.06288989697386138,DRAW,True,True,1.71,2.14,0.6022977738187968,0.04645361797464098,-0.046453617974640926
2025-05-16,Premier League,Aston Villa,Tottenham,2,0,1.33,6.02,8.61,pinnacle,0.508566079876335,0.2044053974468631,0.2870285226768019,0.7270602790569799,0.1606295965358444,0.11231012440717576,-0.21849419918064494,0.04377580091101868,0.17471839826962615,HOME,False,False,1.37,3.06,0.6702763268544178,-0.020468594138810192,0.020468594138810137
2025-05-16,Premier League,Chelsea,Manchester United,1,0,1.47,4.89,6.68,pinnacle,0.3821502735032035,0.2712624672033355,0.3465872592934608,0.6576034111017834,0.1976844610060576,0.14471212789215895,-0.2754531375985799,0.07357800619727792,0.20187513140130184,HOME,False,False,1.49,2.6,0.3845690780451687,-0.25112774347072386,0.2511277434707235
2025-05-18,Premier League,Everton,Southampton,2,0,1.4,4.9,8.19,pinnacle,0.5246050025220127,0.25124088043407217,0.22415411704391525,0.6865046102263203,0.1961441743503772,0.11735121542330262,-0.16189960770430756,0.05509670608369496,0.10680290162061262,HOME,False,False,1.79,2.04,0.4001726506884728,-0.13246442502954286,0.1324644250295428
2025-05-18,Premier League,West Ham United,Nottingham Forest,1,2,2.84,3.43,2.56,pinnacle,0.5825621226513488,0.21626426351977202,0.2011736138288793,0.3404413703261426,0.2818814844682929,0.3776771452055644,0.2421207523252062,-0.0656172209485209,-0.1765035313766851,AWAY,True,True,1.94,1.89,0.5113433378400437,0.017870752983646876,-0.017870752983646765
2025-05-18,Premier League,Brentford,Fulham,2,3,1.96,3.95,3.68,pinnacle,0.5037998876845577,0.22592915383239867,0.2702709584830435,0.4928994805159575,0.2445779700788042,0.2625225494052382,0.010900407168600246,-0.01864881624640552,0.007748409077805274,AWAY,True,True,1.61,2.32,0.5411736234450857,-0.04915716535898551,0.04915716535898551
2025-05-18,Premier League,Arsenal,Newcastle United,1,0,2.03,3.58,3.83,pinnacle,0.4987534015293654,0.2249752262625185,0.27627137220811604,0.4768568914609251,0.27039650549320604,0.2527466030458688,0.021896510068440345,-0.045421279230687533,0.023524769162247217,HOME,False,False,1.77,2.06,0.5505887987473368,0.012729790914438599,-0.012729790914438655
2025-05-19,Premier League,Brighton & Hove Albion,Liverpool,3,2,2.69,3.83,2.49,pinnacle,0.36775693255649466,0.2111337586177301,0.42110930882577496,0.35936693358455024,0.25240131888836553,0.3882317475270843,0.008389998971944423,-0.04126756027063544,0.03287756129869068,HOME,True,True,1.45,2.7,0.672966960769156,0.02236455113060165,-0.022364551130601873
2025-05-20,Premier League,Crystal Palace,Wolverhampton,4,2,2.29,3.37,3.34,pinnacle,0.4730797540639127,0.2744789713131121,0.2524412746229751,0.42280545569967354,0.28730697138049033,0.2898875729198361,0.05027429836423919,-0.01282800006737822,-0.03744629829686097,HOME,True,True,1.99,1.83,0.34557278674318326,-0.13348480487985337,0.13348480487985348
2025-05-20,Premier League,Manchester City,Bournemouth,3,1,1.57,4.52,5.6,pinnacle,0.8726281023305529,0.08254810558031084,0.044823792089136255,0.6143629673498315,0.21339598644673352,0.17224104620343492,0.25826513498072134,-0.13084788086642268,-0.12741725411429866,HOME,True,True,1.51,2.52,0.7660403228424487,0.14073014914517823,-0.14073014914517806
2025-05-25,Premier League,Bournemouth,Leicester City,2,0,1.34,5.82,8.37,pinnacle,0.4141310859297508,0.22528998888291615,0.36057892518733303,0.7192505315379164,0.16560063784549967,0.115148830616584,-0.3051194456081656,0.05968935103741649,0.24543009457074905,HOME,False,False,1.46,2.67,0.5901088915684033,-0.05638021254781933,0.0563802125478195
2025-05-25,Premier League,Fulham,Manchester City,0,2,5.54,4.19,1.62,pinnacle,0.198140549626319,0.19359338452177066,0.6082660658519101,0.1741568997721628,0.2302695047106878,0.5955735955171493,0.023983649854156186,-0.03667612018891714,0.012692470334760841,AWAY,False,False,1.51,2.52,0.617754249453348,-0.007555924243922485,0.007555924243922374
2025-05-25,Premier League,Liverpool,Crystal Palace,1,1,1.42,5.68,6.36,pinnacle,0.6918820068697178,0.18376817166979265,0.1243498214604894,0.6787620064034151,0.16969050160085378,0.15154749199573103,0.013120000466302684,0.014077670068938869,-0.027197670535241636,DRAW,True,False,1.3,3.43,0.5161902203181953,-0.2089683420496693,0.20896834204966924
2025-05-25,Premier League,Manchester United,Aston Villa,2,0,4.4,4.26,1.74,pinnacle,0.4223502254323628,0.2527189645356087,0.3249308100320285,0.2192213507470632,0.22642580828335165,0.554352840969585,0.20312887468529958,0.02629315625225706,-0.22942203093755653,HOME,False,False,1.6,2.35,0.45080176149906875,-0.1441349473616908,0.14413494736169075
2025-05-25,Premier League,Newcastle United,Everton,0,1,1.33,5.85,8.55,pinnacle,0.7168880116584325,0.17798974444041535,0.10512224390115212,0.7231149567367119,0.16440049443757726,0.11248454882571075,-0.006226945078279367,0.013589250002838088,-0.007362304924558638,AWAY,False,False,1.5,2.55,0.49436566913603974,-0.1352639604935898,0.13526396049358996
2025-05-25,Premier League,Nottingham Forest,Chelsea,0,1,3.15,3.76,2.22,pinnacle,0.3333723169340686,0.2595753928795298,0.40705229018640166,0.30706071909417976,0.257245017326241,0.43569426357957936,0.026311597839888845,0.0023303755532887993,-0.0286419733931777,AWAY,False,False,1.67,2.21,0.425591464347726,-0.14399616451825348,0.14399616451825348
2025-05-25,Premier League,Southampton,Arsenal,1,2,9.46,5.85,1.3,pinnacle,0.122675449259,0.16237894355903876,0.7149456071819612,0.10107118175535591,0.16344160331720806,0.7354872149274361,0.02160426750364408,-0.0010626597581692987,-0.020541607745474866,AWAY,True,True,1.47,2.64,0.6162308047838949,-0.026104961639462743,0.026104961639462743
2025-05-25,Premier League,Tottenham,Brighton & Hove Albion,1,4,4.33,4.52,1.71,pinnacle,0.49679304055796575,0.18933247861763644,0.313874480824398,0.22271078314138268,0.2133490466818998,0.5639401701767175,0.2740822574165831,-0.02401656806426336,-0.2500656893523195,AWAY,True,True,1.32,3.34,0.7813529111143702,0.06461471368947758,-0.06461471368947733
2025-05-25,Premier League,Wolverhampton,Brentford,1,1,2.74,3.83,2.45,pinnacle,0.32664583449945767,0.25560456204814963,0.41774960345239254,0.35288653551805704,0.25245668598419746,0.39465677849774544,-0.026240701018599377,0.003147876063952171,0.023092824954647095,DRAW,True,False,1.5,2.55,0.4396221684558292,-0.19000746117380035,0.19000746117380013
2024-01-02,La Liga,Getafe,Rayo Vallecano,0,2,2.42,3.0,3.5,pinnacle,0.45558013613201936,0.28676838170077534,0.2576514821672052,0.40030499428135724,0.3229126953869615,0.27678231033168127,0.055275141850662124,-0.03614431368618615,-0.019130828164476088,AWAY,False,False,2.63,1.5,0.36055833617154126,-0.00263778973644907,0.0026377897364490144
2024-01-02,La Liga,Real Sociedad,Alaves,1,1,1.59,3.9,6.58,pinnacle,0.6609859362675148,0.23155876083514917,0.10745530289733599,0.6063054634118681,0.24718607354483857,0.14650846304329335,0.0546804728556467,-0.015627312709689395,-0.03905316014595736,DRAW,True,False,2.34,1.62,0.3648727099531203,-0.04421819913778885,0.04421819913778868
2024-01-02,La Liga,Valencia,Villarreal,3,1,2.04,3.49,3.9,pinnacle,0.39539976514395186,0.26560640255624535,0.33899383229980284,0.4744724017485516,0.27734203425989834,0.24818556399155012,-0.07907263660459973,-0.011735631703652993,0.09080826830825273,HOME,True,True,1.99,1.85,0.46383991868711955,-0.01793091464621388,0.01793091464621377
2024-01-03,La Liga,Granada,Cádiz,2,0,2.26,3.19,3.59,pinnacle,0.43213508520736127,0.25903814597296565,0.3088267688196731,0.4277177505798341,0.30302260699386363,0.26925964242630224,0.004417334627527192,-0.04398446102089798,0.039567126393370844,HOME,False,False,2.33,1.61,0.48245505050803167,0.07382560888366618,-0.07382560888366607
2024-01-03,La Liga,Celta,Betis,2,1,2.47,3.33,3.05,pinnacle,0.3267041169852784,0.29308764901939394,0.3802082339953279,0.39191436652762285,0.29069924484181037,0.31738638863056673,-0.06521024954234445,0.0023884041775835696,0.06282184536476115,HOME,True,True,1.99,1.84,0.3626296381450243,-0.11778811642416631,0.11778811642416653
2024-01-03,La Liga,Real Madrid,Mallorca,1,0,1.23,6.68,12.58,pinnacle,0.7324191510207498,0.18091587416846328,0.08666497481078715,0.7800884109605828,0.1436390337547181,0.07627255528469927,-0.04766925993983295,0.03727684041374518,0.010392419526087882,HOME,False,False,1.66,2.26,0.4863409725963699,-0.090189639648528,0.09018963964852833
2024-01-03,La Liga,Girona,Ath Madrid,4,3,2.61,3.55,2.71,pinnacle,0.34463024908815815,0.2283754913081723,0.4269942596036695,0.37060221656374837,0.27247092541729107,0.35692685801896057,-0.02597196747559022,-0.04409543410911876,0.07006740158470892,HOME,True,True,1.68,2.22,0.6364172240070448,0.0671864547762756,-0.06718645477627544
2024-01-04,La Liga,Osasuna,Almería,1,0,1.71,3.94,5.03,pinnacle,0.5423985617003199,0.2321432609342525,0.22545817736542778,0.5637072665678715,0.24465467660686807,0.19163805682526047,-0.021308704867551653,-0.012511415672615572,0.03382012054016731,HOME,False,False,1.88,1.95,0.5360364263193726,0.026898045118328273,-0.026898045118328218
2024-01-04,La Liga,Sevilla,Ath Bilbao,0,2,3.17,3.24,2.45,pinnacle,0.3445256979304184,0.2605371378760231,0.39493716419355857,0.30559801041758905,0.29899558426659173,0.3954064053158193,0.03892768751282932,-0.03845844639056861,-0.0004692411222607107,AWAY,False,False,2.04,1.8,0.4857156841799347,0.01696568417993477,-0.016965684179934715
2024-01-04,La Liga,Las Palmas,Barcelona,1,2,5.82,4.39,1.57,pinnacle,0.20236514018361135,0.34567505174834634,0.4519598080680425,0.16576197404971202,0.21975733233925376,0.6144806936110343,0.03660316613389933,0.12591771940909258,-0.16252088554299182,AWAY,True,True,1.71,2.12,0.20278296796643663,-0.35074183621110905,0.3507418362111091
2024-01-12,La Liga,Sevilla,Alaves,2,3,1.95,3.4,4.52,pinnacle,0.5481609859434801,0.2628604813040914,0.18897853275242854,0.49876671426716873,0.2860573802414644,0.21517590549136703,0.04939427167631133,-0.02319689893737298,-0.02619737273893849,AWAY,True,True,2.4,1.59,0.38273988892030636,-0.015756351681197434,0.01575635168119749
2024-01-13,La Liga,Las Palmas,Villarreal,3,0,2.52,3.39,2.94,pinnacle,0.3855968059454427,0.32066583971852025,0.2937373543360372,0.3845405930967428,0.28585318424890616,0.32960622265435097,0.001056212848699889,0.034812655469614096,-0.03586886831831376,HOME,False,True,1.96,1.87,0.2802661410566548,-0.20798451168485965,0.20798451168485954
2024-01-13,La Liga,Mallorca,Celta,1,1,2.57,3.02,3.2,pinnacle,0.44981446880731907,0.29320459297560536,0.2569809382170755,0.3767729459558508,0.3206312818233565,0.30259577222079265,0.07304152285146825,-0.027426688847751124,-0.04561483400371713,DRAW,True,False,2.6,1.5,0.3412255457892564,-0.024628112747329012,0.024628112747329012
2024-01-13,La Liga,Ath Bilbao,Real Sociedad,2,1,2.02,3.47,4.0,pinnacle,0.397449344644379,0.28280376311978866,0.31974689223583225,0.47912625045737917,0.27891499306164436,0.24195875648097648,-0.08167690581300019,0.0038887700581443085,0.07778813575485577,HOME,True,True,2.17,1.7,0.39567641426499034,-0.043600071523123396,0.043600071523123285
2024-01-13,La Liga,Betis,Granada,1,0,1.65,4.04,5.49,pinnacle,0.7039749513998927,0.17542202256109768,0.12060302603900974,0.5851504190839514,0.23898470086349496,0.17586488005255366,0.11882453231594137,-0.06356267830239729,-0.055261854013543915,HOME,False,False,1.86,1.97,0.606554525548276,0.09219421223234914,-0.09219421223234892
2024-01-14,La Liga,Almería,Girona,0,0,4.71,4.42,1.67,pinnacle,0.2610086583059507,0.19862937100875683,0.5403619706852923,0.20466764452257433,0.21809606463830883,0.5772362908391169,0.05634101378337639,-0.019466693629552,-0.036874320153824525,DRAW,False,False,1.5,2.59,0.736268673549333,0.10301683980850174,-0.10301683980850179
2024-01-14,La Liga,Cádiz,Valencia,1,4,3.02,2.96,2.75,pinnacle,0.2991163599141198,0.3221643473532395,0.3787192927326408,0.32067191402525985,0.3271720203906367,0.35215606558410356,-0.021555554111140074,-0.005007673037397187,0.02656322714853726,AWAY,True,True,2.5,1.55,0.27757102922943994,-0.10514502015327615,0.1051450201532762
2024-01-19,La Liga,Alaves,Cádiz,1,0,1.73,3.51,6.0,pinnacle,0.397297073414718,0.34144524828793243,0.2612576782973499,0.5614158555993634,0.27670923936948677,0.16187490503114974,-0.16411878218464537,0.06473600891844566,0.09938277326620018,HOME,False,False,2.61,1.51,0.22856378986834672,-0.13794106450058533,0.13794106450058552
2024-01-20,La Liga,Rayo Vallecano,Las Palmas,0,2,1.93,3.42,4.5,pinnacle,0.3347783494388249,0.3563380744366494,0.3088835761245255,0.5017016782067832,0.2831240464734186,0.21517427531979813,-0.16692332876795835,0.07321402796323079,0.09370930080472736,AWAY,False,False,2.33,1.62,0.20694658811985267,-0.20317999415862842,0.2031799941586282
2024-01-20,La Liga,Villarreal,Mallorca,1,1,2.1,3.5,3.68,pinnacle,0.538104289340236,0.25223587960058585,0.20965983105917818,0.4606910365548322,0.27641462193289934,0.26289434151226837,0.07741325278540384,-0.024178742332313485,-0.05323451045309019,DRAW,True,False,2.05,1.78,0.4394315999538965,-0.025320358270646603,0.025320358270646715
2024-01-20,La Liga,Valencia,Ath Bilbao,1,0,3.47,3.46,2.19,pinnacle,0.34458079008058085,0.28655167666570286,0.36886753325371646,0.27875612977276154,0.2795617833270181,0.4416820869002203,0.0658246603078193,0.006989893338684772,-0.07281455364650385,HOME,False,False,2.17,1.71,0.3860831474096409,-0.05463850207489518,0.0546385020748954
2024-01-20,La Liga,Celta,Real Sociedad,0,1,3.21,3.08,2.52,pinnacle,0.2569230709291654,0.27537577230998256,0.4677011567608521,0.30156657963446476,0.31429503916449086,0.3841383812010444,-0.04464350870529937,-0.038919266854508305,0.08356277555980773,AWAY,False,False,2.47,1.56,0.39642237811292197,0.009325603919373593,-0.009325603919373315
2024-01-21,La Liga,Osasuna,Getafe,3,2,2.21,3.11,3.87,pinnacle,0.4082624934211224,0.30481309329291906,0.2869244132859585,0.4382754037470641,0.3114432933379459,0.25028130291499007,-0.030012910325941666,-0.006630200045026846,0.03664311037096846,HOME,True,True,2.64,1.49,0.3196053058476294,-0.04116951255430762,0.04116951255430745
2024-01-21,La Liga,Real Madrid,Almería,3,2,1.15,9.58,15.8,pinnacle,0.869064823311847,0.08696924850680728,0.04396592818134568,0.8383448443929971,0.10063638528725954,0.06101877031974344,0.03071997891884992,-0.013667136780452269,-0.017052842138397757,HOME,True,True,1.29,3.54,0.7783960357036287,0.04547678104524355,-0.045476781045243775
2024-01-21,La Liga,Betis,Barcelona,2,4,4.29,4.01,1.81,pinnacle,0.23275764936789922,0.2903841561552568,0.4768581944768441,0.22522567251806774,0.24095215339214732,0.5338221740897849,0.007531976849831479,0.049432002763109495,-0.05696397961294086,AWAY,True,True,1.7,2.18,0.33639436142342627,-0.22546130867966652,0.22546130867966657
2024-01-21,La Liga,Girona,Sevilla,5,1,1.74,3.93,4.81,pinnacle,0.6191486819527594,0.19292568833782867,0.18792562970941176,0.5541718336367554,0.24535852176283826,0.20046964460040634,0.06497684831600403,-0.052432833425009595,-0.012544014890994576,HOME,True,True,1.67,2.22,0.6676718184963589,0.09697773109275998,-0.09697773109275998
2024-01-22,La Liga,Granada,Ath Madrid,0,1,5.03,4.0,1.7,pinnacle,0.11700511886423945,0.15081009005712337,0.7321847910786373,0.19170590059485212,0.24107016999802655,0.5672239294071213,-0.07470078173061268,-0.09026007994090318,0.16496086167151602,AWAY,False,False,1.78,2.05,0.7235443964900818,0.18829635471462491,-0.18829635471462475
2024-01-26,La Liga,Almería,Alaves,0,3,2.64,3.24,2.9,pinnacle,0.48112489142354586,0.26129131152159696,0.25758379705485734,0.36695097947324024,0.2989970943856031,0.33405192614115664,0.11417391195030563,-0.037705782864006165,-0.0764681290862993,AWAY,False,True,2.23,1.68,0.44658017511439063,0.016912655932804943,-0.016912655932804666
2024-01-27,La Liga,Real Sociedad,Rayo Vallecano,0,0,1.67,3.73,5.86,pinnacle,0.6204246234305785,0.23150393521585186,0.14807144135356964,0.5771325822285476,0.2583944805151942,0.16447293725625842,0.043292041202030895,-0.026890545299342344,-0.016401495902688773,DRAW,False,False,2.27,1.65,0.4330379559591052,0.012119588612166443,-0.012119588612166443
2024-01-27,La Liga,Las Palmas,Real Madrid,1,2,7.18,4.74,1.45,pinnacle,0.21070228799481736,0.3201800131068081,0.4691176988983746,0.13393170321061945,0.20287544916714081,0.6631928476222397,0.0767705847841979,0.11730456393966729,-0.1940751487238651,AWAY,True,True,1.67,2.23,0.2529854294105136,-0.31880944238435827,0.31880944238435827
2024-01-27,La Liga,Barcelona,Villarreal,3,5,1.35,5.9,7.75,pinnacle,0.6991969295225463,0.18298539588996826,0.11781767458748547,0.7127547640388137,0.16308795448345736,0.12415728147772884,-0.013557834516267353,0.019897441406510896,-0.006339606890243363,AWAY,True,True,1.35,3.23,0.5636538973533355,-0.14158627731915352,0.14158627731915369
2024-01-27,La Liga,Mallorca,Betis,0,1,2.39,3.13,3.37,pinnacle,0.33252914505733416,0.3264029539505913,0.3410679009920743,0.40440361766814525,0.30879381668590006,0.28680256564595463,-0.07187447261081109,0.017609137264691266,0.05426533534611966,AWAY,False,False,2.48,1.55,0.27025981552814327,-0.11435556908724137,0.11435556908724132
2024-01-28,La Liga,Celta,Girona,0,1,2.8,3.52,2.55,pinnacle,0.30645646257775755,0.23388141711931087,0.4596621203029314,0.34560295703064836,0.2749114430925612,0.3794855998767904,-0.03914649445289081,-0.04103002597325034,0.08017652042614098,AWAY,False,False,1.74,2.09,0.5938725443657163,0.048180638360494465,-0.048180638360494576
2024-01-28,La Liga,Cádiz,Ath Bilbao,0,0,5.11,3.68,1.76,pinnacle,0.22937047581412018,0.2853930087139255,0.48523651547195423,0.18896461581551674,0.26239380076556806,0.5486415834189152,0.04040585999860344,0.022999207948357414,-0.06340506794696099,DRAW,False,False,2.21,1.68,0.3484546469080795,-0.08342195977572514,0.0834219597757252
2024-01-28,La Liga,Sevilla,Osasuna,1,1,2.1,3.37,3.84,pinnacle,0.4684537212825125,0.2666393463820248,0.26490693233546264,0.46082516078029184,0.287161079417986,0.25201375980172214,0.00762856050222066,-0.02052173303596122,0.012893172533740505,DRAW,True,False,2.22,1.67,0.43150677736772586,0.0022008647713249174,-0.002200864771324862
2024-01-28,La Liga,Ath Madrid,Valencia,2,0,1.51,4.47,6.63,pinnacle,0.6712372277799243,0.20271927794677483,0.12604349427330097,0.6387489735349839,0.21577426175342856,0.14547676471158758,0.032488254244940395,-0.013054983806653736,-0.019433270438286604,HOME,False,False,1.81,2.02,0.49917459624747174,-0.028240547355661505,0.028240547355661505
2024-01-29,La Liga,Getafe,Granada,2,0,1.82,3.5,5.01,pinnacle,0.6258247727032811,0.2054840754398768,0.16869115185684214,0.5309903340681703,0.2761149737154486,0.19289469221638122,0.09483443863511076,-0.07063089827557179,-0.02420354035953909,HOME,False,False,2.3,1.62,0.5728595399906469,0.15959423386819788,-0.15959423386819765
2024-01-31,La Liga,Barcelona,Osasuna,1,0,1.32,5.82,9.33,pinnacle,0.7300393689847822,0.18452354815725397,0.08543708285796373,0.7308428422608231,0.16575817040967122,0.10339898732950552,-0.0008034732760409113,0.018765377747582745,-0.017961904471541792,HOME,False,False,1.62,2.34,0.46909488396046534,-0.1218142069486256,0.12181420694862544
2024-01-31,La Liga,Ath Madrid,Rayo Vallecano,2,1,1.5,4.48,6.83,pinnacle,0.7266038878247905,0.17173384544952883,0.10166226672568071,0.6433181816270495,0.21539671259834245,0.14128510577460823,0.083285706197741,-0.04366286714881362,-0.03962283904892752,HOME,True,True,1.77,2.08,0.5697414011312476,0.029481660871507276,-0.029481660871507387
2024-02-01,La Liga,Getafe,Real Madrid,0,2,6.44,4.18,1.56,pinnacle,0.18551202390779525,0.24782539858327687,0.566662577508928,0.14995032929835536,0.2310239523161265,0.6190257183855182,0.03556169460943989,0.016801446267150383,-0.05236314087659022,AWAY,False,False,1.92,1.91,0.42830587487697613,-0.07038864209430323,0.07038864209430351
2024-02-02,La Liga,Ath Bilbao,Mallorca,4,0,1.56,4.0,7.13,pinnacle,0.5561665878626039,0.2622644983375583,0.1815689137998377,0.6215836871333048,0.24241763798198887,0.13599867488470624,-0.06541709927070094,0.019846860355569457,0.045570238915131456,HOME,False,True,2.24,1.67,0.376879055977742,-0.05023091844681038,0.05023091844681016
2024-02-03,La Liga,Valencia,Almería,2,1,1.67,3.97,5.35,pinnacle,0.5767214526330947,0.22369441305107027,0.19958413431583505,0.5770991661209817,0.2427595988468613,0.1801412350321569,-0.0003777134878869548,-0.01906518579579103,0.01944289928367815,HOME,True,True,1.95,1.88,0.5407543591987422,0.04989274039978647,-0.049892740399786584
2024-02-03,La Liga,Granada,Las Palmas,1,1,2.32,3.23,3.41,pinnacle,0.2652707509249386,0.2919741464215354,0.4427551026535259,0.41690670764711896,0.2994500191149585,0.2836432732379225,-0.15163595672218033,-0.007475872693423091,0.15911182941560342,DRAW,True,False,2.25,1.66,0.3485433308973915,-0.07600909877012763,0.07600909877012774
2024-02-03,La Liga,Alaves,Barcelona,1,3,4.31,3.71,1.87,pinnacle,0.1202680303136573,0.24298946153520595,0.6367425081511366,0.22388705123033484,0.2600951996772892,0.5160177490923759,-0.10361902091667753,-0.01710573814208327,0.12072475905876079,AWAY,True,True,1.87,1.97,0.3538885699829622,-0.15913226335037106,0.15913226335037106
2024-02-03,La Liga,Girona,Real Sociedad,0,0,2.19,3.42,3.52,pinnacle,0.4194909094282148,0.24805543278715012,0.332453657784635,0.44198700297389576,0.28302676506223146,0.2749862319638727,-0.02249609354568094,-0.03497133227508134,0.05746742582076231,DRAW,False,False,2.0,1.85,0.5379091301426309,0.05738964962315024,-0.05738964962315041
2024-02-04,La Liga,Villarreal,Cádiz,0,0,1.66,4.02,5.4,pinnacle,0.638229195168875,0.2189936563920756,0.14277714843904943,0.581279521866264,0.2400308473378105,0.17868963079592556,0.056949673302611026,-0.02103719094573489,-0.035912482356876135,DRAW,False,False,1.86,1.98,0.4692631441086337,-0.04636185589136621,0.04636185589136643
2024-02-04,La Liga,Osasuna,Celta,0,3,2.38,3.16,3.36,pinnacle,0.46289254668168056,0.27717234320772793,0.25993511011059156,0.40625669595028924,0.30597814441825577,0.2877651596314549,0.056635850731391324,-0.028805801210527837,-0.02783004952086332,AWAY,False,True,2.45,1.56,0.3921605397610291,0.0031331083395827464,-0.003133108339582802
2024-02-04,La Liga,Betis,Getafe,1,1,1.9,3.45,4.57,pinnacle,0.48762263553780333,0.2943773042868387,0.21800006017535814,0.5085229563450466,0.2800561208856779,0.2114209227692754,-0.0209003208072433,0.014321183401160842,0.006579137406082736,DRAW,True,False,2.28,1.64,0.31665454454260433,-0.10171280239617114,0.10171280239617142
2024-02-04,La Liga,Real Madrid,Ath Madrid,1,1,1.78,4.06,4.36,pinnacle,0.5305922081684272,0.2358469095763183,0.23356088225525454,0.541512181393243,0.23741174455171737,0.22107607405503954,-0.010919973224815749,-0.001564834975399082,0.012484808200214997,DRAW,True,False,1.67,2.24,0.5286502396488009,-0.04423978592664679,0.0442397859266469
2024-02-05,La Liga,Rayo Vallecano,Sevilla,1,2,2.18,3.36,3.61,pinnacle,0.42405503084222884,0.2637431656106248,0.31220180354714644,0.4439141859596987,0.2880157516048045,0.26807006243549675,-0.019859155117469884,-0.02427258599417975,0.04413174111164969,AWAY,True,True,2.18,1.69,0.464598219260908,0.027905712800959714,-0.02790571280095966
2024-02-09,La Liga,Cádiz,Betis,0,2,3.12,2.97,2.7,pinnacle,0.25341623431238147,0.32017091500118783,0.42641285068643064,0.3119092627599244,0.3276622558286075,0.3604284814114682,-0.05849302844754295,-0.007491340827419646,0.06598436927496243,AWAY,False,False,2.67,1.49,0.2708134992133492,-0.0873595777097278,0.08735957770972769
2024-02-10,La Liga,Alaves,Villarreal,1,1,2.24,3.42,3.4,pinnacle,0.2660482033764463,0.27553106672190564,0.45842072990164806,0.4321905384912729,0.28307216556153547,0.2847372959471916,-0.16614233511482662,-0.007541098839629834,0.17368343395445646,DRAW,True,False,2.01,1.82,0.40095094160448114,-0.074244880849827,0.07424488084982672
2024-02-10,La Liga,Real Sociedad,Osasuna,0,1,1.89,3.21,5.12,pinnacle,0.5979149289322536,0.2474646134740375,0.15462045759370885,0.5107446183679368,0.3007187939923366,0.18853658763972667,0.08717031056431679,-0.05325418051829908,-0.03391613004601782,AWAY,False,False,2.79,1.44,0.3901726219480833,0.04974709003318967,-0.049747090033189556
2024-02-10,La Liga,Real Madrid,Girona,4,0,1.45,5.12,6.54,pinnacle,0.6961240673200182,0.16801179631059063,0.13586413636939126,0.6644890636968713,0.188185379367278,0.14732555693585064,0.03163500362314686,-0.020173583056687372,-0.01146142056645938,HOME,False,True,1.44,2.8,0.6846499786658657,0.02427262017529974,-0.02427262017529974
2024-02-10,La Liga,Las Palmas,Valencia,2,0,2.84,2.91,2.97,pinnacle,0.3996347091612617,0.3628993257039359,0.23746596513480248,0.34104388384454204,0.3328400790785221,0.32611603707693576,0.058590825316719664,0.030059246625413816,-0.08865007194213329,HOME,False,False,2.57,1.52,0.18620274096052641,-0.18543540084876453,0.18543540084876464
2024-02-11,La Liga,Getafe,Celta,3,2,2.24,3.14,3.71,pinnacle,0.47367906092224044,0.27979216199491863,0.246528777082841,0.43156475286551527,0.3078678491779472,0.2605673979565375,0.04211430805672517,-0.028075687183028553,-0.014038620873696506,HOME,True,True,2.54,1.53,0.37599663468539135,7.525876401548448e-05,-7.525876401526244e-05
2024-02-11,La Liga,Mallorca,Rayo Vallecano,2,1,2.42,2.97,3.54,pinnacle,0.43235744289663,0.2998780672458743,0.2677644898574956,0.400251256281407,0.3261306532663316,0.2736180904522613,0.032106186615222965,-0.026252586020457325,-0.0058536005947656955,HOME,True,True,2.72,1.46,0.32695784590404114,-0.02232445074667655,0.022324450746676328
2024-02-11,La Liga,Sevilla,Ath Madrid,1,0,3.6,3.64,2.08,pinnacle,0.23335748102807746,0.23307508452729936,0.5335674344446232,0.26883308714918763,0.2658788774002954,0.465288035450517,-0.03547560612111017,-0.03280379287299606,0.06827939899410618,HOME,False,False,1.84,1.99,0.5404633613832854,0.020881115952475993,-0.020881115952476048
2024-02-11,La Liga,Barcelona,Granada,3,3,1.2,7.83,12.33,pinnacle,0.8962779526388903,0.07262128080133796,0.031100766559771724,0.7996287765279424,0.12254847149853523,0.07782275197352236,0.09664917611094792,-0.04992719069719727,-0.04672198541375063,DRAW,True,True,1.4,2.91,0.7793606656901872,0.1041866517690736,-0.10418665176907355
2024-02-12,La Liga,Almería,Ath Bilbao,0,0,4.64,3.99,1.76,pinnacle,0.261381019954142,0.22754353508203873,0.5110754449638192,0.208364982909229,0.24230915305734899,0.549325864033422,0.05301603704491298,-0.014765617975310258,-0.0382504190696028,DRAW,False,False,1.81,2.01,0.5926331468517817,0.06645513638057754,-0.06645513638057748
2024-02-16,La Liga,Villarreal,Getafe,1,1,2.02,3.58,3.93,pinnacle,0.5309954213730604,0.24723957062936894,0.2217650079975706,0.48117621308089026,0.2715016621294409,0.24732212478966878,0.04981920829217018,-0.02426209150007194,-0.025557116792098183,DRAW,True,False,1.95,1.89,0.4702686219001155,-0.02191887809988452,0.021918878099884465
2024-02-17,La Liga,Ath Madrid,Las Palmas,5,0,1.48,4.58,6.96,pinnacle,0.5735179998210724,0.2794078611060186,0.14707413907290898,0.651131628401013,0.21040934716888632,0.13845902443010047,-0.07761362857994059,0.0689985139371323,0.008615114642808508,HOME,False,True,1.81,2.04,0.29558274984523386,-0.23428738002489607,0.23428738002489607
2024-02-17,La Liga,Osasuna,Cádiz,2,0,1.8,3.41,5.36,pinnacle,0.5057866618510393,0.29443131422268654,0.19978202392627437,0.5365727638887259,0.2832348900292394,0.18019234608203477,-0.030786102037686613,0.01119642419344713,0.019589677844239595,HOME,False,False,2.55,1.52,0.3044623719313621,-0.06900200153301139,0.06900200153301161
2024-02-17,La Liga,Celta,Barcelona,1,2,4.09,3.88,1.88,pinnacle,0.1556732260436498,0.2316461587816475,0.6126806151747027,0.2364258673442929,0.24922211274179332,0.5143520199139138,-0.08075264130064311,-0.01757595396014583,0.09832859526078896,AWAY,True,True,1.68,2.22,0.44449823301207486,-0.12473253621869435,0.12473253621869446
2024-02-17,La Liga,Valencia,Sevilla,0,0,2.29,3.28,3.44,pinnacle,0.45817262763902167,0.2695983837390617,0.27222898862191675,0.42303539292141573,0.29535092981403716,0.2816136772645471,0.035137234717605936,-0.025752546074975458,-0.009384688642630368,DRAW,False,False,2.21,1.69,0.42493827846631593,-0.00839505486701736,0.008395054867017526
2024-02-18,La Liga,Rayo Vallecano,Real Madrid,1,1,5.43,4.12,1.64,pinnacle,0.167099254764698,0.22195896822185826,0.6109417770134438,0.17765344327121282,0.23414033906861303,0.5882062176601742,-0.010554188506514822,-0.012181370846754774,0.02273555935326954,DRAW,True,False,1.84,2.0,0.49942701984367366,-0.021406313489659712,0.021406313489659656
2024-02-18,La Liga,Granada,Almería,1,1,2.19,3.51,3.43,pinnacle,0.4313533304907977,0.20935801406372417,0.3592886554454782,0.44200544094809074,0.27578117255735574,0.2822133864945535,-0.01065211045729303,-0.06642315849363156,0.0770752689509247,DRAW,True,False,1.93,1.88,0.7390754702585786,0.24563715004860476,-0.24563715004860487
2024-02-18,La Liga,Mallorca,Real Sociedad,1,2,3.4,2.83,2.6,pinnacle,0.26866436346234435,0.31177645372481533,0.41955918281284055,0.28497288923315256,0.3423702556158017,0.37265685515104563,-0.016308525770808213,-0.030593801890986372,0.04690232766179492,AWAY,True,True,3.25,1.33,0.29588999996021426,0.005496986859777564,-0.005496986859777397
2024-02-18,La Liga,Betis,Alaves,0,0,2.15,3.31,3.75,pinnacle,0.5756152915430812,0.2760592194971461,0.14832548895977293,0.449866806806444,0.29220955729119474,0.2579236359023612,0.12574848473663724,-0.01615033779404862,-0.10959814694258829,DRAW,False,False,2.19,1.69,0.30468920979876296,-0.1308778005105154,0.13087780051051556
2024-02-19,La Liga,Ath Bilbao,Girona,3,2,1.94,3.79,3.88,pinnacle,0.4814478938822928,0.22924202994535178,0.2893100761723555,0.4970491803278689,0.2544262295081967,0.24852459016393444,-0.015601286445576068,-0.025184199562844928,0.04078548600842105,HOME,True,True,1.71,2.15,0.6060535182945446,0.04905869964169485,-0.04905869964169468
2024-02-23,La Liga,Real Sociedad,Villarreal,1,3,1.72,3.84,5.25,pinnacle,0.5497022138591748,0.23763329984883771,0.2126644862919874,0.5632102987026049,0.25227127962720847,0.18451842167018673,-0.013508084843430024,-0.014637979778370752,0.028146064621800665,AWAY,True,True,1.96,1.85,0.49857694822706267,0.013012643765120346,-0.013012643765120568
2024-02-24,La Liga,Barcelona,Getafe,4,0,1.42,5.11,7.29,pinnacle,0.7086740065210898,0.19840536511004195,0.09292062836886839,0.6790369650692035,0.188695203600444,0.13226783133035241,0.02963704145188628,0.009710161509597942,-0.03934720296148403,HOME,False,True,1.63,2.3,0.4386706642921044,-0.14657106598779374,0.146571065987794
2024-02-24,La Liga,Alaves,Mallorca,1,1,1.96,3.09,4.98,pinnacle,0.31751537271954733,0.34430983343619664,0.338174793844256,0.49312618969793687,0.3127920167663289,0.19408179353573415,-0.17561081697838954,0.03151781666986775,0.14409300030852187,DRAW,True,False,2.93,1.41,0.2303025467594282,-0.09458224586729988,0.0945822458672998
2024-02-24,La Liga,Almería,Ath Madrid,2,2,4.55,4.02,1.76,pinnacle,0.1580887067578439,0.1816907478149456,0.6602205454272105,0.21199609279023915,0.239945826416813,0.5480580807929479,-0.053907386032395255,-0.058255078601867405,0.1121624646342626,DRAW,True,True,1.74,2.08,0.6667106875685403,0.12220806976749332,-0.12220806976749327
2024-02-25,La Liga,Cádiz,Celta,2,2,3.15,3.04,2.58,pinnacle,0.35439872829822333,0.3061288297502834,0.3394724419514934,0.3070202221856871,0.3181295065410903,0.37485027127322257,0.047378506112536245,-0.012000676790806908,-0.03537782932172917,DRAW,True,True,2.62,1.5,0.3239776724229771,-0.04009999747993559,0.040099997479935534
2024-02-25,La Liga,Betis,Ath Bilbao,3,1,3.63,3.27,2.21,pinnacle,0.39711089681909806,0.2894626368648871,0.31342646631601484,0.2664800823036163,0.2958173390709869,0.4377025786253969,0.13063081451548175,-0.006354702206099794,-0.12427611230938207,HOME,True,True,2.16,1.7,0.37202335913642276,-0.06839114863559792,0.06839114863559803
2024-02-25,La Liga,Las Palmas,Osasuna,1,1,2.44,3.03,3.42,pinnacle,0.42697158234626276,0.35490040342197154,0.21812801423176578,0.3970253557389485,0.3197167881198133,0.2832578561412381,0.029946226607314275,0.035183615302158244,-0.06512984190947232,DRAW,True,False,2.52,1.53,0.19348689346309908,-0.1842908843146787,0.18429088431467866
2024-02-25,La Liga,Real Madrid,Sevilla,1,0,1.32,6.02,8.92,pinnacle,0.7683678760052083,0.14710739814660204,0.08452472584818954,0.7313945126070565,0.16037221871118182,0.10823326868176171,0.036973363398151826,-0.013264820564579782,-0.02370854283357217,HOME,False,False,1.51,2.55,0.6318120883189483,0.0037332705849582037,-0.0037332705849581482
2024-02-26,La Liga,Girona,Rayo Vallecano,3,0,1.68,4.15,5.01,pinnacle,0.6372699279341852,0.19482732356198146,0.16790274850383324,0.5746635600036484,0.23263488694123596,0.19270155305511563,0.06260636793053687,-0.037807563379254505,-0.02479880455128239,HOME,False,True,1.74,2.11,0.6215232919998754,0.07347134394792743,-0.07347134394792743
2024-03-01,La Liga,Celta,Almería,1,0,1.88,3.78,4.29,pinnacle,0.5278940319051778,0.22580802544398076,0.24629794265084137,0.5166402232714621,0.25695333855829333,0.22640643817024445,0.011253808633715723,-0.031145313114312567,0.019891504480596928,HOME,False,False,1.96,1.88,0.5866094962586903,0.09702616292535693,-0.0970261629253571
2024-03-02,La Liga,Sevilla,Real Sociedad,3,2,2.64,3.02,3.09,pinnacle,0.29750661535882267,0.27152223610032805,0.4309711485408493,0.36649621792303877,0.3203807997737823,0.3131229823031788,-0.0689896025642161,-0.04885856367345426,0.11784816623767047,HOME,True,True,2.63,1.49,0.42948526888408445,0.06783478344719124,-0.06783478344719118
2024-03-02,La Liga,Rayo Vallecano,Cádiz,1,1,1.84,3.32,5.25,pinnacle,0.5089980189013135,0.2842116791732558,0.20679030192543071,0.5250189765895152,0.2909743725676832,0.18400665084280154,-0.016020957688201776,-0.0067626933944274215,0.02278365108262917,DRAW,True,False,2.6,1.5,0.33607583555213294,-0.029777822984452473,0.029777822984452196
2024-03-02,La Liga,Getafe,Las Palmas,3,3,2.05,3.2,4.27,pinnacle,0.3415283947529302,0.37669484383478746,0.28177676141228264,0.47153826244500047,0.3020791993788284,0.22638253817617118,-0.1300098676920703,0.07461564445595908,0.055394223236111456,DRAW,True,True,2.53,1.53,0.17203755171124285,-0.20480973892915127,0.20480973892915144
2024-03-02,La Liga,Valencia,Real Madrid,2,2,5.48,3.96,1.66,pinnacle,0.1967931328876051,0.24880809661344508,0.5543987704989499,0.1759001584107548,0.2434173909320546,0.5806824506571906,0.020892974476850318,0.0053907056813904675,-0.026283680158240674,DRAW,True,True,1.97,1.86,0.4379307461711614,-0.04770894051291169,0.047708940512911746
2024-03-03,La Liga,Villarreal,Granada,5,1,1.65,4.33,5.04,pinnacle,0.7560644857359476,0.13679058931871949,0.10714492494533273,0.5853281729012947,0.22304653239887673,0.1916252946998286,0.17073631283465296,-0.08625594308015724,-0.08448036975449588,HOME,True,True,1.64,2.3,0.7698573729207959,0.18610102774313098,-0.18610102774313123
2024-03-03,La Liga,Ath Madrid,Betis,2,1,1.58,4.36,5.73,pinnacle,0.6076009104894506,0.2312265351729631,0.1611725543375863,0.6104532681734881,0.22121930360415396,0.168327428222358,-0.0028523576840374654,0.010007231568809144,-0.007154873884771706,HOME,True,True,1.74,2.11,0.45449353378510443,-0.09355841426684358,0.09355841426684364
2024-03-03,La Liga,Mallorca,Girona,1,0,3.27,3.3,2.35,pinnacle,0.32374124390220604,0.26169742414691594,0.41456133195087796,0.2956481958025962,0.29296048493166355,0.4113913192657403,0.02809304809960983,-0.03126306078474761,0.0031700126851376687,HOME,False,False,2.15,1.71,0.4764069058730688,0.0334017245259185,-0.0334017245259185
2024-03-03,La Liga,Ath Bilbao,Barcelona,0,0,2.94,3.54,2.43,pinnacle,0.2680141850445142,0.27416618902223555,0.4578196259332502,0.3289057123193393,0.2731589814177564,0.39793530626290435,-0.06089152727482511,0.0010072076044791434,0.059884319670345854,DRAW,False,False,1.74,2.12,0.40664677062258664,-0.14257602730487456,0.14257602730487434
2024-03-04,La Liga,Osasuna,Alaves,1,0,2.44,3.05,3.38,pinnacle,0.49981795759569037,0.2992112710108259,0.2009707713934838,0.39652745190051614,0.31722196152041293,0.2862505865790708,0.10329050569517423,-0.018010690509587035,-0.08527981518558703,HOME,False,False,2.58,1.5,0.29371289583860977,-0.07393416298491967,0.07393416298491962
2024-03-08,La Liga,Barcelona,Mallorca,1,0,1.47,4.68,7.38,pinnacle,0.7087405191417893,0.20273963047269572,0.08851985038551512,0.6608120673623308,0.20756276474842442,0.13162516788924478,0.04792845177945848,-0.004823134275728697,-0.04310531750372966,HOME,False,False,1.81,2.03,0.4136818915862131,-0.11496394174712016,0.11496394174712032
2024-03-09,La Liga,Valencia,Getafe,1,0,2.0,3.15,4.62,pinnacle,0.43704394628783516,0.30168979523988204,0.26126625847228274,0.48360083740404747,0.3070481507327285,0.209351011863224,-0.04655689111621231,-0.005358355492846467,0.051915246609058746,HOME,False,False,2.69,1.48,0.3194656624694668,-0.035450404676816205,0.03545040467681615
2024-03-09,La Liga,Cádiz,Ath Madrid,2,0,4.96,3.76,1.76,pinnacle,0.15003060458553374,0.23604777382463632,0.6139216215898302,0.19465361445783133,0.2567771084337349,0.5485692771084338,-0.04462300987229759,-0.020729334609098593,0.06535234448139637,HOME,False,False,2.13,1.74,0.42056531199648556,-0.029047091104289602,0.029047091104289824
2024-03-09,La Liga,Granada,Real Sociedad,2,3,4.45,3.5,1.91,pinnacle,0.17604483611606878,0.20380880362376055,0.6201463602601707,0.21733123100180435,0.27632113655943696,0.5063476324387588,-0.04128639488573557,-0.07251233293567641,0.11379872782141187,AWAY,True,True,2.27,1.65,0.593771736960173,0.17285336961323428,-0.17285336961323422
2024-03-09,La Liga,Girona,Osasuna,2,0,1.62,4.2,5.54,pinnacle,0.6151784629338491,0.20804882883843148,0.1767727082277194,0.5959003042502843,0.2298472602108239,0.1742524355388918,0.01927815868356486,-0.02179843137239243,0.002520272688827596,HOME,False,False,1.72,2.14,0.5754189539439566,0.0210148088662363,-0.0210148088662363
2024-03-10,La Liga,Alaves,Rayo Vallecano,1,0,2.2,3.1,3.89,pinnacle,0.33944278705619657,0.31396190094724646,0.346595311996557,0.4395159820680103,0.3119145679192331,0.24856945001275646,-0.10007319501181372,0.002047333028013354,0.09802586198380056,HOME,False,False,2.57,1.52,0.30208373707576286,-0.06955440473352809,0.06955440473352814
2024-03-10,La Liga,Las Palmas,Ath Bilbao,0,2,4.14,3.38,2.01,pinnacle,0.33661922085211116,0.34861261428711054,0.31476816486077824,0.23339654532712206,0.28587624190955185,0.4807272127633261,0.1032226755249891,0.06273637237755869,-0.16595904790254784,AWAY,False,False,2.19,1.69,0.2216632698029824,-0.21390374050629596,0.2139037405062959
2024-03-10,La Liga,Real Madrid,Celta,4,0,1.29,6.13,10.04,pinnacle,0.7924557823973843,0.13803027099439613,0.06951394660821955,0.7468669793518558,0.1571710282812225,0.09596199236692173,0.04558880304552859,-0.019140757286826376,-0.026448045758702174,HOME,False,True,1.52,2.52,0.6176065710016414,-0.00615580523598247,0.00615580523598247
2024-03-10,La Liga,Betis,Villarreal,2,3,2.08,3.66,3.59,pinnacle,0.453276570030544,0.2636037457585336,0.2831196842109226,0.46561585292387503,0.26461228800045355,0.26977185907567136,-0.012339282893331027,-0.0010085422419199297,0.013347825135251234,AWAY,True,True,1.76,2.09,0.4528749553643215,-0.08998218749282144,0.08998218749282139
2024-03-11,La Liga,Almería,Sevilla,2,2,3.11,3.36,2.42,pinnacle,0.37850031840700304,0.23374466759308243,0.3877550139999145,0.3114566974374689,0.2882828360209906,0.4002604665415406,0.06704362096953415,-0.05453816842790815,-0.012505452541626105,DRAW,True,True,1.93,1.89,0.6143756212000429,0.11961122329428375,-0.11961122329428364
2024-03-15,La Liga,Real Sociedad,Cádiz,2,0,1.48,4.15,8.55,pinnacle,0.6679279246044661,0.22616608521166703,0.10590599018386679,0.6537118748675812,0.23313098188048675,0.11315714325193217,0.01421604973688495,-0.00696489666881972,-0.007251153068065383,HOME,False,False,2.43,1.58,0.3776259592287573,-0.016389003364758903,0.016389003364758903
2024-03-16,La Liga,Mallorca,Granada,1,0,1.84,3.43,5.0,pinnacle,0.5981511176796837,0.22024433960953707,0.18160454271077917,0.5250878718479419,0.2816797913120154,0.19323233684004262,0.07306324583174173,-0.061435451702478355,-0.011627794129263458,HOME,False,False,2.41,1.59,0.5294490580573235,0.13194905805732343,-0.13194905805732354
2024-03-16,La Liga,Osasuna,Real Madrid,2,4,6.12,4.36,1.55,pinnacle,0.1745332421391863,0.23651567673881263,0.5889510811220011,0.15742932220130829,0.22097877336513913,0.6215919044335526,0.01710391993787802,0.0155369033736735,-0.03264082331155149,AWAY,True,True,1.83,2.01,0.4545723051630029,-0.06886519483699699,0.06886519483699716
2024-03-16,La Liga,Getafe,Girona,1,0,3.13,3.56,2.31,pinnacle,0.3424550734242252,0.25442542788587874,0.4031194986898961,0.30919625367056813,0.2718495151654153,0.4189542311640166,0.033258819753657076,-0.017424087279536538,-0.015834732474120483,HOME,False,False,1.85,1.99,0.5117440240531471,-0.006485142613519623,0.006485142613519457
2024-03-16,La Liga,Ath Bilbao,Alaves,2,0,1.55,4.08,6.75,pinnacle,0.6431912764930067,0.23106826573088432,0.125740457776109,0.6212987716151737,0.23603262156949,0.14266860681533616,0.021892504877833008,-0.0049643558386056885,-0.016928149039227153,HOME,False,False,2.19,1.69,0.39773236115939814,-0.03783464914988022,0.03783464914988022
2024-03-17,La Liga,Sevilla,Celta,1,2,2.03,3.45,4.05,pinnacle,0.5065645597054996,0.24755672347139634,0.24587871682310386,0.4785512458258413,0.28158232725404575,0.23986642692011304,0.02801331387965833,-0.034025603782649405,0.006012289902990825,AWAY,True,True,2.07,1.78,0.4912117977257959,0.028874135388133493,-0.02887413538813366
2024-03-17,La Liga,Las Palmas,Almería,0,1,1.92,3.65,4.18,pinnacle,0.5442175774957917,0.27259562990672814,0.18318679259748016,0.5036876126587126,0.2649534839191036,0.2313589034221838,0.04052996483707905,0.007642145987624527,-0.04817211082470363,AWAY,False,False,1.93,1.88,0.34832456904659975,-0.14511375116337405,0.1451137511633741
2024-03-17,La Liga,Villarreal,Valencia,1,0,2.13,3.49,3.61,pinnacle,0.5173002538323721,0.2475932432512091,0.2351065029164187,0.4544746211479011,0.2773727630501517,0.2681526158019472,0.062825632684471,-0.029779519798942583,-0.0330461128855285,HOME,False,False,1.98,1.85,0.4816089927685231,-0.001419727858108788,0.0014197278581087325
2024-03-17,La Liga,Rayo Vallecano,Betis,2,0,2.51,3.31,3.0,pinnacle,0.33842255111059744,0.2975239194786264,0.3640535294107761,0.38536019341744254,0.29222177808996397,0.32241802849259354,-0.046937642306845107,0.005302141388662418,0.04163550091818258,HOME,False,False,2.25,1.66,0.34976238539318394,-0.07479004427433517,0.07479004427433522
2024-03-17,La Liga,Ath Madrid,Barcelona,0,3,2.42,3.66,2.89,pinnacle,0.3821823182496224,0.27395987382207587,0.34385780792830173,0.4002285420229753,0.2646319868020765,0.33513947117494813,-0.01804622377335291,0.00932788701999937,0.008718336753353595,AWAY,False,True,1.65,2.26,0.4316647552830867,-0.14634035980642734,0.14634035980642757
2024-03-29,La Liga,Cádiz,Granada,1,0,2.02,3.37,4.23,pinnacle,0.4856786228525759,0.2511105770375702,0.26321080010985404,0.48147572710599823,0.2885996939923194,0.22992457890168236,0.004202895746577673,-0.03748911695474916,0.03328622120817168,HOME,False,False,2.33,1.61,0.4902232615890366,0.08159381996467113,-0.08159381996467097
2024-03-30,La Liga,Getafe,Sevilla,0,1,2.54,3.19,3.07,pinnacle,0.43816280742310526,0.2763464313534391,0.28549076122345546,0.3811556918622074,0.3034907389749238,0.3153535691628687,0.05700711556089788,-0.027144307621484676,-0.02986280793941326,AWAY,False,False,2.24,1.67,0.40738795638201275,-0.019722018042539646,0.01972201804253948
2024-03-30,La Liga,Almería,Osasuna,0,3,2.63,3.25,2.89,pinnacle,0.3901308189281146,0.25432794590240726,0.35554123516947816,0.36774638126597947,0.2975916869937003,0.33466193174032033,0.022384437662135104,-0.04326374109129305,0.020879303429157836,AWAY,False,True,2.12,1.75,0.5141422471366772,0.061945864707736664,-0.06194586470773683
2024-03-30,La Liga,Valencia,Mallorca,0,0,2.09,2.99,4.52,pinnacle,0.443216116820283,0.3097330934173478,0.24705078976236916,0.46266607784133895,0.3234020410329091,0.21393188112575184,-0.01944996102105595,-0.013668947615561311,0.03311890863661732,DRAW,False,False,2.99,1.4,0.29299211566569455,-0.025914490256856715,0.02591449025685666
2024-03-30,La Liga,Barcelona,Las Palmas,1,0,1.27,6.49,10.02,pinnacle,0.5969489500914131,0.28569172648384633,0.11735932342474047,0.7561824471641617,0.1479740690136341,0.09584348382220413,-0.1592334970727486,0.13771765747021222,0.021515839602536335,HOME,False,False,1.46,2.74,0.2524617244675254,-0.399919227913427,0.399919227913427
2024-03-31,La Liga,Celta,Rayo Vallecano,0,0,1.97,3.4,4.29,pinnacle,0.43160207912391646,0.27259422273007716,0.29580369814600616,0.49052809287278076,0.2842177479292289,0.22525415919799022,-0.0589260137488643,-0.011623525199151719,0.07054953894801594,DRAW,False,False,2.2,1.69,0.42490667632873313,-0.00954062444247511,0.009540624442474832
2024-03-31,La Liga,Girona,Betis,3,2,1.79,3.98,4.4,pinnacle,0.5085803356644928,0.24067737019936364,0.2507422941361436,0.538628576349801,0.24224752554425724,0.2191238981059418,-0.030048240685308203,-0.0015701553448936034,0.03161839603020178,HOME,True,True,1.72,2.15,0.524073730253842,-0.03148182530171362,0.03148182530171356
2024-03-31,La Liga,Alaves,Real Sociedad,0,1,3.48,2.98,2.44,pinnacle,0.1985795643133192,0.2968580927077398,0.5045623429789411,0.2782403722524949,0.3249249984693566,0.39683462927814855,-0.07966080793917574,-0.0280669057616168,0.10772771370079254,AWAY,False,False,2.75,1.45,0.29773104299891023,-0.047507052239184944,0.04750705223918528
2024-03-31,La Liga,Real Madrid,Ath Bilbao,2,0,1.57,4.36,5.87,pinnacle,0.6506396667193605,0.20359275774877356,0.14576757553186603,0.6144191596065712,0.22124726618860477,0.164333574204824,0.036220507112789235,-0.017654508439831212,-0.018565998672957967,HOME,False,False,1.76,2.09,0.5371550842801871,-0.005702058576955826,0.005702058576955826
2024-04-01,La Liga,Villarreal,Ath Madrid,1,2,2.99,3.72,2.32,pinnacle,0.29838949513851787,0.23683616031069407,0.4647743445507882,0.323357062570251,0.2599025852379168,0.41674035219183214,-0.024967567431733118,-0.023066424927222745,0.04803399235895606,AWAY,True,True,1.59,2.36,0.5754633743144119,-0.022004980115967854,0.022004980115967798
2024-04-04,La Liga,Granada,Valencia,0,1,3.37,3.23,2.34,pinnacle,0.30056364273194996,0.24337348915173065,0.4560628681163192,0.2870664018139624,0.29950890839413424,0.4134246897919033,0.01349724091798754,-0.05613541924240359,0.04263817832441591,AWAY,False,False,2.33,1.6,0.5464942731360437,0.13936959120220144,-0.13936959120220171
2024-04-12,La Liga,Betis,Celta,2,1,2.12,3.5,3.7,pinnacle,0.5479161095697693,0.26006935570168205,0.19201453472854862,0.4589919897923017,0.27801800524562276,0.26299000496207553,0.08892411977746761,-0.01794864954394071,-0.0709754702335269,HOME,True,True,2.03,1.81,0.3946559859443495,-0.07669818072231716,0.07669818072231727
2024-04-13,La Liga,Ath Madrid,Girona,3,1,1.97,3.88,3.71,pinnacle,0.6331044184818302,0.1883500620645309,0.17854551945363886,0.49050161685481697,0.2490433467020592,0.26045503644312384,0.14260280162701322,-0.060693284637528294,-0.08190951698948498,HOME,True,True,1.64,2.29,0.6739572288337975,0.09126002781598586,-0.09126002781598591
2024-04-13,La Liga,Rayo Vallecano,Getafe,0,0,2.26,3.07,3.77,pinnacle,0.40769716163967507,0.29409277194579864,0.29821006641452635,0.4281507677852051,0.3151859072294995,0.25666332498529537,-0.020453606145530046,-0.02109313528370088,0.04154674142923098,DRAW,False,False,2.6,1.5,0.3537576148391782,-0.012096043697407188,0.012096043697407022
2024-04-13,La Liga,Mallorca,Real Madrid,0,1,5.09,3.68,1.76,pinnacle,0.17558835854732485,0.25278768490185727,0.5716239565508179,0.18956635759108365,0.26219911960288467,0.5482345228060317,-0.013977999043758793,-0.009411434701027399,0.023389433744786192,AWAY,False,False,2.08,1.77,0.3998539210645931,-0.05988633867566662,0.05988633867566673
2024-04-13,La Liga,Cádiz,Barcelona,0,1,4.43,3.5,1.91,pinnacle,0.11871471972160752,0.23767076452008454,0.6436145157583077,0.21809841670663238,0.27605028171725177,0.5058513015761159,-0.09938369698502486,-0.03837951719716723,0.13776321418219184,AWAY,False,False,1.97,1.86,0.3663551917679971,-0.11928449491607601,0.11928449491607607
2024-04-14,La Liga,Las Palmas,Sevilla,0,2,2.8,3.11,2.83,pinnacle,0.43548684614539634,0.32576584002412773,0.23874731383047618,0.3460541887997232,0.31156004136309484,0.34238576983718194,0.08943265734567313,0.014205798661032887,-0.10363845600670576,AWAY,False,False,2.17,1.7,0.25341125339408493,-0.1858652323940288,0.18586523239402886
2024-04-14,La Liga,Granada,Alaves,2,0,3.12,3.14,2.54,pinnacle,0.4273850120964503,0.26236648560939896,0.3102485022941507,0.3103684448111078,0.3083915757358779,0.38123997945301435,0.11701656728534249,-0.04602509012647893,-0.07099147715886367,HOME,False,False,2.34,1.61,0.469438731510101,0.06184379480124025,-0.06184379480124025
2024-04-14,La Liga,Ath Bilbao,Villarreal,1,1,1.78,4.02,4.47,pinnacle,0.5154775104439359,0.23482896450069216,0.2496935250553719,0.5431841265235056,0.24051436448055719,0.21630150899593734,-0.0277066160795697,-0.00568539997986503,0.033392016059434565,DRAW,True,False,1.7,2.17,0.5487076064506803,-0.01201590776120609,0.012015907761205924
2024-04-14,La Liga,Real Sociedad,Almería,2,2,1.34,5.32,9.55,pinnacle,0.7290068103556919,0.16497548428100942,0.10601770536329873,0.7182907829293189,0.18092286637693372,0.10078635069374736,0.01071602742637301,-0.015947382095924306,0.005231354669551366,DRAW,True,True,1.76,2.08,0.6153388676825353,0.07367220101586858,-0.07367220101586863
2024-04-15,La Liga,Osasuna,Valencia,0,1,2.2,3.14,3.68,pinnacle,0.39609165149127623,0.30197860991843534,0.30192973859028854,0.4350733455826982,0.30482845868851466,0.260098195728787,-0.03898169409142199,-0.002849848770079322,0.041831542861501536,AWAY,False,False,2.61,1.49,0.331264101672274,-0.03215053247406746,0.03215053247406752
2024-04-19,La Liga,Ath Bilbao,Granada,1,1,1.28,6.09,12.01,pinnacle,0.7714835191238438,0.13675425876782532,0.09176222210833065,0.7594407162785579,0.15961972361848178,0.08093956010296037,0.012042802845285916,-0.022865464850656464,0.010822662005370284,DRAW,True,False,1.7,2.2,0.7155131222372147,0.15141055813465065,-0.15141055813465076
2024-04-20,La Liga,Celta,Las Palmas,4,1,1.76,3.72,4.99,pinnacle,0.32562696806009545,0.35187637666996596,0.32249665526993865,0.5476980089931666,0.25912593973870246,0.19317605126813087,-0.22207104093307112,0.0927504369312635,0.12932060400180778,HOME,True,True,2.05,1.8,0.21553432600301922,-0.2519981415294483,0.2519981415294482
2024-04-20,La Liga,Rayo Vallecano,Osasuna,2,1,2.24,3.12,3.73,pinnacle,0.4268711270540334,0.28642206355428934,0.28670680939167725,0.43131615619533314,0.3096628813710084,0.2590209624336585,-0.004445029141299739,-0.02324081781671905,0.027685846958018734,HOME,True,True,2.61,1.5,0.3741862916259797,0.009222787976344682,-0.009222787976344793
2024-04-20,La Liga,Valencia,Betis,1,2,2.25,3.28,3.52,pinnacle,0.36836454174283423,0.3102564141982811,0.32137904405888434,0.43007420210388286,0.2950204130285782,0.2749053848675388,-0.061709660361048635,0.015236001169702917,0.04647365919134555,AWAY,True,True,2.23,1.67,0.3111092153958377,-0.11709591280929055,0.11709591280929021
2024-04-20,La Liga,Girona,Cádiz,4,1,1.43,4.89,7.51,pinnacle,0.6993338214519325,0.18423321074448326,0.11643296780358439,0.6743787174576125,0.19721095418494594,0.1284103283574415,0.024955103994319994,-0.01297774344046268,-0.01197736055385712,HOME,True,True,1.71,2.17,0.5544253778116532,-0.004852972703810687,0.004852972703810576
2024-04-21,La Liga,Getafe,Real Sociedad,1,1,3.88,3.07,2.22,pinnacle,0.28410728515757927,0.3032257100450451,0.41266700479737556,0.24927763106881345,0.315047950666774,0.4356744182644126,0.034829654088765816,-0.011822240621728874,-0.023007413467037052,DRAW,True,False,2.66,1.48,0.3231853156161889,-0.03430260708912514,0.034302607089124915
2024-04-21,La Liga,Almería,Villarreal,1,2,3.32,3.81,2.05,pinnacle,0.30436586125684195,0.2187050344802073,0.47692910426295076,0.28645881088693853,0.24961765148153173,0.46392353763152977,0.01790705036990342,-0.030912617001324416,0.013005566631420995,AWAY,True,True,1.63,2.32,0.6679142932906341,0.08057252113873548,-0.08057252113873536
2024-04-21,La Liga,Alaves,Ath Madrid,2,0,4.21,3.4,1.99,pinnacle,0.15182564253140657,0.2408215493234383,0.6073528081451554,0.22968371811975738,0.2844024862600525,0.48591379562019016,-0.07785807558835081,-0.04358093693661419,0.1214390125249652,HOME,False,False,2.2,1.69,0.40742502625262106,-0.027022274518587186,0.027022274518587408
2024-04-21,La Liga,Real Madrid,Barcelona,3,2,1.88,3.96,3.99,pinnacle,0.43994219082247804,0.27206299886580393,0.2879948103117179,0.5138943095777067,0.24397002575911328,0.24213566466318007,-0.07395211875522861,0.02809297310669065,0.04585914564853785,HOME,True,True,1.54,2.48,0.42364949094430865,-0.19326593194126346,0.19326593194126324
2024-04-22,La Liga,Sevilla,Mallorca,2,1,2.02,3.02,4.81,pinnacle,0.4560525450867421,0.2818682646897644,0.2620791902234934,0.4787363064713869,0.32021435068615944,0.20104934284245354,-0.022683761384644785,-0.03834608599639505,0.061029847381039865,HOME,True,True,2.63,1.49,0.37805076164429086,0.016400276207397646,-0.01640027620739759
2024-04-26,La Liga,Real Sociedad,Real Madrid,0,1,2.51,3.23,3.14,pinnacle,0.31354484889938566,0.27647954322131796,0.4099756078792964,0.3881305274598273,0.30161226746878217,0.31025720507139054,-0.07458567856044163,-0.02513272424746421,0.09971840280790584,AWAY,False,False,2.23,1.68,0.41658082047845535,-0.01308669870313034,0.013086698703130395
2024-04-27,La Liga,Las Palmas,Girona,0,2,4.49,4.04,1.77,pinnacle,0.360721915443063,0.30434513126338636,0.3349329532935506,0.21514124021818598,0.2391049922226869,0.5457537675591272,0.145580675224877,0.06524013904069945,-0.21082081426557658,AWAY,False,False,1.71,2.18,0.32895633614404335,-0.2314549749099412,0.23145497490994138
2024-04-27,La Liga,Almería,Getafe,1,3,2.69,3.3,2.67,pinnacle,0.3711048422302501,0.2594033031146755,0.3694918546550746,0.35427799423408646,0.2887902437847553,0.3569317619811582,0.01682684799616363,-0.029386940670079797,0.01256009267391639,AWAY,True,True,2.1,1.76,0.4925721999500481,0.0366136507272502,-0.03661365072725009
2024-04-27,La Liga,Alaves,Celta,3,0,2.7,3.09,2.95,pinnacle,0.3545924683142726,0.3097688675304949,0.3356386641552328,0.3585462269160422,0.31329281963537675,0.32816095344858104,-0.003953758601769608,-0.003523952104881878,0.007477710706651763,HOME,False,True,2.41,1.59,0.31348848529510037,-0.08401151470489965,0.08401151470489965
2024-04-27,La Liga,Ath Madrid,Ath Bilbao,3,1,1.97,3.57,4.05,pinnacle,0.5919940786361353,0.22243084876845795,0.18557507259540656,0.4906192420062504,0.2707338674376228,0.23864689055612676,0.10137483662988489,-0.04830301866916484,-0.05307181796072019,HOME,True,True,1.96,1.87,0.5261701785281404,0.03791952578662594,-0.03791952578662616
2024-04-28,La Liga,Cádiz,Mallorca,1,1,2.69,2.85,3.23,pinnacle,0.3175670019173987,0.34012718797403474,0.3423058101085665,0.3601427190961124,0.33992418048019024,0.2999331004236973,-0.04257571717871372,0.00020300749384449812,0.04237270968486917,DRAW,True,False,3.04,1.38,0.23893472766129642,-0.07328246690883933,0.07328246690883944
2024-04-28,La Liga,Granada,Osasuna,3,0,2.64,3.15,2.97,pinnacle,0.33335785613760693,0.24581895735937812,0.42082318650301476,0.3667054714784634,0.3073341094295693,0.3259604190919674,-0.03334761534085645,-0.061515152070191176,0.09486276741104738,HOME,False,True,2.3,1.64,0.5484172245476745,0.13217356972533945,-0.1321735697253396
2024-04-28,La Liga,Villarreal,Rayo Vallecano,3,0,1.74,3.93,4.84,pinnacle,0.574337052905836,0.22420056744557157,0.20146237964859265,0.5548612934278463,0.24566377876958082,0.19947492780257287,0.01947575947798974,-0.021463211324009246,0.001987451846019783,HOME,False,True,1.8,2.03,0.541109695529474,0.01108358586889957,-0.011083585868899348
2024-04-28,La Liga,Betis,Sevilla,1,1,2.08,3.42,3.84,pinnacle,0.5142751888567789,0.2612973145696485,0.22442749657357253,0.46514790887453245,0.2828969738184291,0.25195511730703846,0.049127279982246475,-0.0215996592487806,-0.02752762073346593,DRAW,True,False,2.05,1.78,0.4212010575399535,-0.04355090068458961,0.04355090068458922
2024-04-29,La Liga,Barcelona,Valencia,4,2,1.36,5.49,8.18,pinnacle,0.7000113722149381,0.20098145787457514,0.09900716991048669,0.7072224304481617,0.1751953561765938,0.11758221337524451,-0.007211058233223544,0.025786101697981345,-0.018575043464757815,HOME,True,True,1.64,2.28,0.44423007865407216,-0.1374025744071522,0.13740257440715226
2024-05-03,La Liga,Getafe,Ath Bilbao,0,2,4.08,3.3,2.08,pinnacle,0.3277480529002557,0.29014869927667286,0.3821032478230714,0.23821422622022326,0.2945194069631851,0.4672663668165917,0.08953382668003246,-0.004370707686512265,-0.0851631189935203,AWAY,False,False,2.43,1.58,0.3722932044501385,-0.02172175814337768,0.021721758143377734
2024-05-04,La Liga,Real Sociedad,Las Palmas,2,0,1.36,5.08,9.57,pinnacle,0.47488145972184836,0.33930378754532653,0.18581475273282508,0.7093067365435457,0.189893142066776,0.10080012138967838,-0.23442527682169734,0.14941064547855054,0.0850146313431467,HOME,False,False,1.88,1.95,0.20616611128672513,-0.30297226991431925,0.3029722699143191
2024-05-04,La Liga,Real Madrid,Cádiz,3,0,1.35,5.53,8.54,pinnacle,0.8099819050916282,0.13712405285999682,0.052894042048375084,0.7131637086288728,0.1740996395386941,0.11273665183243306,0.09681819646275536,-0.03697558667869727,-0.059842609784057976,HOME,False,True,1.67,2.22,0.5480187971908158,-0.02267529021278314,0.022675290212783417
2024-05-04,La Liga,Girona,Barcelona,4,2,2.75,3.87,2.43,pinnacle,0.27287153717804824,0.2387642415799666,0.4883642212419851,0.35183002794706897,0.25000841779184485,0.39816155426108624,-0.07895849076902073,-0.01124417621187826,0.09020266698089885,HOME,True,True,1.45,2.77,0.5501194025807441,-0.1062787016846587,0.10627870168465875
2024-05-04,La Liga,Mallorca,Ath Madrid,0,1,3.82,3.16,2.19,pinnacle,0.21629649831029973,0.2674966167369558,0.5162068849527444,0.25296263533815344,0.30579660347840065,0.4412407611834458,-0.03666613702785371,-0.03829998674144486,0.07496612376929856,AWAY,False,False,2.39,1.59,0.39348553192963287,-0.006011955507553124,0.006011955507552846
2024-05-05,La Liga,Osasuna,Betis,0,2,3.22,3.29,2.39,pinnacle,0.34094019944564374,0.30935349225808934,0.3497063082962669,0.30066111720778355,0.2942640721608094,0.40507481063140716,0.0402790822378602,0.015089420097279926,-0.055368502335140235,AWAY,False,False,2.16,1.71,0.31481475043574825,-0.12704571468053077,0.1270457146805306
2024-05-05,La Liga,Celta,Villarreal,3,2,2.44,3.69,2.84,pinnacle,0.3442398761052965,0.25155853431172326,0.4042015895829799,0.39676217591470797,0.2623576447782893,0.34088017930700265,-0.05252229980941148,-0.010799110466566064,0.06332141027597726,HOME,True,True,1.66,2.25,0.5248488026261087,-0.05059876770637217,0.05059876770637223
2024-05-05,La Liga,Valencia,Alaves,0,1,2.15,2.93,4.37,pinnacle,0.5278931080528727,0.2910972764844751,0.1810096154626521,0.4492808544831241,0.3296770775217463,0.22104206799512968,0.0786122535697486,-0.03857980103727121,-0.040032452532477586,AWAY,False,False,2.67,1.46,0.2985863677811253,-0.054924528102651915,0.054924528102652026
2024-05-05,La Liga,Sevilla,Granada,3,0,1.67,4.08,5.18,pinnacle,0.6660046324615093,0.17605223914875923,0.15794312838973132,0.5774647117649309,0.23636423251162608,0.18617105572344295,0.08853992069657846,-0.060311993362866856,-0.028227927333711628,HOME,False,True,1.83,2.01,0.695363828990256,0.17192632899025606,-0.171926328990256
2024-05-05,La Liga,Rayo Vallecano,Almería,0,1,1.6,4.2,5.76,pinnacle,0.5420651963244453,0.2250489551914051,0.23288584848414945,0.6028708133971291,0.2296650717703349,0.16746411483253587,-0.06080561707268384,-0.004616116578929796,0.06542173365161358,AWAY,False,False,1.83,2.0,0.5759764628283535,0.05378325134010287,-0.05378325134010287
2024-05-10,La Liga,Alaves,Girona,2,2,3.57,3.63,2.12,pinnacle,0.23457352262476083,0.2501804263553104,0.5152460510199287,0.2726702594683079,0.2681633130308152,0.45916642750087694,-0.038096736843547085,-0.017982886675504794,0.05607962351905177,DRAW,True,True,1.8,2.04,0.4709760504018506,-0.06027394959814941,0.0602739495981493
2024-05-11,La Liga,Mallorca,Las Palmas,1,0,1.62,3.32,7.34,pinnacle,0.32275508762784916,0.3904300396171543,0.2868148727549965,0.5852538546520005,0.28557567606513284,0.12917046928286663,-0.26249876702415137,0.10485436355202143,0.15764440347212988,HOME,False,False,2.53,1.53,0.15315260273051323,-0.2236946879098809,0.22369468790988078
2024-05-11,La Liga,Villarreal,Sevilla,3,2,1.84,3.94,3.91,pinnacle,0.5553592618203398,0.21996093987819781,0.22467979830146237,0.516104176298351,0.24102327014948371,0.24287255355216522,0.03925508552198875,-0.0210623302712859,-0.018192755250702852,HOME,True,True,1.59,2.4,0.5900415703854972,-0.011462189012999002,0.011462189012999002
2024-05-11,La Liga,Granada,Real Madrid,0,4,5.32,4.58,1.54,pinnacle,0.08534737098425088,0.1279008685891641,0.7867517604265848,0.1780589524280766,0.20682830282038595,0.6151127447515373,-0.09271158144382571,-0.07892743423122184,0.17163901567504747,AWAY,False,True,1.63,2.26,0.740736786656319,0.1597599229031057,-0.15975992290310587
2024-05-11,La Liga,Ath Bilbao,Osasuna,2,2,1.45,4.29,7.49,pinnacle,0.5732933885463495,0.2456941108147969,0.18101250063885352,0.6529176174636429,0.22068311079773476,0.12639927173862245,-0.07962422891729337,0.025011000017062135,0.05461322890023107,DRAW,True,True,1.94,1.88,0.4302370116826455,-0.06190958517599332,0.06190958517599321
2024-05-12,La Liga,Cádiz,Getafe,1,0,2.1,3.28,3.71,pinnacle,0.3101869398616475,0.3281228354997425,0.36169022463861,0.45325129060854147,0.2901913750847369,0.25655733430672156,-0.14306435074689394,0.03793146041500561,0.10513289033188844,HOME,False,False,2.56,1.52,0.2649160911952489,-0.10763292841259425,0.10763292841259431
2024-05-12,La Liga,Ath Madrid,Celta,1,0,1.43,4.22,8.29,pinnacle,0.745359336475499,0.16120724248775117,0.0934334210367497,0.661655927116057,0.2242104207999909,0.11413365208395194,0.08370340935944198,-0.06300317831223973,-0.02070023104720224,HOME,False,False,1.59,2.37,0.5932723621503133,-0.0052124863345350825,0.005212486334535138
2024-05-12,La Liga,Valencia,Rayo Vallecano,0,0,2.27,3.0,3.63,pinnacle,0.47549733427321283,0.2789929697510881,0.245509695975699,0.41981333919298686,0.31765875998936005,0.2625279008176529,0.05568399508022598,-0.038665790238271935,-0.017018204841953932,DRAW,False,False,2.54,1.52,0.37789782949728457,0.003513593044082608,-0.003513593044082719
2024-05-12,La Liga,Betis,Almería,3,2,1.35,5.27,8.02,pinnacle,0.6347839456020896,0.2071454077369664,0.15807064666094403,0.7020025943870221,0.1798298866076812,0.11816751900529675,-0.06721864878493244,0.027315521129285203,0.03990312765564728,HOME,True,True,1.52,2.52,0.5458022143575788,-0.07796016188004506,0.0779601618800449
2024-05-13,La Liga,Barcelona,Real Sociedad,2,0,1.79,3.74,4.39,pinnacle,0.5685495194572907,0.2571458252000812,0.17430465534262815,0.5301230494038028,0.25372199423337083,0.21615495636282625,0.03842647005348787,0.003423830966710395,-0.0418503010201981,HOME,False,False,1.91,1.9,0.38458713094400776,-0.11410053309798701,0.11410053309798707
2024-05-14,La Liga,Osasuna,Mallorca,1,1,2.88,2.92,2.96,pinnacle,0.4151676527228374,0.3135015929115996,0.271330754365563,0.33792068059552105,0.33329163017640434,0.32878768922807455,0.07724697212731635,-0.019790037264804716,-0.05745693486251158,DRAW,True,False,2.91,1.42,0.2924134384179148,-0.0355311343303531,0.03553113433035304
2024-05-14,La Liga,Real Madrid,Alaves,5,0,1.21,7.35,14.08,pinnacle,0.8036612478951879,0.1419658215219372,0.05437293058287493,0.7996396181992809,0.13164135211171835,0.0687190296890007,0.004021629695907025,0.010324469410218862,-0.014346099106125776,HOME,False,True,1.49,2.63,0.5330460359213949,-0.10530347864171186,0.10530347864171191
2024-05-14,La Liga,Girona,Villarreal,0,1,1.72,4.58,4.36,pinnacle,0.5466557825259233,0.20423745129638476,0.24910676617769204,0.5649585804173646,0.21216785116110634,0.22287356842152914,-0.01830279789144129,-0.007930399864721577,0.026233197756162896,AWAY,False,False,1.33,3.36,0.6954032528483547,-0.02101465759940646,0.021014657599406572
2024-05-15,La Liga,Sevilla,Cádiz,0,1,1.92,3.69,4.13,pinnacle,0.5543455198818815,0.2583302167980392,0.1873242633200793,0.5037234622745347,0.2621000128908148,0.23417652483465048,0.05062205760734684,-0.0037697960927756125,-0.0468522615145712,AWAY,False,False,2.05,1.8,0.39529425271744717,-0.07223821481502041,0.07223821481502035
2024-05-15,La Liga,Rayo Vallecano,Granada,2,1,1.68,3.79,5.66,pinnacle,0.6159767938852007,0.19978784830267698,0.18423535781212264,0.5746824048822045,0.2547404855414521,0.1705771095763434,0.0412943890029962,-0.05495263723877514,0.013658248235779241,HOME,True,True,2.18,1.71,0.6272891334276245,0.18770044448160905,-0.18770044448160872
2024-05-15,La Liga,Celta,Ath Bilbao,2,1,2.6,3.35,2.73,pinnacle,0.2983616394401241,0.266818794732804,0.4348195658270718,0.3665016931492576,0.28444907528002084,0.34904923157072154,-0.06814005370913351,-0.017630280547216826,0.08577033425635028,HOME,True,True,1.96,1.88,0.4474786682664865,-0.04210466506684685,0.042104665066846736
2024-05-15,La Liga,Getafe,Ath Madrid,0,3,4.78,3.53,1.78,pinnacle,0.22873222011547029,0.2617556526674282,0.5095121272171016,0.1984323484456122,0.26869876078471,0.5328688907696777,0.03029987166985809,-0.0069431081172818265,-0.0233567635525761,AWAY,False,True,2.18,1.71,0.4232296565094625,-0.016359032436552956,0.016359032436553123
2024-05-16,La Liga,Las Palmas,Betis,2,2,4.14,3.67,1.92,pinnacle,0.3503881219599892,0.3763024699491582,0.2733094080908526,0.2334095200238498,0.26330120242472427,0.503289277551426,0.1169786019361394,0.11300126752443396,-0.22997986946057347,DRAW,True,True,2.0,1.85,0.1718688226567493,-0.3086506578627313,0.30865065786273116
2024-05-16,La Liga,Almería,Barcelona,0,2,6.79,5.43,1.41,pinnacle,0.12161028933524438,0.17656568791055552,0.7018240227542002,0.1415215185240638,0.1769670553919693,0.6815114260839669,-0.01991122918881942,-0.00040136748141378353,0.02031259667023333,AWAY,False,False,1.36,3.18,0.603755883554076,-0.09668464508028529,0.09668464508028535
2024-05-16,La Liga,Real Sociedad,Valencia,1,0,1.66,3.75,6.0,pinnacle,0.565111121063813,0.26085023313979494,0.174038645796392,0.5816207832493214,0.25746413338503293,0.16091508336564556,-0.016509662185508422,0.0033860997547620064,0.013123562430746444,HOME,False,False,2.26,1.66,0.3730056203086089,-0.05046376744649311,0.05046376744649328
2024-05-18,La Liga,Alaves,Getafe,1,0,2.07,3.18,4.21,pinnacle,0.31038995381215395,0.33223260228103485,0.3573774439068109,0.4667161697187738,0.30380580859052253,0.2294780216907035,-0.15632621590661983,0.02842679369051232,0.12789942221610742,HOME,False,False,2.51,1.54,0.2555854803000334,-0.12466143328021351,0.12466143328021329
2024-05-19,La Liga,Ath Bilbao,Sevilla,2,0,1.7,3.79,4.92,pinnacle,0.5800640262163015,0.22653723972345144,0.19339873406024705,0.5573895940072577,0.25001644058373035,0.1925939654090118,0.02267443220904375,-0.02347920086027891,0.0008047686512352437,HOME,False,False,1.87,1.96,0.5200841401891566,0.008334792930670964,-0.008334792930671131
2024-05-19,La Liga,Ath Madrid,Osasuna,1,4,1.39,4.87,7.58,pinnacle,0.7038309955318793,0.18721157877381453,0.10895742569430629,0.6808286963690586,0.19432276960020356,0.12484853403073766,0.023002299162820705,-0.00711119082638903,-0.01589110833643137,AWAY,True,True,1.74,2.12,0.522026204163509,-0.027196593763952226,0.027196593763952226
2024-05-19,La Liga,Barcelona,Rayo Vallecano,3,0,1.26,5.94,9.7,pinnacle,0.7528936474679917,0.16779189960242408,0.07931445292958433,0.7451464220866892,0.15806136226081285,0.09679221565249779,0.007747225381302458,0.009730537341611223,-0.01747776272291346,HOME,False,True,1.49,2.63,0.5166496744188817,-0.12169984014422508,0.12169984014422525
2024-05-19,La Liga,Betis,Real Sociedad,0,2,2.66,3.06,2.89,pinnacle,0.34682826774050707,0.3082737976362735,0.34489793462321927,0.35846196251378165,0.31160418963616315,0.3299338478500551,-0.011633694773274583,-0.003330391999889659,0.014964086773164187,AWAY,False,False,2.3,1.63,0.31792046476278923,-0.09683780495731253,0.09683780495731253
2024-05-19,La Liga,Cádiz,Las Palmas,0,0,1.85,3.43,4.55,pinnacle,0.25385689397333433,0.39028489394358656,0.35585821208307894,0.5138872882332602,0.27716952863893046,0.20894318312780916,-0.2600303942599259,0.1131153653046561,0.14691502895526978,DRAW,False,False,2.37,1.6,0.1507306642299739,-0.252292005795215,0.25229200579521494
2024-05-19,La Liga,Granada,Celta,1,2,3.81,3.53,1.98,pinnacle,0.363728146290379,0.23555002470893965,0.4007218290006815,0.24977753953363707,0.26958992227284906,0.4806325381935138,0.1139506067567419,-0.034039897563909405,-0.07991070919283233,AWAY,True,True,1.78,2.07,0.6041194039018534,0.06645706623951564,-0.06645706623951564
2024-05-19,La Liga,Mallorca,Almería,2,2,1.48,4.23,6.88,pinnacle,0.5279789602291112,0.24625875902475025,0.22576228074613874,0.6389784214362875,0.22356691813846463,0.1374546604252479,-0.1109994612071763,0.02269184088628562,0.08830762032089085,DRAW,True,True,2.05,1.8,0.47803522911075286,0.01050276157828528,-0.010502761578285225
2024-05-19,La Liga,Valencia,Girona,1,3,3.05,3.58,2.25,pinnacle,0.3609616673138368,0.2515355288596884,0.38750280382647484,0.31176823486153316,0.26561260232616646,0.42261916281230044,0.04919343245230362,-0.014077073466478074,-0.0351163589858256,AWAY,True,True,1.71,2.13,0.5272636601261784,-0.027423839873821576,0.02742383987382152
2024-05-19,La Liga,Villarreal,Real Madrid,4,4,3.2,3.85,2.09,pinnacle,0.24163541911080189,0.2277087990878541,0.530655781801344,0.2974181744256963,0.24720471640577352,0.4553771091685303,-0.055782755314894406,-0.019495917317919415,0.07527867263281368,DRAW,True,True,1.43,2.82,0.5730865699189277,-0.09044284184577811,0.09044284184577822
2024-05-24,La Liga,Girona,Granada,7,0,1.22,7.22,10.68,pinnacle,0.8152690060259049,0.10621010684637588,0.07852088712771929,0.7792973250488137,0.1316818194680821,0.08902085548310419,0.03597168097709125,-0.025471712621706222,-0.0104999683553849,HOME,False,True,1.28,3.66,0.8397070155437288,0.09881632728461942,-0.09881632728461942
2024-05-25,La Liga,Osasuna,Villarreal,1,1,2.9,3.78,2.33,pinnacle,0.36331482731679154,0.265091787878682,0.37159338480452647,0.3320239459557271,0.25472736594487,0.4132486880994028,0.03129088136106445,0.010364421933811985,-0.04165530329487632,DRAW,True,False,1.56,2.47,0.4682953191229013,-0.14460790668355022,0.14460790668355028
2024-05-25,La Liga,Real Sociedad,Ath Madrid,0,2,2.42,3.49,2.96,pinnacle,0.3714008887210989,0.27524011756849165,0.35335899371040935,0.3982513088197876,0.2761513373478183,0.3255973538323939,-0.02685042009868871,-0.0009112197793266774,0.027761639878015443,AWAY,False,False,1.93,1.9,0.4275432695219325,-0.06854028139190571,0.06854028139190549
2024-05-25,La Liga,Almería,Cádiz,6,1,2.08,3.63,3.52,pinnacle,0.48652797905320794,0.2575428994450448,0.2559291215017471,0.46212603437301075,0.26479949077021003,0.27307447485677916,0.024401944680197185,-0.007256591325165207,-0.017145353355032034,HOME,True,True,1.84,1.99,0.4596254355254353,-0.059956809905374164,0.05995680990537405
2024-05-25,La Liga,Rayo Vallecano,Ath Bilbao,0,1,2.87,3.54,2.45,pinnacle,0.3111361916880073,0.2720484331158587,0.416815375196134,0.33532707245121657,0.27186121410592984,0.39281171344285365,-0.024190880763209244,0.00018721900992885177,0.024003661753280336,AWAY,False,False,1.76,2.08,0.432183723622308,-0.10948294304435874,0.10948294304435863
2024-05-25,La Liga,Real Madrid,Betis,0,0,1.35,5.67,7.79,pinnacle,0.6617484694549313,0.2111514085008411,0.12710012204422785,0.7085192082809997,0.1686950495907142,0.1227857421282862,-0.046770738826068414,0.04245635891012689,0.004314379915941649,DRAW,False,False,1.37,3.08,0.46869818722589063,-0.2234366442347835,0.22343664423478377
2024-05-26,La Liga,Getafe,Mallorca,1,2,2.35,3.21,3.31,pinnacle,0.4245536888928876,0.3175742720865238,0.25787203902058864,0.4094908486882928,0.29978302006775326,0.2907261312439541,0.015062840204594807,0.01779125201877052,-0.03285409222336544,AWAY,True,True,2.29,1.64,0.27830159781641045,-0.13900120116577785,0.13900120116577808
2024-05-26,La Liga,Celta,Valencia,2,2,1.96,3.57,3.99,pinnacle,0.3828212346213992,0.2884431983144028,0.3287355670641981,0.49013657056145676,0.2690945877592312,0.24076884167931206,-0.10731533594005754,0.01934861055517162,0.08796672538488604,DRAW,True,True,1.94,1.89,0.3780716220988584,-0.11540096275753842,0.11540096275753864
2024-05-26,La Liga,Las Palmas,Alaves,1,1,2.53,3.34,2.91,pinnacle,0.48212616135774244,0.3575537951990292,0.16032004344322853,0.3806767220614213,0.2883569182082023,0.3309663597303765,0.10144943929632116,0.06919687699082688,-0.170646316287148,DRAW,True,False,2.12,1.74,0.16830328139923414,-0.2824739206733047,0.2824739206733048
2024-05-26,La Liga,Sevilla,Barcelona,1,2,3.98,4.11,1.83,pinnacle,0.18365583293311627,0.2361698822851131,0.5801742847817708,0.24135740072202166,0.23372322503008425,0.5249193742478941,-0.057701567788905395,0.00244665725502885,0.055254910533876656,AWAY,True,True,1.5,2.57,0.4683024443547844,-0.163147187094847,0.16314718709484727
2024-08-15,La Liga,Ath Bilbao,Getafe,1,1,1.48,4.12,8.24,pinnacle,0.5512527757534431,0.2568972523274172,0.19184997191913947,0.6498422712933754,0.2334384858044164,0.1167192429022082,-0.09858949553993224,0.02345876652300083,0.07513072901693127,DRAW,True,False,2.24,1.67,0.4047862209479756,-0.02232375347657678,0.02232375347657667
2024-08-15,La Liga,Betis,Girona,1,1,2.41,3.42,3.07,pinnacle,0.42116917189510333,0.2535131455303451,0.32531768257455157,0.40165568107481553,0.28303806765798406,0.3153062512672005,0.019513490820287804,-0.029524922127638964,0.010011431307351049,DRAW,True,False,1.93,1.9,0.5115038902038972,0.015420339290058982,-0.015420339290059148
2024-08-16,La Liga,Celta,Alaves,2,1,2.05,3.37,4.12,pinnacle,0.4926158277776662,0.28855683620010597,0.21882733602222787,0.4748605453693539,0.28886175608521525,0.23627769854543093,0.017755282408312312,-0.00030491988510927825,-0.01745036252320306,HOME,True,True,2.25,1.67,0.3326863101739709,-0.09333409798929437,0.09333409798929426
2024-08-16,La Liga,Las Palmas,Sevilla,2,2,2.87,3.23,2.71,pinnacle,0.43548684614539634,0.32576584002412773,0.23874731383047618,0.33926072919371647,0.30144838785943234,0.359290882946851,0.09622611695167987,0.024317452164695386,-0.12054356911637484,DRAW,True,True,2.18,1.71,0.25341125339408493,-0.1861774355519305,0.18617743555193067
2024-08-17,La Liga,Valencia,Barcelona,1,2,4.89,3.85,1.75,pinnacle,0.19255921731016387,0.26923811715134827,0.5382026655384878,0.1974561493486512,0.2507949533285465,0.5517488973228024,-0.004896932038487317,0.018443163822801756,-0.013546231784314577,AWAY,True,True,1.82,2.02,0.3668689389152662,-0.15917272775140057,0.1591727277514003
2024-08-18,La Liga,Real Sociedad,Rayo Vallecano,1,2,1.61,3.72,6.8,pinnacle,0.6204246234305785,0.23150393521585186,0.14807144135356964,0.5989600598581211,0.25922733773429435,0.14181260240758456,0.021464563572457407,-0.02772340251844249,0.006258838945985085,AWAY,True,True,2.34,1.61,0.4330379559591052,0.025443019250244447,-0.025443019250244392
2024-08-18,La Liga,Mallorca,Real Madrid,1,1,7.77,4.43,1.46,pinnacle,0.17558835854732485,0.25278768490185727,0.5716239565508179,0.12382569673253167,0.2171841227114608,0.6589901805560076,0.05176266181479318,0.03560356219039648,-0.08736622400518967,DRAW,True,False,1.92,1.91,0.3998539210645931,-0.09884059590668626,0.09884059590668648
2024-08-19,La Liga,Valladolid,Espanol,1,0,2.39,3.07,3.47,pinnacle,0.35686345472958064,0.24451695043235935,0.39861959483806003,0.40530751231761364,0.3155325584492172,0.27915992923316907,-0.048444057588032996,-0.07101560801685783,0.11945966560489096,HOME,False,False,2.33,1.61,0.5594901521563342,0.15086071053196876,-0.15086071053196876
2024-08-19,La Liga,Villarreal,Ath Madrid,2,2,3.43,3.68,2.12,pinnacle,0.29838949513851787,0.23683616031069407,0.4647743445507882,0.28169095451985154,0.26255434076170947,0.45575470471843904,0.016698540618666324,-0.0257181804510154,0.009019639832349158,DRAW,True,True,1.7,2.19,0.5754633743144119,0.012481369173023671,-0.012481369173023726
2024-08-23,La Liga,Celta,Valencia,3,1,2.17,3.37,3.71,pinnacle,0.3828212346213992,0.2884431983144028,0.3287355670641981,0.4486673867718355,0.28890451907860026,0.26242809414956414,-0.06584615215043627,-0.00046132076419747037,0.06630747291463396,HOME,True,True,2.14,1.73,0.3780716220988584,-0.0689568016737514,0.06895680167375151
2024-08-23,La Liga,Sevilla,Villarreal,1,2,2.45,3.59,2.93,pinnacle,0.3966149318522232,0.24284616695350422,0.36053890119427257,0.3970414491539178,0.270961434659359,0.3319971161867231,-0.00042651730169462887,-0.02811526770585479,0.028541785007549447,AWAY,True,True,1.74,2.12,0.5679425667840454,0.018719768856584218,-0.018719768856584273
2024-08-24,La Liga,Osasuna,Mallorca,1,0,2.52,3.02,3.28,pinnacle,0.4151676527228374,0.3135015929115996,0.271330754365563,0.3842119961522946,0.32060073851118626,0.295187265336519,0.030955656570542778,-0.0070991455995866315,-0.023856510970956035,HOME,False,False,2.68,1.47,0.2924134384179148,-0.06180342905196473,0.061803429051964676
2024-08-24,La Liga,Barcelona,Ath Bilbao,2,1,1.63,4.22,5.34,pinnacle,0.6318010690075313,0.2225743505819046,0.14562458041056422,0.5911914706067538,0.22835120784099733,0.18045732155224883,0.04060959840077749,-0.005776857259092716,-0.03483274114168461,HOME,True,True,1.71,2.16,0.4609509830416835,-0.0971885518420374,0.09718855184203751
2024-08-24,La Liga,Espanol,Real Sociedad,0,1,4.18,3.12,2.11,pinnacle,0.2605417811354534,0.23648218626811085,0.5029760325964359,0.2314393593160038,0.3100693980579794,0.4584912426260169,0.02910242181944961,-0.07358721178986855,0.044484789970418936,AWAY,False,False,2.64,1.48,0.550774550556644,0.1915512495857702,-0.19155124958577008
2024-08-24,La Liga,Getafe,Rayo Vallecano,0,0,2.53,2.93,3.38,pinnacle,0.45558013613201936,0.28676838170077534,0.2576514821672052,0.38284810787197937,0.3305821545788763,0.2865697375491443,0.07273202826004,-0.043813772878100954,-0.028918255381939095,DRAW,False,False,2.77,1.45,0.36055833617154126,0.01695644043694411,-0.01695644043694411
2024-08-25,La Liga,Real Madrid,Valladolid,3,0,1.17,8.51,16.25,pinnacle,0.859937295765132,0.10048513975044747,0.0395775644844205,0.8267979698272176,0.11367257634522263,0.05952945382755967,0.033139325937914355,-0.013187436594775157,-0.01995188934313917,HOME,False,True,1.39,2.96,0.6631170717980637,-0.017342698316878846,0.01734269831687879
2024-08-25,La Liga,Alaves,Betis,0,0,2.44,3.14,3.28,pinnacle,0.2541084604598579,0.3246337367940927,0.4212578027460494,0.39667231551378834,0.30824218148205207,0.2950855030041596,-0.14256385505393043,0.016391555312040618,0.12617229974188982,DRAW,False,False,2.39,1.59,0.2611046917116122,-0.13839279572557378,0.1383927957255735
2024-08-25,La Liga,Ath Madrid,Girona,3,0,1.6,4.35,5.47,pinnacle,0.6331044184818302,0.1883500620645309,0.17854551945363886,0.6022932935086631,0.22153316542847382,0.17617354106286306,0.03081112497316707,-0.03318310336394292,0.0023719783907757974,HOME,False,True,1.63,2.31,0.6739572288337975,0.08766281259014264,-0.0876628125901428
2024-08-26,La Liga,Villarreal,Celta,4,3,1.94,3.46,3.76,pinnacle,0.5948453402958827,0.2157849791624624,0.18936968054165476,0.48154454331443125,0.26999896359248454,0.24845649309308418,0.1133007969814514,-0.05421398443002215,-0.05908681255142942,HOME,True,True,1.93,1.88,0.5608475304251125,0.06740921021513868,-0.06740921021513896
2024-08-27,La Liga,Mallorca,Sevilla,0,0,2.47,3.11,3.33,pinnacle,0.41554401860050194,0.2880334818578485,0.29642249954164956,0.3943289253743846,0.31318085069927004,0.2924902239263453,0.021215093226117365,-0.025147368841421547,0.003932275615304237,DRAW,False,False,2.52,1.53,0.3722448795650676,-0.005532898212710191,0.00553289821271008
2024-08-27,La Liga,Rayo Vallecano,Barcelona,1,2,5.7,4.07,1.64,pinnacle,0.16540812815208067,0.24139884324254052,0.5931930286053788,0.17018086880255368,0.23833684328613167,0.5914822879113146,-0.004772740650473006,0.0030619999564088507,0.0017107406940641834,AWAY,True,True,1.88,1.95,0.42465060689064965,-0.08448777431039473,0.08448777431039461
2024-08-28,La Liga,Ath Bilbao,Valencia,1,0,1.63,3.91,5.96,pinnacle,0.539131096292362,0.25756130346549705,0.2033076002421409,0.5915865524970996,0.24662048096426403,0.1617929665386363,-0.05245545620473757,0.010940822501233016,0.04151463370350458,HOME,False,False,2.15,1.73,0.41441308574885494,-0.03146320291093885,0.03146320291093885
2024-08-28,La Liga,Ath Madrid,Espanol,0,0,1.29,5.48,12.02,pinnacle,0.7970877879487221,0.12284465018713882,0.08006756186413894,0.7447554740481612,0.17531652582520585,0.07992800012663297,0.05233231390056092,-0.05247187563806703,0.00013956173750596934,DRAW,False,False,1.8,2.02,0.7481130677735938,0.2193172562552691,-0.2193172562552692
2024-08-28,La Liga,Real Sociedad,Alaves,1,2,1.71,3.58,5.78,pinnacle,0.6609859362675148,0.23155876083514917,0.10745530289733599,0.5638563409450106,0.26932802877541007,0.16681563027957927,0.0971295953225042,-0.03776926794026089,-0.05936032738224328,AWAY,True,True,2.48,1.55,0.3648727099531203,-0.019742674662264315,0.019742674662264204
2024-08-29,La Liga,Girona,Osasuna,4,0,1.76,4.0,4.57,pinnacle,0.6151784629338491,0.20804882883843148,0.1767727082277194,0.5479090734701708,0.24107999232687513,0.21101093420295416,0.06726938946367833,-0.03303116348844365,-0.034238225975234765,HOME,False,True,1.77,2.06,0.5754189539439566,0.037559946111058395,-0.03755994611105834
2024-08-29,La Liga,Las Palmas,Real Madrid,1,1,8.1,5.27,1.38,pinnacle,0.21070228799481736,0.3201800131068081,0.4691176988983746,0.11895462039726779,0.1828334772709429,0.6982119023317893,0.09174766759754957,0.1373465358358652,-0.2290942034334147,DRAW,True,False,1.56,2.42,0.2529854294105136,-0.3550547715945115,0.3550547715945116
2024-08-31,La Liga,Barcelona,Valladolid,7,0,1.25,6.39,11.82,pinnacle,0.8388326268977437,0.11819412383568795,0.04297324926656844,0.7684203136970037,0.1503169627732793,0.08126272352971697,0.07041231320074004,-0.03212283893759135,-0.038289474263148535,HOME,False,True,1.46,2.72,0.5881174725142445,-0.06260023083503785,0.06260023083503796
2024-08-31,La Liga,Ath Bilbao,Ath Madrid,0,1,3.05,3.35,2.46,pinnacle,0.33433224900572084,0.2594142529592621,0.40625349803501715,0.31743158138012056,0.2890048725998112,0.39356354602006816,0.016900667625600274,-0.0295906196405491,0.01268995201494899,AWAY,False,False,2.06,1.78,0.48854671460370236,0.02500504793703573,-0.025005047937035618
2024-08-31,La Liga,Espanol,Rayo Vallecano,2,1,2.8,3.01,2.92,pinnacle,0.4583078642623848,0.23633707781571078,0.30535505792190454,0.3461241592237292,0.3219759620685853,0.3318998787076855,0.1121837050386556,-0.08563888425287453,-0.026544820785780965,HOME,True,True,2.66,1.49,0.5815821637058897,0.22254601912757643,-0.22254601912757632
2024-08-31,La Liga,Valencia,Villarreal,1,1,2.81,3.41,2.61,pinnacle,0.39539976514395186,0.26560640255624535,0.33899383229980284,0.3447473108075131,0.2840879599322908,0.37116472926019606,0.05065245433643878,-0.018481557376045454,-0.032170896960393214,DRAW,True,False,1.84,1.99,0.46383991868711955,-0.055742326743689896,0.055742326743689896
2024-09-01,La Liga,Alaves,Las Palmas,2,0,1.94,3.38,4.45,pinnacle,0.25362996632509,0.3952519596451518,0.35111807402975836,0.49753235068406143,0.2855659054222128,0.21690174389372563,-0.24390238435897144,0.10968605422293903,0.13421633013603274,HOME,False,False,2.34,1.62,0.14454951962759796,-0.2645413894633112,0.26454138946331107
2024-09-01,La Liga,Osasuna,Celta,3,2,2.51,3.31,3.0,pinnacle,0.46289254668168056,0.27717234320772793,0.25993511011059156,0.38536019341744254,0.29222177808996397,0.32241802849259354,0.07753235326423802,-0.015049434882236035,-0.062482918382001984,HOME,True,True,2.1,1.76,0.3921605397610291,-0.06379800946176878,0.06379800946176872
2024-09-01,La Liga,Sevilla,Girona,0,2,2.42,3.8,2.8,pinnacle,0.3572804196118191,0.22953409720385512,0.41318548318432585,0.3998196302419961,0.25462197504885015,0.3455583947091538,-0.042539210630177016,-0.025087877844995027,0.06762708847517207,AWAY,False,False,1.68,2.22,0.6334931387630195,0.06426236953225029,-0.06426236953225006
2024-09-01,La Liga,Getafe,Real Sociedad,0,0,3.59,2.87,2.46,pinnacle,0.28410728515757927,0.3032257100450451,0.41266700479737556,0.2695257473783065,0.3371419627484739,0.39333228987321955,0.01458153777927279,-0.033916252703428795,0.019334714924156005,DRAW,False,False,2.98,1.4,0.3231853156161889,0.003550612419841892,-0.003550612419841892
2024-09-01,La Liga,Real Madrid,Betis,2,0,1.29,5.97,9.9,pinnacle,0.6617484694549313,0.2111514085008411,0.12710012204422785,0.7427304703846545,0.1604894986258299,0.09678003098951558,-0.08098200092972319,0.05066190987501121,0.03032009105471227,HOME,False,False,1.53,2.49,0.46869818722589063,-0.15070479784873625,0.15070479784873653
2024-09-14,La Liga,Mallorca,Villarreal,1,2,2.5,3.21,3.07,pinnacle,0.3563395727490774,0.2791902851606682,0.3644701420902546,0.3856316059276767,0.3003361416882217,0.31403225238410154,-0.029292033178599297,-0.02114585652755352,0.05043788970615304,AWAY,True,True,2.11,1.75,0.4128408497735737,-0.04052702587409468,0.040527025874094846
2024-09-14,La Liga,Espanol,Alaves,3,2,2.75,3.04,2.91,pinnacle,0.5325068568749556,0.24549730302214012,0.22199584010290443,0.3509236817155846,0.31744740944666366,0.33162890883775176,0.181583175159371,-0.07195010642452354,-0.10963306873484732,HOME,True,True,2.59,1.51,0.47726979773079237,0.10897711480396305,-0.10897711480396333
2024-09-14,La Liga,Sevilla,Getafe,1,0,2.24,3.1,3.72,pinnacle,0.4479381324550877,0.2748710378241514,0.27719082972076087,0.4301572617946346,0.3108233117483812,0.2590194264569843,0.017780870660453085,-0.03595227392422978,0.018171403263776587,HOME,False,False,2.62,1.5,0.40880459784213513,0.04472692793922245,-0.044726927939222505
2024-09-14,La Liga,Real Sociedad,Real Madrid,0,2,5.32,3.82,1.69,pinnacle,0.31354484889938566,0.27647954322131796,0.4099756078792964,0.18048589560792866,0.251357320584864,0.5681567838072075,0.133058953291457,0.025122222636453972,-0.1581811759279111,AWAY,False,False,1.96,1.87,0.41658082047845535,-0.07166983226305912,0.07166983226305901
2024-09-15,La Liga,Celta,Valladolid,3,1,1.68,4.03,5.11,pinnacle,0.5519782765906043,0.24989497340291789,0.1981267500064777,0.572855612890663,0.23880829520007787,0.18833609190925907,-0.020877336300058724,0.011086678202840011,0.00979065809721863,HOME,True,True,1.82,2.01,0.4355487888736285,-0.08925538867206334,0.08925538867206328
2024-09-15,La Liga,Girona,Barcelona,1,4,4.2,3.93,1.83,pinnacle,0.27287153717804824,0.2387642415799666,0.4883642212419851,0.22915889994551344,0.24490264116314414,0.5259384588913423,0.043712637232534796,-0.006138399583177551,-0.03757423764935719,AWAY,True,True,1.52,2.53,0.5501194025807441,-0.07457195544394735,0.07457195544394718
2024-09-15,La Liga,Las Palmas,Ath Bilbao,2,3,3.9,3.39,2.05,pinnacle,0.33661922085211116,0.34861261428711054,0.31476816486077824,0.2467380305693135,0.28385791127443144,0.46940405815625497,0.08988119028279765,0.0647547030126791,-0.15463589329547672,AWAY,True,True,2.1,1.76,0.2216632698029824,-0.23429527941981548,0.23429527941981543
2024-09-15,La Liga,Ath Madrid,Valencia,3,0,1.34,5.1,9.9,pinnacle,0.6712372277799243,0.20271927794677483,0.12604349427330097,0.7152571185720357,0.18793030174245648,0.09681257968550787,-0.04401989079211133,0.01478897620431835,0.029230914587793103,HOME,False,True,1.89,1.94,0.49917459624747174,-0.0073528188961313745,0.007352818896131541
2024-09-16,La Liga,Rayo Vallecano,Osasuna,3,1,2.08,3.18,4.13,pinnacle,0.4268711270540334,0.28642206355428934,0.28670680939167725,0.46345215998193245,0.30313851973660993,0.23340932028145753,-0.03658103292789905,-0.016716456182320594,0.053297489110219726,HOME,True,True,2.57,1.51,0.3741862916259797,0.004088252410293425,-0.004088252410293647
2024-09-17,La Liga,Mallorca,Real Sociedad,1,0,2.94,2.81,3.02,pinnacle,0.26866436346234435,0.31177645372481533,0.41955918281284055,0.33115068835263634,0.34647082695969783,0.32237848468766583,-0.06248632489029199,-0.0346943732348825,0.09718069812517471,HOME,False,False,3.04,1.38,0.29588999996021426,-0.01632719460992149,0.016327194609921603
2024-09-18,La Liga,Betis,Getafe,2,1,1.96,3.15,4.84,pinnacle,0.48762263553780333,0.2943773042868387,0.21800006017535814,0.4932958869360391,0.3069396629824243,0.1997644500815365,-0.005673251398235768,-0.012562358695585585,0.01823561009382163,HOME,True,True,2.89,1.42,0.31665454454260433,-0.012811812765980368,0.012811812765980313
2024-09-20,La Liga,Alaves,Sevilla,2,1,2.2,3.3,3.7,pinnacle,0.3210395502667927,0.2968495673556289,0.38211088237757823,0.4422310756972112,0.2948207171314741,0.26294820717131473,-0.1211915254304185,0.0020288502241547768,0.1191626752062635,HOME,True,True,2.23,1.68,0.3500326840697862,-0.07963483511179947,0.07963483511179947
2024-09-21,La Liga,Valladolid,Real Sociedad,0,0,3.87,3.03,2.24,pinnacle,0.1794616247729837,0.2552703437198647,0.5652680315071517,0.24969373227234096,0.31891575706071273,0.4313905106669462,-0.07023210749935727,-0.06364541334084806,0.13387752084020543,DRAW,False,False,2.57,1.52,0.3963893426380611,0.024751200828770137,-0.024751200828770137
2024-09-21,La Liga,Osasuna,Las Palmas,2,1,1.92,3.43,4.51,pinnacle,0.334032221953265,0.3701298364603526,0.29583794158638244,0.5036546732608151,0.28192914654832796,0.21441618019085698,-0.16962245130755016,0.08820068991202462,0.08142176139552545,HOME,True,True,2.21,1.69,0.18298220725552408,-0.2503511260778092,0.2503511260778092
2024-09-21,La Liga,Valencia,Girona,2,0,2.96,3.33,2.53,pinnacle,0.3609616673138368,0.2515355288596884,0.38750280382647484,0.32692031586503945,0.2905958363244795,0.38248384781048095,0.03404135144879733,-0.03906030746479111,0.005018956015993892,HOME,False,False,2.03,1.81,0.5272636601261784,0.055909493459511794,-0.05590949345951168
2024-09-21,La Liga,Real Madrid,Espanol,4,1,1.17,8.33,15.46,pinnacle,0.842928124820447,0.10041484096173205,0.056657034217820944,0.8222768923501479,0.11549387323525485,0.06222923441459722,0.020651232470299097,-0.015079032273522808,-0.005572200196776275,HOME,True,True,1.4,2.94,0.7695620400624581,0.09214268522374847,-0.09214268522374841
2024-09-22,La Liga,Ath Bilbao,Celta,3,1,1.72,3.99,4.85,pinnacle,0.6149437659190559,0.22168994824989574,0.1633662858310483,0.559999189728067,0.24140315948177318,0.19859765079015984,0.054944576190988914,-0.019713211231877442,-0.03523136495911153,HOME,True,True,1.76,2.09,0.4944097695407837,-0.04844737331635923,0.048447373316359066
2024-09-22,La Liga,Villarreal,Barcelona,1,5,3.9,4.05,1.88,pinnacle,0.23600743434799043,0.2445994291377735,0.5193931365142361,0.24768224846296477,0.2385088318532253,0.5138089196838098,-0.011674814114974341,0.006090597284548194,0.005584216830426314,AWAY,True,True,1.4,2.94,0.4944515874035805,-0.18296776743512916,0.18296776743512927
2024-09-22,La Liga,Rayo Vallecano,Ath Madrid,1,1,4.96,3.53,1.81,pinnacle,0.2096485909695701,0.23850239360864714,0.5518490154217827,0.1943471926073057,0.27307707516493945,0.5325757322277548,0.015301398362264379,-0.034574681556292314,0.01927328319402788,DRAW,True,False,2.22,1.68,0.4916100234599868,0.06084079269075604,-0.06084079269075604
2024-09-23,La Liga,Betis,Mallorca,1,2,1.88,3.3,4.98,pinnacle,0.4922767761052557,0.30152411621533326,0.2061991076794109,0.5135560805489932,0.2925713428582143,0.19387257659279256,-0.021279304443737435,0.00895277335711897,0.012326531086618353,AWAY,True,True,2.51,1.53,0.29157678642964535,-0.08713608485748342,0.08713608485748336
2024-09-24,La Liga,Sevilla,Valladolid,2,1,1.67,3.9,5.49,pinnacle,0.6107924540492622,0.22294172629262574,0.1662658196581121,0.5772357066021789,0.24717528975016384,0.17558900364765734,0.03355674744708326,-0.024233563457538104,-0.009323183989545236,HOME,True,True,2.0,1.84,0.4941470225853186,0.014980355918651933,-0.0149803559186521
2024-09-24,La Liga,Valencia,Osasuna,0,0,2.09,3.15,4.2,pinnacle,0.4567630100590768,0.2926396998734566,0.25059729006746667,0.46272493573264784,0.3070143224384869,0.2302607418288652,-0.005961925673571011,-0.014374622565030304,0.020336548238601482,DRAW,False,False,2.63,1.5,0.33976253886733926,-0.02343358704065107,0.023433587040651238
2024-09-24,La Liga,Real Madrid,Alaves,3,2,1.18,7.39,16.8,pinnacle,0.8036612478951879,0.1419658215219372,0.05437293058287493,0.8130654200955886,0.12982641349293564,0.057108166411475855,-0.009404172200400684,0.01213940802900157,-0.0027352358286009265,HOME,True,True,1.48,2.63,0.5330460359213949,-0.10685664047763188,0.10685664047763183
2024-09-25,La Liga,Girona,Rayo Vallecano,0,0,1.76,3.91,4.71,pinnacle,0.6372699279341852,0.19482732356198146,0.16790274850383324,0.5483054606949651,0.24680757310054693,0.20488696620448799,0.08896446723922014,-0.051980249538565476,-0.03698421770065474,DRAW,False,False,1.95,1.88,0.6215232919998754,0.13066167320091976,-0.13066167320091981
2024-09-25,La Liga,Barcelona,Getafe,1,0,1.23,6.57,13.27,pinnacle,0.7086740065210898,0.19840536511004195,0.09292062836886839,0.7813080544256459,0.1462722841618789,0.0724196614124751,-0.07263404790455608,0.052133080948163046,0.02050096695639328,HOME,False,False,1.59,2.41,0.4386706642921044,-0.16382933570789565,0.16382933570789576
2024-09-26,La Liga,Espanol,Villarreal,1,2,3.45,3.41,2.22,pinnacle,0.3548111278798068,0.2196668259599694,0.4255220461602237,0.2804432145278343,0.2837328710032341,0.4358239144689316,0.07436791335197251,-0.06406604504326469,-0.010301868308707884,AWAY,True,True,1.84,2.0,0.6839573348398534,0.16312400150652007,-0.16312400150652023
2024-09-26,La Liga,Las Palmas,Betis,1,1,3.18,3.3,2.41,pinnacle,0.3503881219599892,0.3763024699491582,0.2733094080908526,0.30458660784043384,0.2935107311916908,0.40190266096787536,0.04580151411955535,0.08279173875746743,-0.12859325287702278,DRAW,True,False,2.18,1.69,0.1718688226567493,-0.264823683803199,0.264823683803199
2024-09-26,La Liga,Celta,Ath Madrid,0,1,4.01,3.76,1.93,pinnacle,0.19787982605287846,0.23022137200766027,0.5718988019394614,0.24130053834413456,0.25734445711701587,0.5013550045388496,-0.0434207122912561,-0.0271230851093556,0.07054379740061179,AWAY,False,False,1.73,2.14,0.5107888592071775,-0.0421827170202127,0.04218271702021276
2024-09-27,La Liga,Valladolid,Mallorca,1,2,3.11,2.9,2.77,pinnacle,0.3065070990846676,0.31085774611640776,0.3826351547989245,0.31297361951477987,0.3356372264451605,0.3513891540400597,-0.006466520430112255,-0.024779480328752712,0.0312460007588648,AWAY,True,True,2.9,1.41,0.3074859949286516,-0.01966017676508397,0.019660176765083692
2024-09-28,La Liga,Getafe,Alaves,2,0,2.66,2.78,3.36,pinnacle,0.5079179995219661,0.30146418183459817,0.19061781864343544,0.36383466026829525,0.3481295670193042,0.28803577271240044,0.1440833392536709,-0.04666538518470603,-0.097417954068965,HOME,False,False,3.09,1.36,0.28159466235523,-0.024023315172859938,0.024023315172859827
2024-09-28,La Liga,Real Sociedad,Valencia,3,0,1.92,3.33,4.69,pinnacle,0.565111121063813,0.26085023313979494,0.174038645796392,0.5035352607194328,0.29032663681120446,0.20613810246936265,0.06157586034438023,-0.029476403671409523,-0.03209945667297065,HOME,False,True,2.68,1.48,0.3730056203086089,0.017236389539378116,-0.017236389539378116
2024-09-28,La Liga,Osasuna,Barcelona,4,2,6.42,4.78,1.49,pinnacle,0.1718943094011082,0.2569066428211,0.571199047777792,0.15033477148574367,0.2019140654683001,0.647751163045956,0.021559537915364524,0.05499257735279989,-0.07655211526816408,HOME,True,True,1.53,2.5,0.3825495279154894,-0.2377978666254535,0.23779786662545366
2024-09-29,La Liga,Celta,Girona,1,1,2.2,3.66,3.26,pinnacle,0.30645646257775755,0.23388141711931087,0.4596621203029314,0.4393789862864382,0.26410758738529067,0.29651342632827116,-0.13292252370868063,-0.03022617026597979,0.16314869397466025,DRAW,True,False,1.67,2.25,0.5938725443657163,0.0198929525289816,-0.01989295252898171
2024-09-29,La Liga,Ath Bilbao,Sevilla,1,1,1.75,3.86,4.91,pinnacle,0.5800640262163015,0.22653723972345144,0.19339873406024705,0.5525523249203356,0.2505094737333128,0.19693820134635176,0.027511701295965918,-0.023972234009861343,-0.003539467286104714,DRAW,True,False,2.0,1.84,0.5200841401891566,0.04091747352248992,-0.04091747352249003
2024-09-29,La Liga,Betis,Espanol,1,0,1.64,3.87,5.91,pinnacle,0.5935288951964179,0.21811624671396482,0.18835485808961733,0.5877967356190682,0.24909215669645268,0.16311110768447917,0.005732159577349738,-0.030975909982487865,0.025243750405138154,HOME,False,False,2.07,1.78,0.5489614947323607,0.08662383239469829,-0.08662383239469834
2024-09-29,La Liga,Ath Madrid,Real Madrid,1,1,2.81,3.47,2.57,pinnacle,0.3997454216336831,0.25498053722850855,0.3452740411378084,0.34444946562998496,0.2789345816773077,0.37661595269270726,0.05529595600369813,-0.023954044448799172,-0.03134191155489885,DRAW,True,False,1.79,2.06,0.5098110922198149,-0.025253842845120222,0.025253842845120056
2024-09-30,La Liga,Villarreal,Las Palmas,3,1,1.47,4.92,6.53,pinnacle,0.4398427834345644,0.3121587408426981,0.2479984757227375,0.6562130431319203,0.19606365313087862,0.14772330373720102,-0.2163702596973559,0.1160950877118195,0.10027517198553648,HOME,True,True,1.54,2.46,0.28750307826325067,-0.3274969217367493,0.3274969217367494
2024-10-05,La Liga,Espanol,Mallorca,2,1,3.28,2.91,2.6,pinnacle,0.4314737317192995,0.2596479438228876,0.30887832445781316,0.2950996146465513,0.3326208714916455,0.3722795138618032,0.13637411707274816,-0.0729729276687579,-0.06340118940399003,HOME,True,True,2.71,1.46,0.47997148678837315,0.12985158271163455,-0.12985158271163433
2024-10-05,La Liga,Getafe,Osasuna,1,1,2.26,2.95,3.96,pinnacle,0.43747820674163196,0.300290506398227,0.262231286860141,0.4279340332471262,0.32784098818254415,0.2442249785703296,0.009544173494505759,-0.027550481784317127,0.018006308289811424,DRAW,True,False,3.03,1.38,0.3236513442015843,0.010726174133557143,-0.010726174133557143
2024-10-05,La Liga,Las Palmas,Celta,0,1,3.14,3.6,2.29,pinnacle,0.4629537130998445,0.32988248224222644,0.207163804657929,0.30831831135511956,0.26892208268196544,0.42275960596291506,0.15463540174472495,0.060960399560261,-0.21559580130498607,AWAY,False,False,1.76,2.1,0.2323241070288224,-0.3117173437483797,0.31171734374837967
2024-10-05,La Liga,Valladolid,Rayo Vallecano,1,2,3.19,3.01,2.58,pinnacle,0.32484673771520484,0.28410073268604663,0.39105252959874853,0.3033764488493197,0.32151856206954477,0.3751049890811355,0.021470288865885145,-0.037417829383498136,0.015947540517613046,AWAY,True,True,2.58,1.51,0.3921743345809709,0.022981180546741142,-0.02298118054674092
2024-10-05,La Liga,Real Madrid,Villarreal,2,0,1.27,6.65,9.54,pinnacle,0.7185321401005531,0.16574008577251195,0.11572777412693507,0.7552293211019222,0.14423176508262273,0.10053891381545506,-0.036697181001369095,0.021508320689889227,0.015188860311480007,HOME,False,False,1.31,3.42,0.6407890712895237,-0.08225532617347853,0.08225532617347847
2024-10-06,La Liga,Girona,Ath Bilbao,2,1,2.44,3.28,3.14,pinnacle,0.48034003909278206,0.22940275396612783,0.29025720694109014,0.39667231551378834,0.2950855030041596,0.30824218148205207,0.08366772357899371,-0.06568274903803176,-0.01798497454096193,HOME,True,True,2.01,1.83,0.605903601308083,0.12934110130808296,-0.12934110130808285
2024-10-06,La Liga,Alaves,Barcelona,0,3,5.69,4.39,1.58,pinnacle,0.1202680303136573,0.24298946153520595,0.6367425081511366,0.16956643972081994,0.21977973622129057,0.6106538240578895,-0.04929840940716264,0.02320972531391538,0.02608868409324716,AWAY,False,True,1.64,2.29,0.3538885699829622,-0.22880863103484944,0.22880863103484944
2024-10-06,La Liga,Sevilla,Betis,1,0,2.57,3.17,3.05,pinnacle,0.37352979541128184,0.28236124540756896,0.3441089591811495,0.37688226741353165,0.30554808430686947,0.3175696482795988,-0.0033524720022498067,-0.02318683889930051,0.02653931090155065,HOME,False,False,2.16,1.71,0.4007172783773728,-0.04114318673890621,0.04114318673890649
2024-10-06,La Liga,Real Sociedad,Ath Madrid,1,1,3.35,3.16,2.39,pinnacle,0.3714008887210989,0.27524011756849165,0.35335899371040935,0.2888670448156237,0.30623563295327194,0.40489732223110436,0.08253384390547519,-0.030995515384780292,-0.05153832852069501,DRAW,True,False,2.42,1.57,0.4275432695219325,0.034059560248749565,-0.034059560248749676
2024-10-18,La Liga,Alaves,Valladolid,2,3,1.65,3.91,5.96,pinnacle,0.44369399234363127,0.3078848520571556,0.248421155599213,0.5886367712324856,0.2484017065303328,0.16296152223718144,-0.14494277888885432,0.059483145526822795,0.08545963336203155,AWAY,True,True,2.15,1.72,0.2981271307155233,-0.1463173137289211,0.14631731372892098
2024-10-19,La Liga,Ath Bilbao,Espanol,4,1,1.44,4.3,8.97,pinnacle,0.6631660249465346,0.18251021723038788,0.15432375782307756,0.6687089761060198,0.22393975013782988,0.10735127375615032,-0.00554295115948511,-0.041429532907442,0.046972484066927236,HOME,True,True,1.93,1.9,0.654349156743918,0.15826560583007981,-0.15826560583007998
2024-10-19,La Liga,Osasuna,Betis,1,2,2.6,3.28,2.91,pinnacle,0.34094019944564374,0.30935349225808934,0.3497063082962669,0.3722795138618032,0.2950996146465513,0.3326208714916455,-0.03133931441615945,0.014253877611538013,0.017085436804621434,AWAY,True,True,2.14,1.73,0.31481475043574825,-0.13221367333686157,0.1322136733368613
2024-10-19,La Liga,Girona,Real Sociedad,0,1,2.57,3.29,2.94,pinnacle,0.4194909094282148,0.24805543278715012,0.332453657784635,0.37660461693603337,0.29418658526614155,0.3292087977978251,0.042886292492181455,-0.04613115247899144,0.0032448599868099004,AWAY,False,False,2.23,1.67,0.5379091301426309,0.10970400193750263,-0.10970400193750274
2024-10-19,La Liga,Celta,Real Madrid,1,2,5.62,4.38,1.58,pinnacle,0.15655639194235804,0.21248925868711976,0.6309543493705222,0.1712309108364097,0.219707241758133,0.6090618474054572,-0.014674518894051664,-0.007217983071013234,0.02189250196506498,AWAY,True,True,1.62,2.33,0.5201562793463025,-0.06971713837521654,0.06971713837521648
2024-10-20,La Liga,Mallorca,Rayo Vallecano,1,0,2.13,3.06,4.2,pinnacle,0.43235744289663,0.2998780672458743,0.2677644898574956,0.4538808721632445,0.31593668552539567,0.2301824423113597,-0.021523429266614547,-0.016058618279521375,0.03758204754613592,HOME,False,False,2.79,1.44,0.32695784590404114,-0.013467686010852464,0.013467686010852353
2024-10-20,La Liga,Villarreal,Getafe,1,1,1.71,3.88,5.1,pinnacle,0.5309954213730604,0.24723957062936894,0.2217650079975706,0.5630580642958359,0.24815187885203085,0.18879005685213326,-0.0320626429227755,-0.0009123082226619172,0.03297495114543733,DRAW,True,False,2.04,1.79,0.4702686219001155,0.0029056976181311422,-0.0029056976181311978
2024-10-20,La Liga,Barcelona,Sevilla,5,1,1.32,5.87,9.2,pinnacle,0.7472639862969095,0.16517957187563698,0.08755644182745359,0.7308069134626315,0.16433818156229532,0.10485490497507323,0.016457072834277997,0.0008413903133416556,-0.01729846314761964,HOME,True,True,1.43,2.72,0.5551880544746244,-0.1002336322723636,0.10023363227236382
2024-10-21,La Liga,Valencia,Las Palmas,2,3,1.63,3.79,6.22,pinnacle,0.3572898628415564,0.3698716571212608,0.2728384800371828,0.5909686864660656,0.25416331370440287,0.15486799982953164,-0.2336788236245092,0.11570834341685793,0.11797048020765116,AWAY,True,True,2.28,1.64,0.18147396736202132,-0.23689337957675416,0.23689337957675416
2024-10-25,La Liga,Espanol,Sevilla,0,2,3.23,3.2,2.47,pinnacle,0.43207029309062284,0.22807395988715423,0.33985574702222315,0.3014711210957316,0.30429741285600403,0.3942314660482643,0.13059917199489124,-0.0762234529688498,-0.05437571902604116,AWAY,False,False,2.26,1.66,0.636527215514871,0.213057827759769,-0.21305782775976861
2024-10-26,La Liga,Valladolid,Villarreal,1,2,3.69,3.67,2.04,pinnacle,0.24291022083633718,0.24266863230615743,0.5144211468575054,0.26217315025895854,0.2636018867726313,0.4742249629684102,-0.019262929422621367,-0.020933254466473872,0.04019618388909518,AWAY,True,True,1.72,2.16,0.5087256795858677,-0.0479753513419674,0.04797535134196734
2024-10-26,La Liga,Rayo Vallecano,Alaves,1,0,2.26,3.1,3.74,pinnacle,0.503092275425794,0.2887987280173166,0.20810899655688933,0.4285756531767977,0.31244547618695573,0.2589788706362467,0.07451662224899636,-0.02364674816963913,-0.05086987407935736,HOME,False,False,2.49,1.55,0.3246848671707296,-0.05897849916590403,0.05897849916590403
2024-10-26,La Liga,Las Palmas,Girona,1,0,2.95,3.45,2.48,pinnacle,0.360721915443063,0.30434513126338636,0.3349329532935506,0.3284516017581911,0.28084992034396056,0.39069847789784834,0.032270313684871876,0.023495210919425802,-0.055765524604297734,HOME,False,False,1.96,1.87,0.32895633614404335,-0.15929431659747112,0.15929431659747118
2024-10-26,La Liga,Real Madrid,Barcelona,0,4,2.04,4.09,3.35,pinnacle,0.43994219082247804,0.27206299886580393,0.2879948103117179,0.474443455647856,0.23664172359941965,0.28891482075272423,-0.034501264825377964,0.03542127526638428,-0.0009200104410063137,AWAY,False,True,1.41,2.92,0.42364949094430865,-0.2507154051295944,0.25071540512959406
2024-10-27,La Liga,Getafe,Valencia,1,1,2.19,2.91,4.28,pinnacle,0.4064950707803196,0.3064255419898842,0.28707938722979615,0.44164547939959364,0.33237237109453954,0.22598214950586684,-0.03515040861927404,-0.025946829104655345,0.061097237723929304,DRAW,True,False,3.07,1.37,0.3152503775061542,0.006691818947595629,-0.006691818947595629
2024-10-27,La Liga,Betis,Ath Madrid,1,0,3.26,3.25,2.39,pinnacle,0.2903473526411646,0.27689541572584825,0.4327572316329871,0.2969920356046326,0.29790585725264684,0.40510210714272055,-0.006644682963467985,-0.021010441526798596,0.02765512449026658,HOME,False,False,2.26,1.64,0.407448240715538,-0.013064579797282594,0.013064579797282594
2024-10-27,La Liga,Real Sociedad,Osasuna,0,2,1.79,3.7,4.79,pinnacle,0.5979149289322536,0.2474646134740375,0.15462045759370885,0.5383640997445329,0.2604518212277605,0.20118407902770646,0.0595508291877207,-0.012987207753723001,-0.046563621433997615,AWAY,False,False,2.25,1.66,0.3901726219480833,-0.03437980771943583,0.03437980771943594
2024-10-28,La Liga,Mallorca,Ath Bilbao,0,0,3.04,2.93,2.76,pinnacle,0.3100538713729451,0.2990455549771923,0.39090057364986264,0.3185736121397394,0.3305337136193882,0.3508926742408724,-0.008519740766794293,-0.031488158642195896,0.040007899408990244,DRAW,False,False,2.57,1.52,0.341516500577325,-0.030121641231965923,0.030121641231965812
2024-11-01,La Liga,Alaves,Mallorca,1,0,2.41,2.97,3.62,pinnacle,0.31751537271954733,0.34430983343619664,0.338174793844256,0.40368260786308874,0.32756736867004843,0.268750023466863,-0.08616723514354141,0.016742464766148213,0.06942477037739303,HOME,False,False,2.65,1.47,0.2303025467594282,-0.12649356974542617,0.12649356974542625
2024-11-02,La Liga,Osasuna,Valladolid,1,0,1.63,3.8,6.23,pinnacle,0.5602231703532274,0.25772665670230066,0.18205017294447198,0.5915113597465452,0.2537272411544391,0.15476139909901585,-0.03128818939331779,0.00399941554786154,0.027288773845456138,HOME,False,False,2.15,1.73,0.39147751679694065,-0.054398771862853135,0.054398771862853246
2024-11-03,La Liga,Ath Madrid,Las Palmas,2,0,1.27,6.17,11.24,pinnacle,0.5735179998210724,0.2794078611060186,0.14707413907290898,0.7582512860602547,0.15607441382439605,0.08567430011534909,-0.18473328623918228,0.12333344728162257,0.06139983895755989,HOME,False,False,1.63,2.27,0.29558274984523386,-0.28646853220604823,0.28646853220604823
2024-11-03,La Liga,Barcelona,Espanol,3,1,1.11,11.88,18.23,pinnacle,0.8238083266678996,0.11541834987954665,0.06077332345255392,0.8663086587904933,0.0809429807455764,0.05274836046393021,-0.04250033212259374,0.03447536913397024,0.008024962988623714,HOME,True,True,1.19,4.44,0.700288558332824,-0.08834376848777992,0.08834376848777994
2024-11-03,La Liga,Sevilla,Real Sociedad,0,2,3.01,3.02,2.7,pinnacle,0.29750661535882267,0.27152223610032805,0.4309711485408493,0.32138803052279746,0.3203238317462319,0.35828813773097046,-0.023881415163974795,-0.04880159564590386,0.07268301080987882,AWAY,False,False,2.48,1.53,0.42948526888408445,0.04793913422074275,-0.04793913422074281
2024-11-03,La Liga,Ath Bilbao,Betis,1,1,1.93,3.56,4.26,pinnacle,0.47576719048720084,0.2775208187204387,0.24671199079236067,0.5012062845774038,0.2717213846164015,0.22707233080619466,-0.02543909409020295,0.0057994341040372155,0.019639659986166014,DRAW,True,False,2.11,1.75,0.38331848771537524,-0.07004938793229315,0.07004938793229332
2024-11-04,La Liga,Celta,Getafe,1,0,1.98,3.27,4.45,pinnacle,0.39589732829979885,0.2916264271349688,0.3124762445652323,0.4876982012326936,0.29530349799410804,0.21699830077319848,-0.09180087293289474,-0.0036770708591392642,0.09547794379203384,HOME,False,False,2.46,1.55,0.36486440069480686,-0.021669265140604577,0.021669265140604632
2024-11-08,La Liga,Rayo Vallecano,Las Palmas,1,3,1.88,3.44,4.83,pinnacle,0.3347783494388249,0.3563380744366494,0.3088835761245255,0.516596813710249,0.2823261656323454,0.2010770206574054,-0.18181846427142412,0.07401190880430397,0.10780655546712009,AWAY,True,True,2.26,1.66,0.20694658811985267,-0.21652279963524934,0.21652279963524934
2024-11-09,La Liga,Real Madrid,Osasuna,4,0,1.19,7.58,13.77,pinnacle,0.7528141744977335,0.16418714899945602,0.08299867650281068,0.8042387645232699,0.12625912002410175,0.06950211545262827,-0.051424590025536454,0.03792802897535427,0.013496561050182404,HOME,False,True,1.46,2.68,0.5444243015264242,-0.10291869364265793,0.10291869364265799
2024-11-09,La Liga,Villarreal,Alaves,3,0,1.64,4.16,5.34,pinnacle,0.6316268445549644,0.2236375854584294,0.14473556998660614,0.587769616662786,0.2317168681074445,0.18051351522976952,0.043857227892178385,-0.008079282649015085,-0.035777945243163384,HOME,False,True,1.73,2.12,0.4555019103227942,-0.09514744032655642,0.09514744032655642
2024-11-10,La Liga,Betis,Celta,2,2,2.01,3.6,3.85,pinnacle,0.5479161095697693,0.26006935570168205,0.19201453472854862,0.48067419237371906,0.26837642407532647,0.2509493835509546,0.06724191719605027,-0.008307068373644422,-0.05893484882240596,DRAW,True,True,1.84,1.99,0.3946559859443495,-0.12492625948645997,0.12492625948645991
2024-11-10,La Liga,Mallorca,Ath Madrid,0,1,3.88,2.95,2.29,pinnacle,0.21629649831029973,0.2674966167369558,0.5162068849527444,0.24940284346192043,0.3280281466550004,0.4225690098830791,-0.0331063451516207,-0.06053152991804461,0.09363787506966526,AWAY,False,False,2.64,1.47,0.39348553192963287,0.03582129835299053,-0.03582129835299064
2024-11-10,La Liga,Getafe,Girona,0,1,2.49,3.12,3.22,pinnacle,0.3424550734242252,0.25442542788587874,0.4031194986898961,0.3888979212635002,0.31037045639298577,0.30073162234351414,-0.04644284783927499,-0.05594502850710703,0.10238787634638197,AWAY,False,False,2.62,1.5,0.5117440240531471,0.14766635415023444,-0.14766635415023455
2024-11-10,La Liga,Valladolid,Ath Bilbao,1,1,4.84,3.4,1.87,pinnacle,0.20986213940045628,0.2522534877818769,0.5378843728176668,0.1995305164319249,0.28403755868544606,0.516431924882629,0.010331622968531379,-0.03178407090356916,0.021452447935037755,DRAW,True,False,2.22,1.68,0.4395742632503112,0.008805032481080444,-0.008805032481080333
2024-11-10,La Liga,Real Sociedad,Barcelona,1,0,4.9,4.1,1.7,pinnacle,0.3008165238665548,0.29690313387340145,0.4022803422600438,0.19694829047753598,0.23537722520486012,0.5676744843176038,0.1038682333890188,0.061525908668541324,-0.16539414205756003,HOME,False,False,1.62,2.31,0.3459117294070252,-0.24187453013495952,0.24187453013495958
2024-11-22,La Liga,Getafe,Valladolid,2,0,1.68,3.47,6.79,pinnacle,0.5691213861609763,0.25859043927908704,0.1722881745599365,0.5775097369730453,0.2796012559408404,0.14288900708611432,-0.008388350812069012,-0.021010816661753362,0.02939916747382218,HOME,False,False,2.75,1.45,0.37785835463353007,0.03262025939543489,-0.03262025939543478
2024-11-23,La Liga,Valencia,Betis,4,2,2.98,3.09,2.67,pinnacle,0.36836454174283423,0.3102564141982811,0.32137904405888434,0.3246219766988916,0.31306585455103464,0.36231216875007377,0.04374256504394264,-0.002809440352753545,-0.040933124691189426,HOME,True,True,2.48,1.55,0.3111092153958377,-0.07350616921954695,0.07350616921954667
2024-11-23,La Liga,Ath Madrid,Alaves,2,1,1.36,4.92,10.26,pinnacle,0.7623059119515772,0.16530444499099717,0.07238964305742576,0.7097351105112197,0.19618694111692256,0.09407794837185761,0.05257080144035742,-0.03088249612592539,-0.021688305314431847,HOME,True,True,2.0,1.84,0.5037607439826107,0.02459407731594404,-0.024594077315944096
2024-11-23,La Liga,Girona,Espanol,4,1,1.66,4.01,5.39,pinnacle,0.7049297066323372,0.15171323875284495,0.14335705461481787,0.5807393754080697,0.24040582622877701,0.1788547983631532,0.12419033122426748,-0.08869258747593206,-0.035497743748335336,HOME,True,True,1.93,1.9,0.7902204656600084,0.29413691474617015,-0.2941369147461701
2024-11-23,La Liga,Las Palmas,Mallorca,2,3,2.96,2.95,2.81,pinnacle,0.4111464897751582,0.3756558171999976,0.21319769302484431,0.3271426372680955,0.3282515953605297,0.34460576737137466,0.08400385250706272,0.04740422183946785,-0.13140807434653035,AWAY,True,True,2.58,1.52,0.16232278092720642,-0.2084089263898667,0.20840892638986686
2024-11-23,La Liga,Celta,Barcelona,2,2,4.57,4.51,1.68,pinnacle,0.1556732260436498,0.2316461587816475,0.6126806151747027,0.21125829845727465,0.21406883014406766,0.5746728713986579,-0.05558507241362484,0.017577328637579825,0.03800774377604488,DRAW,True,True,1.46,2.71,0.44449823301207486,-0.20538186291118649,0.2053818629111866
2024-11-24,La Liga,Osasuna,Villarreal,2,2,2.62,3.5,2.74,pinnacle,0.36331482731679154,0.265091787878682,0.37159338480452647,0.3697164093944207,0.2767591407466806,0.35352444985889864,-0.006401582077629142,-0.011667352867998637,0.018068934945627835,DRAW,True,True,1.81,2.02,0.4682953191229013,-0.05911982448023195,0.059119824480231786
2024-11-24,La Liga,Sevilla,Rayo Vallecano,1,0,2.32,3.32,3.32,pinnacle,0.48711351239068623,0.2543768568145804,0.2585096307947332,0.4170854271356784,0.29145728643216084,0.29145728643216084,0.07002808525500781,-0.03708042961758046,-0.03294765563742763,HOME,False,False,2.39,1.59,0.47377555891605055,0.07427807147886456,-0.07427807147886478
2024-11-24,La Liga,Ath Bilbao,Real Sociedad,1,0,2.27,3.06,3.75,pinnacle,0.397449344644379,0.28280376311978866,0.31974689223583225,0.4260461800643803,0.31605386560331483,0.2578999543323049,-0.0285968354200013,-0.03325010248352617,0.061846937903527355,HOME,False,False,2.55,1.52,0.39567641426499034,0.02221204080061684,-0.022212040800616895
2024-11-29,La Liga,Mallorca,Valencia,2,1,2.04,2.95,4.86,pinnacle,0.38518886734494184,0.31881348970161866,0.29599764295343933,0.47364665305556103,0.3275387024519812,0.19881464449245773,-0.08845778571061919,-0.008725212750362532,0.0971829984609816,HOME,True,True,3.03,1.38,0.2852038294449052,-0.02772134062312198,0.027721340623121926
2024-11-30,La Liga,Barcelona,Las Palmas,1,2,1.16,9.29,14.11,pinnacle,0.5969489500914131,0.28569172648384633,0.11735932342474047,0.8284478078494103,0.10344450560875307,0.0681076865418367,-0.23149885775799717,0.18224722087509326,0.049251636882903765,AWAY,True,True,1.23,4.09,0.2524617244675254,-0.5163352680136777,0.5163352680136777
2024-11-30,La Liga,Espanol,Celta,3,1,3.36,3.35,2.28,pinnacle,0.47839443668956616,0.23103530328103014,0.29057026002940367,0.2876316146233449,0.28849021645804146,0.4238781689186136,0.19076282206622125,-0.05745491317701132,-0.1333079088892099,HOME,True,True,2.02,1.82,0.5982505044912503,0.12429217115791685,-0.12429217115791702
2024-11-30,La Liga,Valladolid,Ath Madrid,0,5,6.47,4.14,1.56,pinnacle,0.1293986549578726,0.19845115638647104,0.6721501886556565,0.14902601448171787,0.23289814340500356,0.6180758421132786,-0.019627359523845284,-0.03444698701853252,0.05407434654237786,AWAY,False,True,2.03,1.81,0.5241351565309162,0.05278098986424962,-0.052780989864249506
2024-12-01,La Liga,Villarreal,Girona,2,2,1.88,3.88,4.05,pinnacle,0.4446780232885111,0.2187904765804999,0.33653150013098887,0.5131537697894352,0.2486415173206542,0.23820471288991069,-0.06847574650092408,-0.029851040740154294,0.09832678724107818,DRAW,True,True,1.66,2.21,0.6829727043617692,0.11191327283722141,-0.1119132728372213
2024-12-01,La Liga,Real Madrid,Getafe,2,0,1.37,4.87,9.55,pinnacle,0.7315985357993094,0.177438508697803,0.09096295550288772,0.7018678345222664,0.19744536617977512,0.10068679929795862,0.029730701277043026,-0.020006857481972118,-0.009723843795070908,HOME,False,False,1.99,1.84,0.5128460851501778,0.03242833058098721,-0.032428330580987264
2024-12-01,La Liga,Rayo Vallecano,Ath Bilbao,1,2,2.91,3.16,2.68,pinnacle,0.3111361916880073,0.2720484331158587,0.416815375196134,0.33258977661880673,0.30627729429136946,0.3611329290898237,-0.021453584930799408,-0.03422886117551077,0.05568244610631029,AWAY,True,True,2.42,1.57,0.432183723622308,0.03870001434912507,-0.03870001434912507
2024-12-01,La Liga,Real Sociedad,Betis,2,0,1.81,3.59,4.93,pinnacle,0.5035179478220744,0.28429013529482616,0.2121919168830993,0.5343826521215342,0.2694241226573752,0.19619322522109067,-0.030864704299459866,0.014866012637450965,0.015998691662008624,HOME,False,False,2.23,1.67,0.33983766227057094,-0.0883674659345573,0.08836746593455713
2024-12-02,La Liga,Sevilla,Osasuna,1,1,2.16,3.36,3.66,pinnacle,0.4684537212825125,0.2666393463820248,0.26490693233546264,0.4478238070267435,0.2878867330886209,0.26428945988463554,0.02062991425576899,-0.021247386706596094,0.0006174724508271057,DRAW,True,False,2.16,1.71,0.43150677736772586,-0.010353687748553164,0.010353687748553164
2024-12-03,La Liga,Mallorca,Barcelona,1,5,6.27,4.41,1.55,pinnacle,0.1721798962316714,0.27457162297277127,0.5532484807955571,0.1546328784043326,0.21985218766330278,0.6255149339323647,0.017547017827338807,0.05471943530946849,-0.07226645313680757,AWAY,True,True,1.72,2.14,0.3323787960709541,-0.22202534900676618,0.22202534900676596
2024-12-04,La Liga,Ath Bilbao,Real Madrid,2,1,3.15,3.54,2.31,pinnacle,0.27716139924656924,0.25541570129052,0.4674228994629107,0.3073644328676296,0.27350224958560265,0.4191333175467677,-0.03020303362106036,-0.01808654829508266,0.04828958191614302,HOME,True,True,1.84,2.0,0.48183770274143956,-0.038995630591893815,0.03899563059189376
2024-12-06,La Liga,Celta,Mallorca,2,0,1.91,3.41,4.73,pinnacle,0.40422435468209894,0.3002205702284676,0.29555507508943335,0.5091849845470015,0.28520331979025587,0.20561169566274262,-0.10496062986490251,0.015017250438211727,0.08994337942669073,HOME,False,False,2.41,1.59,0.3348297618280433,-0.06267023817195672,0.0626702381719566
2024-12-07,La Liga,Las Palmas,Valladolid,2,1,1.8,3.67,4.79,pinnacle,0.5441711417570325,0.3075332693147375,0.14829558892822992,0.5358350123295731,0.26280736299543095,0.20135762467499613,0.008336129427459427,0.04472590631930656,-0.05306203574676621,HOME,True,True,2.02,1.82,0.2387937561743997,-0.2351645771589337,0.23516457715893357
2024-12-07,La Liga,Betis,Barcelona,2,2,5.16,4.53,1.61,pinnacle,0.23275764936789922,0.2903841561552568,0.4768581944768441,0.187124285131505,0.21314819233522425,0.5997275225332707,0.04563336423639422,0.07723596382003256,-0.12286932805642659,DRAW,True,True,1.5,2.6,0.33639436142342627,-0.2977519800399885,0.2977519800399883
2024-12-07,La Liga,Valencia,Rayo Vallecano,0,1,2.25,2.99,3.94,pinnacle,0.47549733427321283,0.2789929697510881,0.245509695975699,0.43037142303940723,0.32385809426042356,0.2457704827001691,0.045125911233805605,-0.04486512450933544,-0.00026078672447010787,AWAY,False,False,2.75,1.46,0.37789782949728457,0.03110448032863844,-0.03110448032863855
2024-12-07,La Liga,Girona,Real Madrid,0,3,4.7,4.07,1.73,pinnacle,0.2806158113784214,0.22313363592047408,0.49625055270110446,0.20527330027316906,0.23704779147024435,0.5576789082565865,0.07534251110525234,-0.013914155549770268,-0.06142835555548204,AWAY,False,True,1.62,2.31,0.6296497095616946,0.041863450019709925,-0.04186345001970998
2024-12-08,La Liga,Ath Bilbao,Villarreal,2,0,1.99,3.78,3.76,pinnacle,0.5154775104439359,0.23482896450069216,0.2496935250553719,0.4864498552232573,0.2560939714006038,0.25745617337613885,0.029027655220678572,-0.021265006899911648,-0.007762648320766952,HOME,False,False,1.82,2.01,0.5487076064506803,0.023903428904988422,-0.023903428904988477
2024-12-08,La Liga,Osasuna,Alaves,2,2,2.09,3.43,3.78,pinnacle,0.49981795759569037,0.2992112710108259,0.2009707713934838,0.4624834577642389,0.28180478913331164,0.25571175310244953,0.037334499831451484,0.017406481877514257,-0.05474098170896574,DRAW,True,True,2.32,1.62,0.29371289583860977,-0.11745461685174563,0.11745461685174563
2024-12-08,La Liga,Ath Madrid,Sevilla,4,3,1.37,5.02,9.1,pinnacle,0.7170084309627491,0.17006065755214014,0.1129309114851107,0.7025146709644082,0.19172213131897198,0.1057631977166197,0.014493759998340905,-0.021661473766831835,0.007167713768490999,HOME,True,True,1.82,2.01,0.6110626671052098,0.08625848955951798,-0.08625848955951809
2024-12-09,La Liga,Getafe,Espanol,1,0,1.8,3.23,5.85,pinnacle,0.5107628362313226,0.23957015199170614,0.24966701177697131,0.5362022730174946,0.2988124122078917,0.1649853147746137,-0.025439436786172,-0.05924226021618553,0.08468169700235761,HOME,False,False,2.93,1.41,0.5279002951632812,0.2030155025365531,-0.20301550253655326
2024-12-13,La Liga,Valladolid,Valencia,1,0,3.3,3.09,2.5,pinnacle,0.28485687596477727,0.29262731870900544,0.4225158053262174,0.2951627693718477,0.31522237505731315,0.38961485557083897,-0.010305893407070443,-0.022595056348307718,0.03290094975537844,HOME,False,False,2.54,1.52,0.35417142749009917,-0.02021280896310279,0.020212808963102846
2024-12-14,La Liga,Espanol,Osasuna,0,0,2.88,3.15,2.72,pinnacle,0.44096871476886845,0.24649879122519833,0.3125324940059331,0.3363482193329565,0.30751837196156023,0.3561334087054833,0.10462049543591195,-0.061019580736361906,-0.04360091469955024,DRAW,False,False,2.29,1.63,0.5379704103821515,0.12215408385153931,-0.12215408385153936
2024-12-14,La Liga,Mallorca,Girona,2,1,2.38,3.08,3.48,pinnacle,0.32374124390220604,0.26169742414691594,0.41456133195087796,0.40706082518077413,0.31454700127605273,0.2783921735431731,-0.08331958127856809,-0.05284957712913679,0.13616915840770488,HOME,True,True,2.42,1.57,0.4764069058730688,0.08292319659988584,-0.08292319659988578
2024-12-14,La Liga,Sevilla,Celta,1,0,2.26,3.34,3.42,pinnacle,0.5065645597054996,0.24755672347139634,0.24587871682310386,0.42781381552336295,0.28947880930622766,0.2827073751704094,0.07875074418213668,-0.04192208583483131,-0.03682865834730553,HOME,False,False,2.01,1.83,0.4912117977257959,0.014649297725795873,-0.014649297725795818
2024-12-14,La Liga,Rayo Vallecano,Real Madrid,3,3,6.07,3.97,1.61,pinnacle,0.167099254764698,0.22195896822185826,0.6109417770134438,0.15875148712318968,0.2427258253999399,0.5985226874768703,0.008347767641508325,-0.020766857178081632,0.012419089536573447,DRAW,True,True,1.84,1.99,0.49942701984367366,-0.020155225587135783,0.020155225587135728
2024-12-15,La Liga,Ath Madrid,Getafe,1,0,1.41,4.4,10.04,pinnacle,0.6816946952448982,0.2001237035837238,0.11818160117137798,0.6845129260386387,0.21935527857147283,0.0961317953898885,-0.0028182307937404394,-0.019231574987749023,0.022049805781489476,HOME,False,False,2.29,1.62,0.49193994324817175,0.07761769260878554,-0.07761769260878548
2024-12-15,La Liga,Alaves,Ath Bilbao,1,1,3.82,3.17,2.19,pinnacle,0.23064418523004093,0.2897377595511766,0.4796180552187824,0.25320689340749525,0.3051262879547734,0.44166681863773144,-0.022562708177454316,-0.015388528403596835,0.037951236581050984,DRAW,True,False,2.47,1.54,0.33693100385572444,-0.04710889639365207,0.04710889639365212
2024-12-15,La Liga,Real Sociedad,Las Palmas,0,0,1.43,4.37,9.13,pinnacle,0.47488145972184836,0.33930378754532653,0.18581475273282508,0.673919102209175,0.22052730346890617,0.10555359432191894,-0.19903764248732658,0.11877648407642036,0.08026115841090614,DRAW,False,False,2.15,1.71,0.20616611128672513,-0.23683907006042515,0.23683907006042504
2024-12-15,La Liga,Villarreal,Betis,1,2,1.8,3.98,4.38,pinnacle,0.4513080024005204,0.26389768095431765,0.2847943166451619,0.5367052129899877,0.2427310008497432,0.22056378616026895,-0.08539721058946736,0.021166680104574453,0.06423053048489297,AWAY,True,True,1.66,2.23,0.4525883214316359,-0.12067646005936666,0.12067646005936666
2024-12-18,La Liga,Espanol,Valencia,1,1,2.72,2.93,3.09,pinnacle,0.4047070354473149,0.2504502739546602,0.3448426905980252,0.35605098296766174,0.33053197053653244,0.3134170464958059,0.048656052479653156,-0.08008169658187225,0.03142564410221932,DRAW,True,False,2.57,1.5,0.5299687256994403,0.16141835714907177,-0.1614183571490716
2024-12-18,La Liga,Villarreal,Rayo Vallecano,1,1,1.85,3.66,4.49,pinnacle,0.574337052905836,0.22420056744557157,0.20146237964859265,0.5215147774262239,0.2636071962400312,0.21487802633374484,0.05282227547961216,-0.039406628794459636,-0.013415646685152188,DRAW,True,False,1.86,1.97,0.541109695529474,0.026749382213547057,-0.026749382213546835
2024-12-20,La Liga,Girona,Valladolid,3,0,1.4,5.01,8.31,pinnacle,0.75691885032815,0.14830990272083167,0.09477124695101846,0.6906493079920571,0.19299581460855889,0.11635487739938387,0.06626954233609283,-0.04468591188772722,-0.021583630448365407,HOME,False,True,1.77,2.06,0.6633784113860397,0.1255194035531415,-0.12551940355314167
2024-12-21,La Liga,Getafe,Mallorca,0,1,2.37,2.74,4.06,pinnacle,0.4245536888928876,0.3175742720865238,0.25787203902058864,0.4083787315898445,0.35323269849194583,0.23838856991820978,0.01617495730304308,-0.03565842640542205,0.01948346910237886,AWAY,False,False,3.46,1.3,0.27830159781641045,0.00519235411893143,-0.005192354118931264
2024-12-21,La Liga,Celta,Real Sociedad,2,0,2.95,3.21,2.62,pinnacle,0.2569230709291654,0.27537577230998256,0.4677011567608521,0.32841182879255876,0.3018114937501708,0.36977667745727033,-0.07148875786339337,-0.026435721440188242,0.09792447930358178,HOME,False,False,2.37,1.59,0.39642237811292197,-0.005092773402229467,0.0050927734022298
2024-12-21,La Liga,Osasuna,Ath Bilbao,1,2,3.85,3.25,2.14,pinnacle,0.31584641826671955,0.2834996309070149,0.4006539508262653,0.2510241279122228,0.2973670438344793,0.451608828253298,0.06482229035449677,-0.013867412927464406,-0.050954877427032697,AWAY,True,True,2.33,1.6,0.392439272082703,-0.014685409851139253,0.014685409851138975
2024-12-21,La Liga,Barcelona,Ath Madrid,1,2,1.88,3.92,4.01,pinnacle,0.5182587235040526,0.25373889590209225,0.22800238059385505,0.5132364272747457,0.24614400083584742,0.24061957188940697,0.005022296229306833,0.007594895066244833,-0.012617191295551916,AWAY,True,True,1.58,2.38,0.4515446963121462,-0.14946540469795477,0.1494654046979546
2024-12-22,La Liga,Valencia,Alaves,2,2,2.32,3.07,3.61,pinnacle,0.5278931080528727,0.2910972764844751,0.1810096154626521,0.4169516521634444,0.31509049935478534,0.26795784848177034,0.11094145588942833,-0.02399322287031025,-0.08694823301911825,DRAW,True,True,2.63,1.48,0.2985863677811253,-0.061510955819848,0.06151095581984789
2024-12-22,La Liga,Real Madrid,Sevilla,4,2,1.35,5.87,7.84,pinnacle,0.7683678760052083,0.14710739814660204,0.08452472584818954,0.7131768049552684,0.16401851562003616,0.12280467942469546,0.05519107104993992,-0.01691111747343413,-0.03827995357650592,HOME,True,True,1.51,2.52,0.6318120883189483,0.006501914621677818,-0.006501914621677818
2024-12-22,La Liga,Las Palmas,Espanol,1,0,1.87,3.57,4.53,pinnacle,0.5077272751418368,0.2797536145298235,0.21251911032833964,0.5163654127992183,0.2704771209900668,0.21315746621071488,-0.008638137657381528,0.00927649353975668,-0.0006383558823752356,HOME,False,False,2.09,1.74,0.352943264188194,-0.10136482980658412,0.10136482980658412
2024-12-22,La Liga,Betis,Rayo Vallecano,1,1,1.83,3.6,4.71,pinnacle,0.5289092093368111,0.2688184257384282,0.20227236492476072,0.5271847105241066,0.2679855611830876,0.20482972829280577,0.0017244988127044225,0.0008328645553405956,-0.002557363368045046,DRAW,True,False,2.22,1.67,0.3770752957750315,-0.052230616821369424,0.052230616821369424
2025-01-03,La Liga,Valencia,Real Madrid,1,2,7.58,4.78,1.45,pinnacle,0.1967931328876051,0.24880809661344508,0.5543987704989499,0.12798590696231518,0.2029567311243408,0.6690573619133442,0.06880722592528993,0.04585136548910429,-0.11465859141439427,AWAY,True,True,1.65,2.23,0.4379307461711614,-0.13681152187007567,0.13681152187007578
2025-01-10,La Liga,Rayo Vallecano,Celta,2,1,2.83,3.11,2.8,pinnacle,0.4625645247779817,0.26794491243886437,0.26949056278315386,0.34238576983718194,0.31156004136309484,0.3460541887997232,0.12017875494079977,-0.04361512892423047,-0.07656362601656935,HOME,True,True,2.22,1.66,0.4294100904998482,0.0015750389534564535,-0.0015750389534564535
2025-01-11,La Liga,Alaves,Girona,0,1,2.79,3.2,2.76,pinnacle,0.23457352262476083,0.2501804263553104,0.5152460510199287,0.34689164349342505,0.30244615167082994,0.35066220483574495,-0.11231812086866422,-0.05226572531551954,0.16458384618418376,AWAY,False,False,2.18,1.68,0.4709760504018506,0.03574288978008899,-0.035742889780089104
2025-01-11,La Liga,Valladolid,Betis,1,0,4.69,3.51,1.86,pinnacle,0.23795757305216694,0.2870664163107165,0.47497601063711625,0.20585926045046493,0.27506550755347026,0.5190752319960648,0.03209831260170201,0.012000908757246243,-0.044099221358948504,HOME,False,False,2.12,1.72,0.34890696279979955,-0.09900970386686708,0.09900970386686692
2025-01-11,La Liga,Sevilla,Valencia,1,1,2.06,3.54,3.75,pinnacle,0.43433745023223175,0.2731814875189341,0.29248106224883436,0.46920727827967934,0.2730415235186835,0.25775119820163717,-0.03486982804744759,0.00013996400025062528,0.03472986404719719,DRAW,True,False,2.28,1.63,0.42147362835817304,0.004593832961753586,-0.004593832961753419
2025-01-12,La Liga,Las Palmas,Getafe,1,2,2.51,2.98,3.34,pinnacle,0.40861504083057976,0.36560272099999136,0.22578223816942894,0.38553787514912996,0.32473156598131414,0.2897305588695558,0.023077165681449796,0.04087115501867722,-0.06394832070012685,AWAY,True,True,2.67,1.46,0.17937278309451535,-0.17413811278926186,0.17413811278926206
2025-01-12,La Liga,Ath Madrid,Osasuna,1,0,1.29,5.76,11.15,pinnacle,0.7038309955318793,0.18721157877381453,0.10895742569430629,0.7464617337243238,0.16717632578201003,0.08636194049366616,-0.04263073819244445,0.020035252991804503,0.022595485200640128,HOME,False,False,1.78,2.04,0.522026204163509,-0.012005209449056475,0.012005209449056586
2025-01-13,La Liga,Real Sociedad,Villarreal,1,0,1.97,3.58,4.02,pinnacle,0.5497022138591748,0.23763329984883771,0.2126644862919874,0.4901170156247871,0.26970126278794154,0.24018172158727136,0.05958519823438774,-0.03206796293910383,-0.027517235295283965,HOME,False,False,2.02,1.8,0.49857694822706267,0.027372759745387276,-0.027372759745387554
2025-01-17,La Liga,Espanol,Valladolid,2,1,1.8,3.44,5.44,pinnacle,0.5939598685486256,0.2107786950216129,0.19526143642976146,0.5393341326201235,0.2822097205570414,0.17845614682283498,0.05462573592850206,-0.07143102553542852,0.016805289606926482,HOME,True,True,2.32,1.62,0.5927748751722285,0.1816073624818731,-0.18160736248187315
2025-01-18,La Liga,Girona,Sevilla,1,2,1.94,3.61,4.11,pinnacle,0.6191486819527594,0.19292568833782867,0.18792562970941176,0.49765713308222004,0.2674390133461238,0.23490385357165613,0.12149154887053937,-0.07451332500829513,-0.04697822386224437,AWAY,True,True,1.96,1.85,0.6676718184963589,0.1821075140344166,-0.18210751403441672
2025-01-18,La Liga,Betis,Alaves,1,3,1.78,3.76,4.82,pinnacle,0.5756152915430812,0.2760592194971461,0.14832548895977293,0.5426822695205357,0.25690809567727485,0.2004096348021895,0.032933022022545555,0.019151123819871274,-0.05208414584241658,AWAY,True,True,2.13,1.72,0.30468920979876296,-0.14206403695448377,0.142064036954484
2025-01-18,La Liga,Getafe,Barcelona,1,1,6.72,4.48,1.5,pinnacle,0.18186866284217973,0.26868120331120077,0.5494501338466196,0.14326647564469913,0.21489971346704867,0.6418338108882521,0.0386021871974806,0.0537814898441521,-0.09238367704163253,DRAW,True,False,1.76,2.06,0.3581788694601963,-0.18108814624661007,0.18108814624661007
2025-01-19,La Liga,Celta,Ath Bilbao,1,2,2.92,3.16,2.67,pinnacle,0.2983616394401241,0.266818794732804,0.4348195658270718,0.3313800037705021,0.30621190221831207,0.36240809401118584,-0.03301836433037797,-0.03939310748550806,0.07241147181588597,AWAY,True,True,2.31,1.61,0.4474786682664865,0.03676438255220077,-0.036764382552200825
2025-01-19,La Liga,Real Madrid,Las Palmas,4,1,1.15,9.06,16.17,pinnacle,0.621424204355878,0.2597202355387099,0.11885556010541201,0.8346890602325616,0.10594839064762095,0.0593625491198173,-0.21326485587668365,0.15377184489108892,0.05949301098559471,HOME,True,True,1.3,3.39,0.3092048216264786,-0.4136096773074233,0.4136096773074233
2025-01-19,La Liga,Osasuna,Rayo Vallecano,1,1,2.22,3.13,3.8,pinnacle,0.4448338275820336,0.28368710512260753,0.2714790672953591,0.4360194438130989,0.3092534074329328,0.2547271487539683,0.00881438376893473,-0.02556630231032525,0.016751918541390798,DRAW,True,False,2.5,1.53,0.3767605702411983,-0.0028920352178588016,0.002892035217858968
2025-01-19,La Liga,Valencia,Real Sociedad,1,0,3.09,3.12,2.58,pinnacle,0.2990332272401634,0.3005186300340697,0.40044814272576673,0.31367047766009687,0.31065441537490357,0.37567510696499967,-0.014637250419933467,-0.01013578534083387,0.02477303576076706,HOME,False,False,2.82,1.41,0.3348210475423665,0.001487714209033153,-0.001487714209033264
2025-01-20,La Liga,Villarreal,Mallorca,4,0,1.77,3.71,4.95,pinnacle,0.538104289340236,0.25223587960058585,0.20965983105917818,0.5450587219189914,0.2600414926675511,0.19489978541345754,-0.006954432578755387,-0.007805613066965256,0.014760045645720643,HOME,False,True,2.04,1.77,0.4394315999538965,-0.025135329179961752,0.025135329179961863
2025-01-24,La Liga,Las Palmas,Osasuna,1,1,2.56,3.19,3.09,pinnacle,0.42697158234626276,0.35490040342197154,0.21812801423176578,0.38008552512348703,0.30502161263828426,0.31489286223822877,0.04688605722277572,0.04987879078368729,-0.09676484800646298,DRAW,True,False,2.19,1.68,0.19348689346309908,-0.24062163366868386,0.24062163366868383
2025-01-25,La Liga,Mallorca,Betis,0,1,2.31,3.1,3.61,pinnacle,0.33252914505733416,0.3264029539505913,0.3410679009920743,0.4192783362244344,0.3124299860253043,0.26829167775026136,-0.08674919116710023,0.013972967925287016,0.07277622324181293,AWAY,False,False,2.53,1.52,0.27025981552814327,-0.10504882644716546,0.10504882644716529
2025-01-25,La Liga,Ath Madrid,Villarreal,1,1,1.72,4.16,4.65,pinnacle,0.660420609282642,0.18730306650572617,0.15227632421163184,0.5607411616015213,0.23184490335447513,0.20741393504400354,0.09967944768112069,-0.04454183684874896,-0.0551376108323717,DRAW,True,False,1.63,2.28,0.6260406071217997,0.04292040251821916,-0.04292040251821905
2025-01-25,La Liga,Sevilla,Espanol,1,1,1.71,3.85,5.21,pinnacle,0.5429818442901354,0.21215829655855736,0.24485985915130715,0.5642160158194824,0.2505998407925493,0.18518414338796832,-0.021234171529347035,-0.03844154423399196,0.05967571576333883,DRAW,True,False,2.16,1.7,0.6509623624062197,0.21054785463419906,-0.21054785463419906
2025-01-25,La Liga,Valladolid,Real Madrid,0,3,10.86,6.46,1.25,pinnacle,0.09942928423253547,0.17616107499234512,0.7244096407751195,0.08795759735789538,0.14786679679670958,0.764175605845395,0.011471686874640091,0.02829427819563554,-0.03976596507027552,AWAY,False,True,1.43,2.77,0.543193312065723,-0.11633049745808655,0.11633049745808671
2025-01-26,La Liga,Rayo Vallecano,Girona,2,1,2.75,3.1,2.88,pinnacle,0.3213771025461348,0.23871157823091665,0.43991131922294835,0.3518700981358137,0.31214282899144763,0.33598707287273877,-0.03049299558967894,-0.07343125076053097,0.10392424635020958,HOME,True,True,2.2,1.68,0.5776392690362498,0.14464957831460035,-0.1446495783146005
2025-01-26,La Liga,Real Sociedad,Getafe,0,3,1.78,3.2,6.19,pinnacle,0.5759632242499187,0.25982603855286196,0.16421073719721938,0.5423550607575667,0.30168500254639646,0.15595993669603694,0.03360816349235207,-0.041858963993534504,0.008250800501182431,AWAY,False,True,3.06,1.37,0.3649153338904464,0.055660254883674376,-0.05566025488367432
2025-01-26,La Liga,Barcelona,Valencia,7,1,1.22,7.12,12.24,pinnacle,0.7000113722149381,0.20098145787457514,0.09900716991048669,0.7867687418749097,0.1348114979055323,0.078419760219558,-0.0867573696599716,0.06616995996904285,0.02058740969092869,HOME,True,True,1.39,2.91,0.44423007865407216,-0.2325141073924395,0.23251410739243938
2025-01-27,La Liga,Alaves,Celta,1,1,2.69,3.15,2.91,pinnacle,0.3545924683142726,0.3097688675304949,0.3356386641552328,0.3599236686181428,0.3073633868516838,0.3327129445301732,-0.005331200303870187,0.0024054806788110783,0.0029257196250596085,DRAW,True,False,2.2,1.67,0.31348848529510037,-0.11803606250851717,0.11803606250851728
2025-02-01,La Liga,Getafe,Sevilla,0,0,2.52,2.94,3.39,pinnacle,0.43816280742310526,0.2763464313534391,0.28549076122345546,0.3845405930967428,0.32960622265435097,0.28585318424890616,0.05362221432636244,-0.05325979130091185,-0.0003624230254506977,DRAW,False,False,2.81,1.42,0.40738795638201275,0.071690556854826,-0.07169055685482606
2025-02-01,La Liga,Villarreal,Valladolid,5,1,1.23,6.74,12.37,pinnacle,0.6966013682170754,0.18221848381989464,0.12118014796302987,0.7800758052790489,0.14235804755092435,0.07756614717002669,-0.08347443706197344,0.03986043626897029,0.04361400079300318,HOME,True,True,1.45,2.69,0.5759347696056799,-0.07382368450060028,0.07382368450060017
2025-02-01,La Liga,Ath Madrid,Mallorca,2,0,1.43,4.44,9.0,pinnacle,0.6839563947678122,0.20378624000792153,0.11225736522426633,0.6752372455186958,0.21747505880444476,0.10728769567685943,0.008719149249116431,-0.013688818796523228,0.004969669547406894,HOME,False,False,2.22,1.66,0.4645291784423814,0.036694126895989665,-0.03669412689598961
2025-02-01,La Liga,Espanol,Real Madrid,1,0,9.89,5.56,1.32,pinnacle,0.14642603743971205,0.17398715115055263,0.6795868114097352,0.09735959587383791,0.17318100776839157,0.7294593963577705,0.04906644156587414,0.000806143382161062,-0.04987258494803526,HOME,False,False,1.59,2.36,0.6797707373377815,0.08230238290740177,-0.08230238290740183
2025-02-02,La Liga,Barcelona,Alaves,1,0,1.19,7.63,14.28,pinnacle,0.7795178839373216,0.16333801207051998,0.05714410399215852,0.8069093152375076,0.1258482418260333,0.06724244293645898,-0.027391431300186064,0.037489770244486686,-0.010098338944300463,HOME,False,False,1.35,3.1,0.4588100023853113,-0.23781921109783483,0.23781921109783505
2025-02-02,La Liga,Valencia,Celta,2,1,2.39,3.14,3.38,pinnacle,0.4940099611616017,0.27164212760385414,0.2343479112345444,0.4051458237898916,0.30837532447701943,0.28647885173308907,0.08886413737171006,-0.036733196873165286,-0.052130940498544664,HOME,True,True,2.28,1.63,0.3941110336320008,-0.022768761764418666,0.022768761764419
2025-02-02,La Liga,Osasuna,Real Sociedad,2,1,3.06,2.97,2.7,pinnacle,0.2732127180345044,0.2949903771070009,0.43179690485849465,0.31609195402298856,0.3256704980842912,0.35823754789272033,-0.04287923598848414,-0.030680120977290337,0.07355935696577431,HOME,True,True,2.65,1.46,0.3429375403282104,-0.012293603224101057,0.012293603224101113
2025-02-02,La Liga,Betis,Ath Bilbao,2,2,3.01,3.28,2.53,pinnacle,0.39711089681909806,0.2894626368648871,0.31342646631601484,0.3218118007484536,0.2953211951990382,0.38286700405250806,0.07529909607064444,-0.005858558334151109,-0.06944053773649322,DRAW,True,True,2.22,1.66,0.37202335913642276,-0.05581169240996897,0.05581169240996897
2025-02-03,La Liga,Girona,Las Palmas,2,1,1.63,4.13,5.5,pinnacle,0.4940481258398604,0.28394945068309996,0.22200242347703975,0.5913532004404886,0.23339121470169402,0.1752555848578175,-0.09730507460062815,0.050558235981405936,0.04674683861922224,HOME,True,True,1.81,2.01,0.3477157390998781,-0.1784622713713261,0.1784622713713262
2025-02-07,La Liga,Rayo Vallecano,Valladolid,1,0,1.5,4.27,7.31,pinnacle,0.5633433427288033,0.2489253299526824,0.1877313273185144,0.6424726811667287,0.2256929793325745,0.13183433950069673,-0.07912933843792547,0.023232350620107894,0.055896987817817684,HOME,False,False,2.05,1.79,0.4271139341529832,-0.03903189918035016,0.039031899180350216
2025-02-08,La Liga,Celta,Betis,3,2,2.35,3.38,3.2,pinnacle,0.3267041169852784,0.29308764901939394,0.3802082339953279,0.4115833935842308,0.2861600517523498,0.3022565546634195,-0.08487927659895239,0.006927597267044117,0.07795167933190839,HOME,True,True,2.1,1.75,0.3626296381450243,-0.09191581640043028,0.09191581640043045
2025-02-08,La Liga,Ath Bilbao,Girona,3,0,1.68,3.92,5.36,pinnacle,0.4814478938822928,0.22924202994535178,0.2893100761723555,0.5740514075887393,0.2460220318237454,0.17992656058751527,-0.09260351370644648,-0.016780001878393624,0.10938351558484022,HOME,False,True,2.09,1.76,0.6060535182945446,0.14891066115168738,-0.14891066115168733
2025-02-08,La Liga,Las Palmas,Villarreal,1,2,4.62,4.1,1.74,pinnacle,0.3855968059454427,0.32066583971852025,0.2937373543360372,0.20911745049069613,0.2356396637236625,0.5552428857856414,0.17647935545474658,0.08502617599485776,-0.2615055314496042,AWAY,True,True,1.64,2.28,0.2802661410566548,-0.30136651200456954,0.3013665120045697
2025-02-08,La Liga,Real Madrid,Ath Madrid,1,1,1.9,3.67,4.21,pinnacle,0.5305922081684272,0.2358469095763183,0.23356088225525454,0.5078674805326285,0.26292866839563883,0.22920385107173263,0.02272472763579869,-0.02708175881932054,0.004357031183521903,DRAW,True,False,1.79,2.04,0.5286502396488009,-0.003986836069214794,0.003986836069214961
2025-02-09,La Liga,Alaves,Getafe,0,1,2.37,2.9,3.76,pinnacle,0.31038995381215395,0.33223260228103485,0.3573774439068109,0.408570079660674,0.3339003754468267,0.2575295448924993,-0.09818012584852004,-0.0016677731657918637,0.09984789901431163,AWAY,False,False,3.04,1.37,0.2555854803000334,-0.0550721160718487,0.055072116071848365
2025-02-09,La Liga,Real Sociedad,Espanol,2,1,1.61,3.85,6.33,pinnacle,0.691780487215726,0.1788931515453099,0.12932636123896388,0.5978979546274193,0.25003005375328446,0.15207199161929624,0.0938825325883067,-0.07113690220797456,-0.022745630380332366,HOME,True,True,2.25,1.65,0.612747045378016,0.18967012230109304,-0.18967012230109304
2025-02-09,La Liga,Sevilla,Barcelona,1,4,5.62,4.68,1.55,pinnacle,0.18365583293311627,0.2361698822851131,0.5801742847817708,0.17162487637993118,0.2060965395844473,0.6222785840356214,0.01203095655318509,0.030073342700665806,-0.04210429925385062,AWAY,True,True,1.45,2.69,0.4683024443547844,-0.18145600975149578,0.181456009751496
2025-02-10,La Liga,Mallorca,Osasuna,1,1,2.05,3.22,4.26,pinnacle,0.4149281845003463,0.3135390642652541,0.27153275123439974,0.47217326650878455,0.30060720383323236,0.22721952965798314,-0.05724508200843825,0.012931860432021713,0.044313221576416595,DRAW,True,False,2.76,1.44,0.29238119823420505,-0.05047594462293786,0.05047594462293803
2025-02-14,La Liga,Girona,Getafe,1,2,1.99,3.26,4.57,pinnacle,0.5919611163723705,0.21871007026371084,0.18932881336391877,0.48878769287300805,0.29837040147769517,0.21284190564929675,0.10317342349936243,-0.07966033121398433,-0.023513092285377984,AWAY,True,True,2.61,1.51,0.5478195036767013,0.18131464930776925,-0.1813146493077692
2025-02-15,La Liga,Osasuna,Real Madrid,1,1,5.82,4.33,1.57,pinnacle,0.1745332421391863,0.23651567673881263,0.5889510811220011,0.1652587386747893,0.22212606445433572,0.612615196870875,0.00927450346439701,0.01438961228447691,-0.023664115748873837,DRAW,True,False,1.62,2.31,0.4545723051630029,-0.1332139543789818,0.13321395437898192
2025-02-15,La Liga,Ath Madrid,Celta,1,1,1.43,4.79,7.81,pinnacle,0.745359336475499,0.16120724248775117,0.0934334210367497,0.6749290519756296,0.20149238921193113,0.1235785588124392,0.07043028449986943,-0.04028514672417996,-0.0301451377756895,DRAW,True,False,1.82,2.02,0.5932723621503133,0.06723069548364657,-0.06723069548364685
2025-02-15,La Liga,Villarreal,Valencia,1,1,1.53,4.48,6.12,pinnacle,0.5173002538323721,0.2475932432512091,0.2351065029164187,0.6283309957924264,0.214586255259467,0.1570827489481066,-0.11103074196005425,0.03300698799174209,0.07802375396831213,DRAW,True,False,1.7,2.18,0.4816089927685231,-0.0802466773345697,0.08024667733456964
2025-02-16,La Liga,Espanol,Ath Bilbao,1,1,5.45,3.58,1.75,pinnacle,0.30541976525360237,0.23128316668358925,0.46329706806280835,0.17741090517790647,0.270080847268042,0.5525082475540516,0.1280088600756959,-0.03879768058445274,-0.08921117949124324,DRAW,True,False,2.35,1.61,0.6058763924406495,0.19931073587499293,-0.19931073587499293
2025-02-16,La Liga,Valladolid,Sevilla,0,4,4.14,3.4,2.0,pinnacle,0.30257069597788355,0.26697729138930437,0.43045201263281196,0.2332281520098779,0.28398957332967484,0.48278227466044726,0.06934254396800565,-0.017012281940370466,-0.0523302620276353,AWAY,False,True,2.19,1.69,0.44850528678558427,0.01293827647630591,-0.012938276476305965
2025-02-16,La Liga,Mallorca,Las Palmas,3,1,1.74,3.63,5.42,pinnacle,0.32275508762784916,0.3904300396171543,0.2868148727549965,0.5554407480181583,0.26624432549630733,0.17831492648553424,-0.2326856603903092,0.12418571412084695,0.10849994626946227,HOME,True,True,2.43,1.57,0.15315260273051323,-0.23934739726948673,0.23934739726948673
2025-02-16,La Liga,Betis,Real Sociedad,3,0,2.56,3.16,3.08,pinnacle,0.34682826774050707,0.3082737976362735,0.34489793462321927,0.37860210369079483,0.30671562830646665,0.3146822680027386,-0.031773835950287765,0.0015581693298068466,0.030215666620480697,HOME,False,True,2.41,1.58,0.31792046476278923,-0.07806951017455416,0.07806951017455399
2025-02-17,La Liga,Barcelona,Rayo Vallecano,1,0,1.2,7.65,12.46,pinnacle,0.7528936474679917,0.16779189960242408,0.07931445292958433,0.7979757390059523,0.12517266494211016,0.07685159605193762,-0.04508209153796061,0.04261923466031392,0.0024628568776467186,HOME,False,False,1.31,3.43,0.5166496744188817,-0.20697901756424064,0.20697901756424086
2025-02-21,La Liga,Celta,Osasuna,1,0,1.7,3.86,5.39,pinnacle,0.41480919503243097,0.2844608776062238,0.30072992736134524,0.5695366051288789,0.250832183605983,0.1796312112651381,-0.15472741009644797,0.03362869400024082,0.12109871609620715,HOME,False,False,1.96,1.89,0.3852301158713246,-0.10567897503776624,0.10567897503776635
2025-02-22,La Liga,Alaves,Espanol,0,1,1.79,3.45,5.33,pinnacle,0.37769062258425523,0.26832373332553694,0.35398564409020783,0.539177884573094,0.2797473661987937,0.18107474922811226,-0.16148726198883878,-0.011423632873256762,0.17291089486209557,AWAY,False,False,2.62,1.5,0.4546454202288027,0.09056775032589004,-0.09056775032589015
2025-02-22,La Liga,Rayo Vallecano,Villarreal,0,1,3.09,3.37,2.42,pinnacle,0.35846420865446804,0.2553384386370597,0.38619735270847233,0.313109246923771,0.2870942353099265,0.3997965177663026,0.04535496173069703,-0.03175579667286682,-0.013599165057830265,AWAY,False,False,1.79,2.04,0.5099334481906805,-0.022703627527335124,0.022703627527335124
2025-02-22,La Liga,Valencia,Ath Madrid,0,3,4.54,3.43,1.91,pinnacle,0.24206709550361416,0.2615878399064427,0.49634506458994293,0.21273977184533804,0.2815855872238585,0.5056746409308035,0.029327323658276117,-0.019997747317415826,-0.009329576340860568,AWAY,False,True,2.22,1.68,0.4344050721694333,0.0036358414002025663,-0.0036358414002025663
2025-02-22,La Liga,Las Palmas,Barcelona,0,2,10.7,6.91,1.24,pinnacle,0.20236514018361135,0.34567505174834634,0.4519598080680425,0.08946534215136981,0.13853533444568117,0.7719993234029492,0.11289979803224154,0.20713971730266517,-0.3200395153349067,AWAY,False,False,1.3,3.5,0.20278296796643663,-0.5263836987002302,0.52638369870023
2025-02-23,La Liga,Ath Bilbao,Valladolid,7,1,1.17,7.52,17.55,pinnacle,0.7085808906136,0.18628824236469602,0.10513086702170402,0.8181620367012402,0.127293827518677,0.05454413578008268,-0.10958114608764025,0.05899441484601903,0.05058673124162134,HOME,True,True,1.63,2.3,0.5158265364270135,-0.06941519385288464,0.0694151938528848
2025-02-23,La Liga,Real Madrid,Girona,2,0,1.28,6.44,9.32,pinnacle,0.6961240673200182,0.16801179631059063,0.13586413636939126,0.7484487540152831,0.14876000079806867,0.10279124518664833,-0.05232468669526491,0.019251795512521958,0.03307289118274294,HOME,False,False,1.38,2.97,0.6846499786658657,0.0018913579762105392,-0.0018913579762105392
2025-02-23,La Liga,Getafe,Betis,1,2,2.66,3.11,2.98,pinnacle,0.35137786182332625,0.3154367080898439,0.3331854300868299,0.36391122699001066,0.3112552616699127,0.32483351134007665,-0.012533365166684407,0.004181446419931234,0.008351918746753229,AWAY,True,True,2.63,1.49,0.2979710284283308,-0.06367945700856242,0.06367945700856248
2025-02-24,La Liga,Sevilla,Mallorca,1,1,2.11,3.21,4.03,pinnacle,0.4560525450867421,0.2818682646897644,0.2620791902234934,0.4585275425606199,0.30139972423766603,0.24007273320171413,-0.0024749974738778047,-0.019531459547901642,0.02200645702177928,DRAW,True,False,2.57,1.51,0.37805076164429086,0.007952722428604564,-0.007952722428604675
2025-02-28,La Liga,Valladolid,Las Palmas,1,1,3.24,3.24,2.44,pinnacle,0.24615743595403367,0.3541833850065946,0.3996591790393718,0.30049261083743845,0.30049261083743845,0.3990147783251232,-0.05433517488340478,0.05369077416915613,0.0006444007142485941,DRAW,True,False,2.22,1.68,0.2021896666304618,-0.22857956413876893,0.228579564138769
2025-03-01,La Liga,Girona,Celta,2,2,2.19,3.56,3.38,pinnacle,0.6581539606366014,0.18573330085213416,0.15611273851126434,0.4418722504167983,0.2718259068575248,0.286301842725677,0.21628171021980308,-0.08609260600539062,-0.13018910421441265,DRAW,True,True,1.85,1.99,0.642109743110781,0.12388057644411421,-0.12388057644411438
2025-03-01,La Liga,Rayo Vallecano,Sevilla,1,1,2.32,3.25,3.4,pinnacle,0.42405503084222884,0.2637431656106248,0.31220180354714644,0.41732759271848324,0.2979076969559634,0.2847647103255532,0.006727438123745599,-0.034164531345338645,0.02743709322159321,DRAW,True,False,2.23,1.67,0.464598219260908,0.03639309105577976,-0.036393091055779814
2025-03-01,La Liga,Betis,Real Madrid,2,1,4.58,4.12,1.74,pinnacle,0.2403907099116464,0.26960289544376964,0.4900063946445839,0.21079993883720113,0.234335854338442,0.5548642068243569,0.02959077107444527,0.035267041105327634,-0.06485781217977299,HOME,True,True,1.52,2.52,0.4051925978631037,-0.21856977837452018,0.21856977837451996
2025-03-01,La Liga,Ath Madrid,Ath Bilbao,1,0,2.04,3.48,3.88,pinnacle,0.5919940786361353,0.22243084876845795,0.18557507259540656,0.4734893115637098,0.2775626998821747,0.24894798855411548,0.11850476707242547,-0.05513185111371674,-0.06337291595870892,HOME,False,False,2.17,1.7,0.5261701785281404,0.08689369274002667,-0.0868936927400269
2025-03-02,La Liga,Barcelona,Real Sociedad,4,0,1.27,5.89,11.4,pinnacle,0.5685495194572907,0.2571458252000812,0.17430465534262815,0.7535663262042347,0.16248374096424079,0.0839499328315244,-0.18501680674694398,0.09466208423584044,0.09035472251110375,HOME,False,True,1.56,2.42,0.38458713094400776,-0.22345307006101733,0.22345307006101744
2025-03-02,La Liga,Mallorca,Alaves,1,1,2.31,3.11,3.59,pinnacle,0.48288320712321126,0.3181181149263294,0.19899867795045942,0.4190729640153292,0.3112728446544728,0.2696541913301979,0.06381024310788208,0.006845270271856607,-0.0706555133797385,DRAW,True,False,2.87,1.41,0.25115505601142835,-0.07828419632502026,0.07828419632502026
2025-03-02,La Liga,Osasuna,Valencia,3,3,2.35,3.19,3.39,pinnacle,0.39609165149127623,0.30197860991843534,0.30192973859028854,0.41154084735377955,0.3031727245396182,0.2852864281066023,-0.015449195862503318,-0.0011941146211828513,0.016643310483686224,DRAW,True,True,2.37,1.6,0.331264101672274,-0.07175856835291489,0.07175856835291494
2025-03-08,La Liga,Alaves,Villarreal,1,0,3.14,3.38,2.39,pinnacle,0.2660482033764463,0.27553106672190564,0.45842072990164806,0.3083753244770194,0.286478851733089,0.40514582378989156,-0.04232712110057307,-0.010947785011183375,0.053274906111756504,HOME,False,False,2.05,1.79,0.40095094160448114,-0.06519489172885223,0.06519489172885196
2025-03-08,La Liga,Valencia,Valladolid,2,1,1.41,4.55,9.33,pinnacle,0.590215679291676,0.24784128373894385,0.16194303696938034,0.6844554297405934,0.21210596833719486,0.10343860192221187,-0.09423975044891741,0.035735315401748985,0.05850443504716847,HOME,True,True,2.12,1.73,0.3987037934363031,-0.0506468559143462,0.05064685591434648
2025-03-09,La Liga,Getafe,Ath Madrid,2,1,4.65,3.16,1.99,pinnacle,0.22873222011547029,0.2617556526674282,0.5095121272171016,0.20797793351611826,0.3060434781170728,0.485978588366809,0.020754286599352023,-0.0442878254496446,0.02353353885029258,HOME,True,True,2.72,1.45,0.4232296565094625,0.07550783396749611,-0.07550783396749594
2025-03-09,La Liga,Real Madrid,Rayo Vallecano,2,1,1.28,6.23,10.43,pinnacle,0.7750508106738463,0.14857746228937643,0.07637172703677733,0.7529097825469823,0.1546909344558808,0.09239928299713686,0.022141028126864026,-0.0061134721665043745,-0.016027555960359527,HOME,True,True,1.54,2.47,0.5929914357523908,-0.022968663998232608,0.022968663998232663
2025-03-09,La Liga,Ath Bilbao,Mallorca,1,1,1.63,3.8,6.19,pinnacle,0.5561665878626039,0.2622644983375583,0.1815689137998377,0.5909203958227088,0.25347374873447776,0.1556058554428135,-0.034753807960104965,0.008790749603080572,0.0259630583570242,DRAW,True,False,2.18,1.69,0.376879055977742,-0.059813450482206265,0.0598134504822061
2025-03-09,La Liga,Betis,Las Palmas,1,0,1.47,4.66,7.11,pinnacle,0.39854947146954595,0.3683278823832565,0.2331226461471977,0.6569431639056599,0.20723314397882406,0.13582369211551618,-0.25839369243611393,0.16109473840443242,0.09729895403168151,HOME,False,False,1.73,2.13,0.1771156117868616,-0.374697859715729,0.37469785971572916
2025-03-09,La Liga,Real Sociedad,Sevilla,0,1,2.26,3.13,3.68,pinnacle,0.6087771090255912,0.22688712746851683,0.16433576350589185,0.42805009476383366,0.3090713144301163,0.26287859080604997,0.18072701426175758,-0.08218418696159949,-0.09854282730015812,AWAY,False,False,2.4,1.58,0.4756568448977327,0.07867192027461706,-0.07867192027461711
2025-03-10,La Liga,Espanol,Girona,1,1,3.13,3.28,2.45,pinnacle,0.30985750539776047,0.20369508086240096,0.4864474137398384,0.30942323908682406,0.2952727860798047,0.39530397483337115,0.0004342663109364042,-0.09157770521740377,0.09114343890646726,DRAW,True,False,2.21,1.67,0.7482324380221747,0.317820066888154,-0.31782006688815423
2025-03-14,La Liga,Las Palmas,Alaves,2,2,2.92,3.04,2.77,pinnacle,0.48212616135774244,0.3575537951990292,0.16032004344322853,0.3317103915544,0.3186165603088316,0.3496730481367683,0.15041576980334243,0.03893723489019757,-0.18935300469353977,DRAW,True,True,2.45,1.54,0.16830328139923414,-0.2176616308814676,0.21766163088146773
2025-03-15,La Liga,Valladolid,Celta,0,1,5.3,3.94,1.68,pinnacle,0.3402282564833448,0.2811942694910609,0.37857747402559405,0.18182017953479176,0.2445804445518772,0.5735993759133311,0.15840807694855305,0.03661382493918372,-0.19502190188773705,AWAY,False,False,1.93,1.89,0.40453187980059774,-0.09023251810516136,0.09023251810516142
2025-03-15,La Liga,Mallorca,Espanol,2,1,1.83,3.4,5.1,pinnacle,0.48539528592079006,0.25166044812232335,0.2629442659568867,0.5271317829457364,0.2837209302325582,0.18914728682170545,-0.041736497024946306,-0.03206048211023482,0.07379697913518124,HOME,True,True,2.54,1.53,0.48779868745221144,0.11187731153083558,-0.11187731153083558
2025-03-15,La Liga,Villarreal,Real Madrid,1,2,3.08,3.96,2.19,pinnacle,0.24163541911080189,0.2277087990878541,0.530655781801344,0.3140535372848948,0.24426386233269598,0.4416826003824092,-0.07241811817409294,-0.016555063244841878,0.08897318141893479,AWAY,True,True,1.47,2.66,0.5730865699189277,-0.07098122669124185,0.0709812266912418
2025-03-15,La Liga,Girona,Valencia,1,1,1.98,3.62,3.95,pinnacle,0.5780759227657201,0.22032942435604008,0.20159465287823977,0.48822709952334775,0.2670413417282399,0.24473155874841224,0.08984882324237231,-0.04671191737219982,-0.043136905870172465,DRAW,True,False,2.05,1.78,0.5583546511080535,0.09360269288351036,-0.09360269288351047
2025-03-16,La Liga,Sevilla,Ath Bilbao,0,1,3.0,3.17,2.6,pinnacle,0.3445256979304184,0.2605371378760231,0.39493716419355857,0.3225579211020664,0.3052598622417032,0.3721822166562304,0.021967776828351993,-0.04472272436568009,0.022754947537328152,AWAY,False,False,2.35,1.6,0.4857156841799347,0.08065239304069416,-0.08065239304069427
2025-03-16,La Liga,Osasuna,Getafe,1,2,2.34,3.01,3.65,pinnacle,0.4082624934211224,0.30481309329291906,0.2869244132859585,0.4134786552205609,0.32144187814488784,0.26507946663455134,-0.005216161799438457,-0.01662878485196878,0.021844946651407182,AWAY,True,True,3.02,1.38,0.3196053058476294,0.00596894221126576,-0.005968942211265982
2025-03-16,La Liga,Rayo Vallecano,Real Sociedad,2,2,2.51,3.15,3.16,pinnacle,0.26848272951637175,0.28198293679062847,0.449534333693,0.385932126503852,0.30752051984910106,0.30654735364704694,-0.11744939698748025,-0.02553758305847259,0.14298698004595306,DRAW,True,True,2.67,1.47,0.3808430191018924,0.025770555333776368,-0.025770555333776146
2025-03-16,La Liga,Ath Madrid,Barcelona,2,4,3.06,3.69,2.3,pinnacle,0.3821823182496224,0.27395987382207587,0.34385780792830173,0.3164854342864814,0.2624513357497651,0.42106322996375356,0.065696883963141,0.011508538072310781,-0.07720542203545183,AWAY,True,True,1.57,2.4,0.4316647552830867,-0.17286924975469675,0.17286924975469675
2025-03-27,La Liga,Barcelona,Osasuna,3,0,1.28,6.53,9.25,pinnacle,0.7300393689847822,0.18452354815725397,0.08543708285796373,0.7494023019594074,0.14689662274242593,0.10370107529816665,-0.019362932974625213,0.03762692541482804,-0.018263992440202922,HOME,False,True,1.33,3.25,0.46909488396046534,-0.24051210293909792,0.24051210293909792
2025-03-29,La Liga,Real Sociedad,Valladolid,2,1,1.35,4.91,10.39,pinnacle,0.7267076162354406,0.18410557179967693,0.08918681196488233,0.7118037000191154,0.19570977495433928,0.09248652502654531,0.014903916216325142,-0.011604203154662346,-0.003299713061662976,HOME,True,True,2.05,1.78,0.48114665714738375,0.016394698922840623,-0.016394698922840845
2025-03-29,La Liga,Espanol,Ath Madrid,1,1,6.28,3.87,1.61,pinnacle,0.19124342857304086,0.1934867641357002,0.6152698072912589,0.15329523115947558,0.24875815288927816,0.5979466159512463,0.03794819741356528,-0.055271388753577955,0.01732319134001259,DRAW,True,False,2.19,1.68,0.6705175588047138,0.23640903167293081,-0.23640903167293076
2025-03-29,La Liga,Alaves,Rayo Vallecano,0,2,2.18,3.02,4.09,pinnacle,0.33944278705619657,0.31396190094724646,0.346595311996557,0.4434861910985365,0.3201324160909966,0.2363813928104669,-0.10404340404233992,-0.0061705151437501105,0.11021391918609011,AWAY,False,False,2.73,1.45,0.30208373707576286,-0.04480621507734717,0.04480621507734728
2025-03-30,La Liga,Getafe,Villarreal,1,2,3.4,3.18,2.36,pinnacle,0.376463526061868,0.2700608431087606,0.35347563082937145,0.2849116199963555,0.30462248678855613,0.4104658932150884,0.0915519060655125,-0.03456164367979553,-0.05699026238571697,AWAY,True,True,2.36,1.59,0.4476735130611398,0.045141867491519494,-0.045141867491519494
2025-03-30,La Liga,Barcelona,Girona,4,1,1.23,7.13,11.38,pinnacle,0.6786574781249177,0.18394860966913407,0.13739391220594824,0.7808870842784922,0.13471123613780442,0.08440167958370345,-0.10222960615357446,0.04923737353132965,0.052992232622244784,HOME,True,True,1.31,3.34,0.6082723294092238,-0.11000724048324939,0.11000724048324928
2025-03-30,La Liga,Ath Bilbao,Osasuna,0,0,1.46,4.46,7.69,pinnacle,0.5732933885463495,0.2456941108147969,0.18101250063885352,0.6591040118071197,0.2157605061072634,0.125135482085617,-0.08581062326077027,0.02993360470753348,0.05587701855323651,DRAW,False,False,1.95,1.86,0.4302370116826455,-0.057951964695307334,0.05795196469530728
2025-03-30,La Liga,Valencia,Mallorca,1,0,2.18,3.22,3.77,pinnacle,0.443216116820283,0.3097330934173478,0.24705078976236916,0.44340628835252177,0.30019431944363273,0.2563993922038455,-0.00019017153223876981,0.009538773973715053,-0.009348602441476339,HOME,False,False,2.58,1.5,0.29299211566569455,-0.07465494315783489,0.07465494315783483
2025-03-30,La Liga,Betis,Sevilla,2,1,1.88,3.53,4.5,pinnacle,0.5142751888567789,0.2612973145696485,0.22442749657357253,0.5127269910333296,0.2730670660460793,0.21420594292059106,0.0015481978234492821,-0.011769751476430779,0.010221553652981469,HOME,True,True,2.03,1.81,0.4212010575399535,-0.050153109126713113,0.05015310912671289
2025-03-31,La Liga,Celta,Las Palmas,1,1,1.58,4.21,5.94,pinnacle,0.32562696806009545,0.35187637666996596,0.32249665526993865,0.609276783190886,0.22865969535429928,0.16206352145481479,-0.2836498151307905,0.12321668131566668,0.16043313381512386,DRAW,True,False,1.78,2.04,0.21553432600301922,-0.3184970876095462,0.31849708760954626
2025-04-04,La Liga,Rayo Vallecano,Espanol,0,4,1.69,3.64,6.13,pinnacle,0.4956521236831453,0.23090353564290383,0.27344434067395085,0.5747195714046544,0.26683408672358944,0.15844634187175624,-0.07906744772150903,-0.0359305510806856,0.1149979988021946,AWAY,False,True,2.45,1.55,0.5867355146948969,0.19923551469489692,-0.19923551469489698
2025-04-05,La Liga,Girona,Alaves,0,1,2.1,3.39,3.83,pinnacle,0.692683195748866,0.18875327094835265,0.11856353330278122,0.4613031475500698,0.2857630117566804,0.25293384069324976,0.23138004819879626,-0.09700974080832775,-0.13437030739046854,AWAY,False,False,2.13,1.71,0.5399653862893397,0.0946528862893396,-0.09465288628933965
2025-04-05,La Liga,Real Madrid,Valencia,1,2,1.3,5.83,10.25,pinnacle,0.7224522996945649,0.1803484120697621,0.09719928823567286,0.7408429052274009,0.16519653118278238,0.09396056358981672,-0.018390605532836002,0.015151880886979718,0.0032387246458561447,AWAY,True,True,1.51,2.52,0.5188101992153188,-0.1064999744819517,0.10649997448195148
2025-04-05,La Liga,Mallorca,Celta,1,2,2.73,3.07,2.94,pinnacle,0.44981446880731907,0.29320459297560536,0.2569809382170755,0.354883989761374,0.31558087688877884,0.3295351333498473,0.0949304790459451,-0.022376283913173478,-0.07255419513277178,AWAY,True,True,2.34,1.59,0.3412255457892564,-0.06335460688249933,0.06335460688249961
2025-04-05,La Liga,Barcelona,Betis,1,1,1.37,5.76,7.51,pinnacle,0.6405281590584984,0.23227175352308668,0.12720008741841493,0.7040911495422177,0.16746612410986775,0.12844272634791457,-0.06356299048371938,0.06480562941321893,-0.0012426389294996343,DRAW,True,False,1.35,3.08,0.396415369485771,-0.2988442241936872,0.2988442241936873
2025-04-06,La Liga,Las Palmas,Real Sociedad,1,3,3.18,3.25,2.44,pinnacle,0.2936473117108777,0.36863779259521934,0.33771489569390295,0.30471637936997104,0.2981532573527717,0.39713036327725737,-0.011069067659093323,0.07048453524244763,-0.05941546758335442,AWAY,True,True,2.39,1.57,0.1852354603080825,-0.21122918615656402,0.21122918615656394
2025-04-06,La Liga,Sevilla,Ath Madrid,1,2,3.46,3.39,2.23,pinnacle,0.23335748102807746,0.23307508452729936,0.5335674344446232,0.2799380853104437,0.2857185177504823,0.434343396939074,-0.04658060428236621,-0.052643433223182934,0.0992240375055492,AWAY,True,True,2.24,1.65,0.5404633613832854,0.11629883696169169,-0.11629883696169152
2025-04-06,La Liga,Valladolid,Getafe,0,4,4.77,3.21,1.94,pinnacle,0.2971515105416285,0.29902829966613864,0.403820189792233,0.20223493077949786,0.3005173270461697,0.49724774217433243,0.09491657976213067,-0.0014890273800310383,-0.09342755238209943,AWAY,False,True,2.76,1.43,0.3387047024718625,-0.002584080344366635,0.002584080344366635
2025-04-06,La Liga,Villarreal,Ath Bilbao,0,0,2.23,3.51,3.33,pinnacle,0.42326046785869176,0.24830405520383425,0.3284354769374741,0.43383998663771506,0.2756305328211124,0.29052948054117256,-0.0105795187790233,-0.027326477617278133,0.037905996396301544,DRAW,False,False,1.87,1.95,0.53559680539502,0.025125601206538284,-0.025125601206538395
2025-04-11,La Liga,Valencia,Sevilla,1,0,2.37,3.2,3.41,pinnacle,0.45817262763902167,0.2695983837390617,0.27222898862191675,0.41056976337305334,0.30407823099816766,0.285352005628779,0.047602864265968325,-0.03447984725910597,-0.013123017006862248,HOME,False,False,2.31,1.63,0.42493827846631593,0.011232694709970736,-0.011232694709970681
2025-04-12,La Liga,Real Sociedad,Mallorca,0,2,1.75,3.45,5.69,pinnacle,0.5790365891150736,0.2653992041237034,0.15556420676122307,0.5510238452793644,0.27950484905475015,0.16947130566588536,0.028012743835709175,-0.014105644931046768,-0.013907098904662296,AWAY,False,False,2.55,1.51,0.3394530006931094,-0.032468181572900434,0.032468181572900545
2025-04-12,La Liga,Getafe,Las Palmas,1,3,1.79,3.51,5.18,pinnacle,0.3415283947529302,0.37669484383478746,0.28177676141228264,0.5389291843648941,0.2748385299182794,0.18623228571682637,-0.19740078961196394,0.10185631391650807,0.09554447569545627,AWAY,True,True,2.45,1.55,0.17203755171124285,-0.21546244828875716,0.21546244828875727
2025-04-12,La Liga,Celta,Espanol,0,2,1.64,3.88,5.89,pinnacle,0.480684880187496,0.23070261764812586,0.28861250216437817,0.587848544088898,0.24847206502726618,0.1636793908838358,-0.10716366390140197,-0.017769447379140324,0.12493311128054238,AWAY,False,False,2.01,1.82,0.5985626485583376,0.12336682610402949,-0.12336682610402944
2025-04-13,La Liga,Osasuna,Girona,2,1,2.52,3.18,3.11,pinnacle,0.32816862834306737,0.2485692813355703,0.4232620903213624,0.38421015827136895,0.3044684273093867,0.3113214144192443,-0.05604152992830158,-0.05589914597381643,0.11194067590211809,HOME,True,True,2.1,1.74,0.5343157728591202,0.0811907728591203,-0.08119077285912008
2025-04-13,La Liga,Alaves,Real Madrid,0,1,5.38,4.23,1.63,pinnacle,0.12035624647860632,0.22043211168929314,0.6592116418321005,0.1794532777050469,0.2282408118328965,0.5923059104620566,-0.05909703122644058,-0.007808700143603353,0.06690573137004385,AWAY,False,False,1.71,2.14,0.4225649736757407,-0.1332791821684151,0.13327918216841522
2025-04-13,La Liga,Betis,Villarreal,1,2,2.36,3.61,3.01,pinnacle,0.453276570030544,0.2636037457585336,0.2831196842109226,0.41020714024153154,0.26816865677839735,0.3216242029800712,0.04306942978901246,-0.004564911019863727,-0.03850451876914862,AWAY,True,True,1.72,2.12,0.4528749553643215,-0.09920837796901188,0.09920837796901194
2025-04-13,La Liga,Ath Bilbao,Rayo Vallecano,3,1,1.8,3.45,5.23,pinnacle,0.5950649891631719,0.23104933973398364,0.17388567110284436,0.5359322789039875,0.27961684116729785,0.18445087992871462,0.05913271025918432,-0.0485675014333142,-0.010565208825870254,HOME,True,True,2.32,1.61,0.474164085842218,0.06449487464628917,-0.06449487464628922
2025-04-14,La Liga,Ath Madrid,Valladolid,4,2,1.13,9.34,19.58,pinnacle,0.8228116393152359,0.122180638846,0.055007721838764144,0.8483944834957654,0.10264301566918789,0.048962500835046725,-0.025582844180529474,0.01953762317681211,0.006045221003717419,HOME,True,True,1.46,2.65,0.6321198592663881,-0.012648997181300414,0.01264899718130047
2025-04-18,La Liga,Espanol,Getafe,1,0,2.88,2.75,3.11,pinnacle,0.4203349294743115,0.2528367733010707,0.3268282972246178,0.33632463339533525,0.35222361606493297,0.3114517505397317,0.08401029607897625,-0.09938684276386228,0.015376546684886139,HOME,False,False,2.94,1.39,0.5149147169469772,0.19389855066522205,-0.193898550665222
2025-04-19,La Liga,Rayo Vallecano,Valencia,1,1,2.31,3.17,3.5,pinnacle,0.3948680356409236,0.29125235651823755,0.31387960784083885,0.41863659174348267,0.3050632577058186,0.27630015055069856,-0.02376855610255907,-0.013810901187581048,0.03757945729014028,DRAW,True,False,2.37,1.58,0.36634779963741115,-0.03365220036258881,0.03365220036258876
2025-04-19,La Liga,Barcelona,Celta,4,3,1.29,6.53,8.64,pinnacle,0.7705283099167655,0.15673934766654676,0.07273234241668779,0.7424702422077025,0.1466748257960086,0.11085493199628892,0.02805806770906294,0.010064521870538162,-0.03812258957960113,HOME,True,True,1.33,3.21,0.5412650768695124,-0.16578338128026726,0.1657833812802672
2025-04-19,La Liga,Las Palmas,Ath Madrid,1,0,6.0,4.29,1.57,pinnacle,0.25122589948071605,0.3282796839380103,0.4204944165812736,0.16076505001754376,0.2248462238007605,0.6143887261816959,0.09046084946317229,0.10343346013724983,-0.1938943096004223,HOME,False,False,1.8,2.02,0.25236860080921103,-0.27642721070911364,0.2764272107091135
2025-04-20,La Liga,Valladolid,Osasuna,2,3,4.91,3.4,1.85,pinnacle,0.31252490119335624,0.29456959190825477,0.392905506898389,0.19614874873314106,0.2832618694940361,0.520589381772823,0.11637615246021518,0.01130772241421868,-0.127683874874434,AWAY,True,True,2.05,1.77,0.3556168883410727,-0.10773389699924146,0.10773389699924152
2025-04-20,La Liga,Villarreal,Real Sociedad,2,2,1.69,3.99,5.1,pinnacle,0.3680689704984823,0.264201406686407,0.36772962281511096,0.569822828196275,0.2413535287347631,0.18882364306896177,-0.20175385769779275,0.02284787795164392,0.1789059797461492,DRAW,True,True,1.93,1.88,0.4720681271682374,-0.02137019304173643,0.021370193041736818
2025-04-20,La Liga,Sevilla,Alaves,1,1,2.08,3.02,4.51,pinnacle,0.5481609859434801,0.2628604813040914,0.18897853275242854,0.4651294625477246,0.3203540669202872,0.2145164705319883,0.08303152339575548,-0.057493585616195775,-0.02553793777955976,DRAW,True,False,2.67,1.46,0.38273988892030636,0.02922899303652915,-0.029228993036528927
2025-04-20,La Liga,Real Madrid,Ath Bilbao,1,0,1.68,3.98,5.32,pinnacle,0.6506396667193605,0.20359275774877356,0.14576757553186603,0.5754070917668545,0.24288540556992846,0.18170750266321717,0.07523257495250602,-0.03929264782115491,-0.035939927131351135,HOME,False,False,1.71,2.13,0.5371550842801871,-0.0175324157198129,0.017532415719812955
2025-04-21,La Liga,Girona,Betis,1,3,2.84,3.55,2.51,pinnacle,0.5085803356644928,0.24067737019936364,0.2507422941361436,0.34112530578961675,0.2729002446316934,0.38597444957868987,0.16745502987487604,-0.03222287443232974,-0.1352321554425463,AWAY,True,True,1.99,1.82,0.524073730253842,0.046383441539931125,-0.04638344153993129
2025-04-22,La Liga,Valencia,Espanol,1,1,2.01,3.37,4.28,pinnacle,0.5329337568906971,0.2317647819513999,0.23530146115790312,0.48401179861812554,0.2886835950214932,0.22730460636038136,0.048921958272571564,-0.056918813070093305,0.007996854797521769,DRAW,True,False,2.18,1.69,0.5482569954781322,0.11156448901818394,-0.11156448901818389
2025-04-22,La Liga,Barcelona,Mallorca,1,0,1.23,6.79,12.62,pinnacle,0.7087405191417893,0.20273963047269572,0.08851985038551512,0.78209742059671,0.14167596867952184,0.0762266107237681,-0.07335690145492069,0.06106366179317388,0.012293239661747016,HOME,False,False,1.48,2.63,0.4136818915862131,-0.22622078481281366,0.22622078481281366
2025-04-23,La Liga,Ath Bilbao,Las Palmas,1,0,1.37,5.07,9.0,pinnacle,0.4551771103256776,0.32964124746826573,0.21518164220605662,0.7030177533937593,0.18996732192296847,0.10701492468327224,-0.24784064306808168,0.13967392554529726,0.10816671752278438,HOME,False,False,1.75,2.09,0.2362822991312798,-0.30798853420205347,0.30798853420205347
2025-04-23,La Liga,Celta,Villarreal,3,0,2.57,3.41,2.86,pinnacle,0.3442398761052965,0.25155853431172326,0.4042015895829799,0.3770359345098873,0.2841590474165426,0.33880501807357005,-0.03279605840459082,-0.03260051310481932,0.06539657150940986,HOME,False,True,1.68,2.18,0.5248488026261087,-0.03991803675212968,0.03991803675212974
2025-04-23,La Liga,Alaves,Real Sociedad,1,0,2.41,3.13,3.34,pinnacle,0.1985795643133192,0.2968580927077398,0.5045623429789411,0.40136062256928845,0.30903485635526684,0.2896045210754447,-0.20278105825596926,-0.012176763647527067,0.21495782190349638,HOME,False,False,2.62,1.48,0.29773104299891023,-0.06324456675718731,0.06324456675718748
2025-04-23,La Liga,Getafe,Real Madrid,0,1,4.81,3.7,1.79,pinnacle,0.18551202390779525,0.24782539858327687,0.566662577508928,0.20051529069116167,0.2606698778985101,0.5388148314103282,-0.015003266783366415,-0.01284447931523322,0.027847746098599857,AWAY,False,False,2.0,1.82,0.42830587487697613,-0.048133915698940155,0.04813391569894032
2025-04-24,La Liga,Osasuna,Sevilla,1,0,2.5,3.03,3.3,pinnacle,0.42626133587820647,0.2729709287680566,0.30076773535373713,0.3871979553903346,0.3194702602230483,0.2933317843866171,0.03906338048787189,-0.04649933145499169,0.00743595096712002,HOME,False,False,2.31,1.61,0.42536812310677125,0.014653837392485491,-0.01465383739248538
2025-04-24,La Liga,Ath Madrid,Rayo Vallecano,3,0,1.55,4.16,6.51,pinnacle,0.7266038878247905,0.17173384544952883,0.10166226672568071,0.6208513964892333,0.2313268424419018,0.14782176106886508,0.1057524913355572,-0.05959299699237297,-0.046159494343184365,HOME,False,True,2.02,1.81,0.5697414011312476,0.09715654473438073,-0.0971565447343809
2025-04-24,La Liga,Betis,Valladolid,5,1,1.2,7.3,15.02,pinnacle,0.6404344981493917,0.2298297547887635,0.12973574706184485,0.8036795426225903,0.1321117056365902,0.06420875174081947,-0.16324504447319865,0.0977180491521733,0.06552699532102538,HOME,True,True,1.46,2.64,0.40845421745688837,-0.2354482215675019,0.2354482215675019
2025-04-27,La Liga,Villarreal,Espanol,1,0,1.45,5.3,6.19,pinnacle,0.638818040048833,0.18047849850692793,0.18070346144423927,0.6632031131551019,0.18144236114620713,0.15535452569869107,-0.024385073106268917,-0.0009638626392791949,0.025348935745548196,HOME,False,False,1.72,2.11,0.7183755009757208,0.16746166285561637,-0.16746166285561603
2025-05-02,La Liga,Rayo Vallecano,Getafe,1,0,2.45,3.03,3.45,pinnacle,0.40769716163967507,0.29409277194579864,0.29821006641452635,0.397026149376175,0.32102774454509203,0.281946106078733,0.01067101226350009,-0.026934972599293394,0.01626396033579336,HOME,False,False,2.66,1.47,0.3537576148391782,-0.002174588550652279,0.0021745885506522233
2025-05-03,La Liga,Alaves,Ath Madrid,0,0,3.92,3.16,2.16,pinnacle,0.15182564253140657,0.2408215493234383,0.6073528081451554,0.24658959537572256,0.30589595375722545,0.447514450867052,-0.09476395284431599,-0.06507440443378715,0.15983835727810336,DRAW,False,False,2.52,1.52,0.40742502625262106,0.03118740249024482,-0.031187402490244653
2025-05-03,La Liga,Villarreal,Osasuna,4,2,1.56,4.52,5.74,pinnacle,0.5532984612787034,0.23731938181088094,0.20938215691041587,0.6184637095236278,0.21345207673824326,0.16808421373812882,-0.06516524824492442,0.02386730507263768,0.04129794317228705,HOME,True,True,1.63,2.27,0.49605706258615917,-0.08599421946512292,0.08599421946512303
2025-05-03,La Liga,Las Palmas,Valencia,2,3,2.65,3.42,2.76,pinnacle,0.3996347091612617,0.3628993257039359,0.23746596513480248,0.36563088293397167,0.28331047946638155,0.3510586375996468,0.034003826227290035,0.07958884623755436,-0.11359267246484431,AWAY,True,True,2.02,1.8,0.18620274096052641,-0.285001447521149,0.2850014475211491
2025-05-03,La Liga,Valladolid,Barcelona,1,2,13.19,8.75,1.17,pinnacle,0.10136807103035499,0.1961019008690061,0.7025300281006388,0.07256402823033081,0.1093850894123501,0.8180508823573192,0.028804042800024174,0.08671681145665601,-0.11552085425668035,AWAY,True,True,1.23,4.02,0.46757516624873746,-0.2981391194655482,0.29813911946554816
2025-05-04,La Liga,Real Madrid,Celta,3,2,1.37,5.85,7.34,pinnacle,0.7924557823973843,0.13803027099439613,0.06951394660821955,0.7038107304951867,0.1648240514151121,0.13136521808970109,0.08864505190219762,-0.02679378042071598,-0.061851271481481535,HOME,True,True,1.34,3.16,0.6176065710016414,-0.0846156512205809,0.0846156512205809
2025-05-04,La Liga,Espanol,Betis,1,2,3.53,2.96,2.42,pinnacle,0.341232173103221,0.25420217844176374,0.4045656484550153,0.2738791646593716,0.3266194092052641,0.3995014261353644,0.0673530084438494,-0.07241723076350037,0.005064222319650924,AWAY,True,True,2.24,1.65,0.5124885190063967,0.08832399458480295,-0.08832399458480272
2025-05-04,La Liga,Real Sociedad,Ath Bilbao,0,0,2.51,3.27,3.04,pinnacle,0.4862724483683841,0.26941721479016195,0.24431033684145392,0.38561769509172233,0.29599401060557273,0.31838829430270493,0.10065475327666179,-0.02657679581541078,-0.07407795746125101,DRAW,False,False,2.55,1.51,0.40854682784242746,0.03662564557641762,-0.036625645576417676
2025-05-05,La Liga,Girona,Mallorca,1,0,2.04,3.19,4.31,pinnacle,0.5987302102095646,0.2222964065583231,0.1789733832321122,0.4733019150466971,0.3026758328198314,0.22402225213347152,0.12542829516286752,-0.08037942626150829,-0.04504886890135931,HOME,False,False,2.41,1.56,0.5167666192891779,0.12381951601461866,-0.1238195160146186
2025-05-09,La Liga,Las Palmas,Rayo Vallecano,0,1,2.49,3.34,3.07,pinnacle,0.4460573510712045,0.3383817127554465,0.2155609361733489,0.3911469519010325,0.291603565938195,0.31724948216077237,0.054910399170171986,0.04677814681725151,-0.10168854598742347,AWAY,False,False,2.05,1.78,0.22026734679002122,-0.2444846114345219,0.24448461143452171
2025-05-10,La Liga,Valencia,Getafe,3,0,2.08,3.13,4.28,pinnacle,0.43704394628783516,0.30168979523988204,0.26126625847228274,0.4650042347583411,0.30901239881704456,0.22598336642461436,-0.027960288470505912,-0.007322603577162523,0.03528289204766838,HOME,False,True,2.59,1.49,0.3194656624694668,-0.045730415961905746,0.045730415961905746
2025-05-10,La Liga,Celta,Sevilla,3,2,1.85,3.73,4.4,pinnacle,0.41051084357214346,0.2617480099326799,0.3277411464951766,0.521802718384866,0.2588029568396789,0.21939432477545504,-0.11129187481272257,0.002945053093000971,0.10834682171972157,HOME,True,True,2.01,1.81,0.47725314159709975,0.003431152068303911,-0.003431152068303911
2025-05-10,La Liga,Girona,Villarreal,0,1,3.19,3.77,2.2,pinnacle,0.5466557825259233,0.20423745129638476,0.24910676617769204,0.3033838973162194,0.25670945157526254,0.43990665110851807,0.2432718852097039,-0.05247200027887777,-0.19079988493082603,AWAY,False,False,1.59,2.35,0.6954032528483547,0.09895655234074052,-0.09895655234074041
2025-05-10,La Liga,Mallorca,Valladolid,2,1,1.35,5.21,9.62,pinnacle,0.542661387470649,0.2750807431624367,0.18225786936691432,0.714566578320433,0.1851564070504001,0.1002770146291668,-0.17190519084978406,0.0899243361120366,0.08198085473774752,HOME,True,True,1.96,1.85,0.3405707464920769,-0.1449935579698654,0.14499355796986535
2025-05-10,La Liga,Ath Madrid,Real Sociedad,4,0,1.69,3.85,5.35,pinnacle,0.5281063359184485,0.25199574032435546,0.21989792375719597,0.5698496355009613,0.25014178805107135,0.18000857644796725,-0.04174329958251288,0.0018539522732841096,0.03988934730922872,HOME,False,True,2.04,1.79,0.45045987440279195,-0.01690304987919239,0.016903049879192333
2025-05-11,La Liga,Barcelona,Real Madrid,4,3,1.96,4.19,3.5,pinnacle,0.45314569760764684,0.27007851813946576,0.27677578425288735,0.49315004001694845,0.2306859375735606,0.2761640224094911,-0.04000434240930162,0.039392580565905166,0.0006117618433962302,HOME,True,True,1.32,3.28,0.42556898646363256,-0.287474491797237,0.28747449179723705
2025-05-11,La Liga,Ath Bilbao,Alaves,1,0,1.89,3.29,4.9,pinnacle,0.6431912764930067,0.23106826573088432,0.125740457776109,0.5101566134284385,0.2930686928205923,0.1967746937509691,0.13303466306456813,-0.06200042708970796,-0.07103423597486008,HOME,False,False,2.57,1.5,0.39773236115939814,0.029181992609029594,-0.02918199260902954
2025-05-11,La Liga,Betis,Osasuna,1,1,1.66,4.01,5.44,pinnacle,0.5083541160798183,0.2837413252667052,0.20790455865347665,0.5816956166969767,0.24080167673740183,0.17750270656562153,-0.07334150061715838,0.042939648529303376,0.03040185208785512,DRAW,True,False,1.83,2.0,0.33820213362980106,-0.18399107785844954,0.18399107785844965
2025-05-13,La Liga,Valladolid,Girona,0,1,4.7,3.94,1.76,pinnacle,0.20804748013128802,0.2163415525213331,0.5756109673473788,0.20561967003119405,0.2452823474991401,0.549097982469666,0.0024278101000939634,-0.028940794977806994,0.02651298487771281,AWAY,False,False,1.81,2.02,0.5854165340659314,0.058001390462798175,-0.05800139046279823
2025-05-13,La Liga,Real Sociedad,Celta,0,1,2.39,3.36,3.16,pinnacle,0.6398454746973627,0.2212955365541757,0.1388589887484617,0.4052457214393673,0.2882551411428833,0.3064991374177493,0.23459975325799542,-0.06695960458870762,-0.16764014866928761,AWAY,False,False,2.03,1.81,0.4536860463807912,-0.017668120285875444,0.01766812028587561
2025-05-13,La Liga,Sevilla,Las Palmas,1,0,1.68,3.8,5.55,pinnacle,0.36913956573807066,0.3363173133103714,0.2945431209515579,0.5731289744007827,0.2533833360508723,0.17348768954834504,-0.20398940866271204,0.08293397725949908,0.12105543140321284,HOME,False,False,2.01,1.83,0.24496253140962357,-0.23159996859037643,0.23159996859037635
2025-05-14,La Liga,Alaves,Valencia,1,0,2.2,3.22,3.73,pinnacle,0.29950007631717757,0.3262858099370078,0.37421411374581465,0.43993904895863095,0.30057947444378513,0.25948147659758397,-0.14043897264145339,0.025706335493222654,0.11473263714823068,HOME,False,False,2.38,1.58,0.2678868147385515,-0.13110308425134753,0.13110308425134742
2025-05-14,La Liga,Real Madrid,Mallorca,2,1,1.38,5.19,8.13,pinnacle,0.7324191510207498,0.18091587416846328,0.08666497481078715,0.6965545931329581,0.18521104788506396,0.1182343589819781,0.03586455788779175,-0.004295173716600681,-0.03156938417119094,HOME,True,True,1.59,2.36,0.4863409725963699,-0.11112738183400983,0.11112738183401005
2025-05-15,La Liga,Rayo Vallecano,Betis,2,2,3.14,3.07,2.57,pinnacle,0.33842255111059744,0.2975239194786264,0.3640535294107761,0.3082052383835622,0.3152327193890506,0.37656204222738726,0.03021731272703526,-0.017708799910424233,-0.01250851281661114,DRAW,True,True,2.04,1.79,0.34976238539318394,-0.1176005388888004,0.1176005388888004
2025-05-15,La Liga,Osasuna,Ath Madrid,2,0,3.88,3.34,2.09,pinnacle,0.21686909245312277,0.2519023802270744,0.5312285273198026,0.24887161752647152,0.28910834610859565,0.4620200363649328,-0.03200252507334875,-0.03720596588152125,0.06920849095486986,HOME,False,False,2.12,1.73,0.44785822783190665,-0.001492421518742626,0.001492421518742737
2025-05-15,La Liga,Espanol,Barcelona,0,2,9.05,5.81,1.31,pinnacle,0.1474160063343508,0.18985083607822026,0.6627331575874289,0.105640615652816,0.1645520777380353,0.7298073066091487,0.04177539068153481,0.025298758340184968,-0.06707414902171982,AWAY,False,False,1.42,2.81,0.6030506090124836,-0.06125199146032956,0.06125199146032967
2025-05-15,La Liga,Getafe,Ath Bilbao,0,2,3.65,2.58,2.69,pinnacle,0.3277480529002557,0.29014869927667286,0.3821032478230714,0.2651390411717738,0.37509980630890477,0.35976115251932134,0.06260901172848193,-0.08495110703223191,0.022342095303750087,AWAY,False,False,2.89,1.4,0.3722932044501385,0.045952878109812245,-0.04595287810981208
2025-05-18,La Liga,Ath Madrid,Betis,4,1,1.94,3.93,3.78,pinnacle,0.6076009104894506,0.2312265351729631,0.1611725543375863,0.49828932539043636,0.24597488327161485,0.2557357913379488,0.10931158509901429,-0.014748348098651748,-0.09456323700036254,HOME,True,True,1.76,2.08,0.45449353378510443,-0.08717313288156231,0.08717313288156231
2025-05-18,La Liga,Barcelona,Villarreal,2,3,1.87,4.25,3.77,pinnacle,0.6991969295225463,0.18298539588996826,0.11781767458748547,0.5165232640982079,0.22727023620321152,0.25620649969858067,0.18267366542433838,-0.04428484031324326,-0.13838882511109518,AWAY,True,True,1.35,3.15,0.5636538973533355,-0.13634610264666447,0.13634610264666464
2025-05-18,La Liga,Celta,Rayo Vallecano,1,2,1.8,4.02,4.31,pinnacle,0.43160207912391646,0.27259422273007716,0.29580369814600616,0.5360796034678004,0.2400356433437912,0.2238847531884085,-0.10447752434388391,0.03255857938628595,0.07191894495759765,AWAY,True,True,1.74,2.1,0.42490667632873313,-0.12196832367126675,0.1219683236712667
2025-05-18,La Liga,Mallorca,Getafe,1,2,2.01,3.31,4.26,pinnacle,0.396499944667966,0.3219901214199529,0.28150993391208096,0.48098156997984054,0.2920764216493895,0.2269420083707698,-0.08448162531187453,0.029913699770563407,0.05456792554131115,AWAY,True,True,2.67,1.46,0.27459368548339175,-0.07891721040038546,0.07891721040038557
2025-05-18,La Liga,Osasuna,Espanol,2,0,1.83,3.6,4.68,pinnacle,0.4977072490041496,0.23818957227519963,0.26410317872065076,0.5264934188322645,0.26763415457306783,0.2058724265946676,-0.028786169828114938,-0.0294445822978682,0.058230752125983165,HOME,False,False,2.09,1.75,0.5460295824367869,0.09030041577012021,-0.09030041577012021
2025-05-18,La Liga,Sevilla,Real Madrid,0,2,4.25,4.07,1.8,pinnacle,0.18598605844621946,0.21810369728960372,0.5959102442641769,0.2269973817528313,0.23703657799742822,0.5359660402497406,-0.041011323306611835,-0.018932880707824506,0.05994420401443634,AWAY,False,False,1.52,2.48,0.545411722883455,-0.07458827711654503,0.0745882771165452
2025-05-18,La Liga,Real Sociedad,Girona,3,2,2.13,3.06,4.2,pinnacle,0.520312605807372,0.23334093872182549,0.24634645547080247,0.4538808721632445,0.31593668552539567,0.2301824423113597,0.06643173364412752,-0.08259574680357018,0.01616401315944277,HOME,True,True,2.11,1.73,0.5522246783513072,0.1017038450179738,-0.1017038450179738
2025-05-18,La Liga,Valencia,Ath Bilbao,0,1,2.29,2.91,3.94,pinnacle,0.34458079008058085,0.28655167666570286,0.36886753325371646,0.4222687915026205,0.33230087028900374,0.24543033820837584,-0.07768800142203963,-0.04574919362330088,0.12343719504534062,AWAY,False,False,2.34,1.6,0.3860831474096409,-0.02000822314873474,0.02000822314873496
2025-05-18,La Liga,Valladolid,Alaves,0,1,6.01,3.82,1.6,pinnacle,0.3876194009033713,0.3166429539065422,0.2957376451900863,0.15798915375508582,0.24856408745237318,0.593446758792541,0.2296302471482855,0.068078866454169,-0.2977091136024548,AWAY,False,False,2.0,1.82,0.2905578245193353,-0.18588196605658097,0.1858819660565808
2025-05-23,La Liga,Betis,Valencia,1,1,1.98,3.92,3.72,pinnacle,0.47623453923201026,0.29360682036396607,0.23015864040402387,0.49083124646578885,0.24791986428629129,0.26124888924791984,-0.014596707233778594,0.045686956077674784,-0.031090248843895968,DRAW,True,False,1.62,2.31,0.32603662664844024,-0.26174963289354447,0.26174963289354475
2025-05-24,La Liga,Real Madrid,Real Sociedad,2,0,1.44,5.12,6.73,pinnacle,0.5860727395860539,0.23685762971463,0.17706963069931617,0.668799105617838,0.18809974845501695,0.14310114592714512,-0.08272636603178407,0.048757881259613056,0.03396848477217104,HOME,False,False,1.44,2.74,0.4568077181194201,-0.19869467422507747,0.19869467422507747
2025-05-24,La Liga,Espanol,Las Palmas,2,0,1.4,4.9,8.36,pinnacle,0.34897380420555685,0.3039440131413026,0.34708218265314067,0.6881467544684855,0.19661335841956726,0.11523988711194734,-0.33917295026292865,0.10733065472173534,0.23184229554119334,HOME,False,False,1.82,2.01,0.33052381548470966,-0.1942803620609822,0.1942803620609822
2025-05-24,La Liga,Alaves,Osasuna,1,1,3.24,3.3,2.38,pinnacle,0.3258753722839441,0.3262414203455205,0.3478832073705354,0.2991179562177231,0.29367944792285544,0.4072025958594214,0.026757416066221007,0.032561972422665064,-0.059319388488886016,DRAW,True,False,2.35,1.6,0.2704509042724076,-0.13461238686683297,0.13461238686683297
2025-05-24,La Liga,Getafe,Celta,1,2,4.32,3.76,1.85,pinnacle,0.47367906092224044,0.27979216199491863,0.246528777082841,0.2230116186616738,0.25622611505809334,0.5207622662802328,0.25066744226056664,0.02356604693682529,-0.2742334891973918,AWAY,True,True,2.07,1.76,0.37599663468539135,-0.08353339142426924,0.0835333914242693
2025-05-24,La Liga,Rayo Vallecano,Mallorca,0,0,1.56,4.19,6.3,pinnacle,0.41548498060321337,0.3024868022617315,0.2820282171350552,0.6173090684589373,0.22983344792265922,0.1528574836184035,-0.20182408785572392,0.0726533543390723,0.1291707335166517,DRAW,False,False,2.14,1.71,0.3246134311505793,-0.11954241300526486,0.11954241300526502
2025-05-25,La Liga,Girona,Ath Madrid,0,4,3.85,3.8,1.95,pinnacle,0.34463024908815815,0.2283754913081723,0.4269942596036695,0.25078263812505286,0.2540824096793299,0.4951349521956173,0.09384761096310529,-0.025706918371157572,-0.06814069259194783,AWAY,False,True,1.61,2.32,0.6364172240070448,0.04608643520297362,-0.04608643520297351
2025-05-25,La Liga,Villarreal,Sevilla,4,2,1.47,5.01,6.37,pinnacle,0.5553592618203398,0.21996093987819781,0.22467979830146237,0.6560894530069508,0.19250528860682986,0.1514052583862194,-0.10073019118661097,0.027455651271367953,0.07327453991524296,HOME,True,True,1.5,2.55,0.5900415703854972,-0.039588059244132334,0.03958805924413239
2025-05-25,La Liga,Ath Bilbao,Barcelona,0,3,3.32,3.75,2.15,pinnacle,0.2680141850445142,0.27416618902223555,0.4578196259332502,0.29158604726858467,0.25815084718178694,0.45026310554962834,-0.023571862224070483,0.016015341840448616,0.0075565203836218675,AWAY,False,True,1.52,2.49,0.40664677062258664,-0.2143008603001067,0.21430086030010648
2024-01-12,Bundesliga,Bayern München,TSG Hoffenheim,3,0,1.15,9.94,16.13,pinnacle,0.8524591108495507,0.09802554624879108,0.04951534290165816,0.8424671606256441,0.09746853468002924,0.06006430469432676,0.009991950223906643,0.0005570115687618393,-0.0105489617926686,HOME,False,True,1.21,4.38,0.8316778685129258,0.04813582915693293,-0.04813582915693296
2024-01-13,Bundesliga,Augsburg,Bayer Leverkusen,0,1,5.74,4.65,1.54,pinnacle,0.21982077105911974,0.24588906595964072,0.5342901629812395,0.1677379156555388,0.2070571259919984,0.6252049583524628,0.05208285540358093,0.03883193996764231,-0.09091479537122327,AWAY,False,False,1.54,2.49,0.6051957760750141,-0.012670228887765145,0.01267022888776509
2024-01-13,Bundesliga,FC Koln,Heidenheim,1,1,2.1,3.67,3.51,pinnacle,0.4432281687862261,0.27238012172865184,0.28439170948512205,0.4607238275088788,0.2636294380840996,0.27564673440702153,-0.017495658722652685,0.008750683644552226,0.008744975078100514,DRAW,True,False,1.73,2.14,0.5527005155290732,-0.0002710606983170605,0.0002710606983170605
2024-01-13,Bundesliga,Freiburg,Union Berlin,0,0,2.1,3.62,3.54,pinnacle,0.4715316195274962,0.29582748471806614,0.23264089575443775,0.46012322805808087,0.2669223146193287,0.2729544573225903,0.011408391469415358,0.028905170098737443,-0.04031356156815258,DRAW,False,False,1.98,1.85,0.43618651038712164,-0.04684221023951024,0.04684221023951052
2024-01-13,Bundesliga,Mainz,VfL Wolfsburg,1,1,2.25,3.47,3.33,pinnacle,0.3955998753956696,0.2831333706356248,0.3212667539687055,0.4302758135326251,0.27899728543181745,0.29072690103555754,-0.03467593813695552,0.0041360852038073714,0.030539852933147982,DRAW,True,False,1.91,1.92,0.5249421098834786,0.02363662685475798,-0.02363662685475798
2024-01-13,Bundesliga,RB Leipzig,Ein Frankfurt,0,1,1.45,4.99,6.78,pinnacle,0.6168014678120193,0.22515104968146274,0.1580474825065177,0.6646967407811987,0.1931483515296068,0.1421549076891944,-0.04789527296917939,0.03200269815185594,0.015892574817323313,AWAY,False,False,1.51,2.59,0.6016333982180526,-0.03007391885511823,0.030073918855117898
2024-01-13,Bundesliga,Darmstadt,Borussia Dortmund,0,3,5.5,4.91,1.53,pinnacle,0.13654263155896806,0.16670707168791393,0.6967502967531181,0.17498014315561947,0.19600627033725193,0.6290135865071288,-0.0384375115966514,-0.029299198649338,0.06773671024598926,AWAY,False,True,1.45,2.75,0.7916949855323933,0.1369330807704886,-0.1369330807704884
2024-01-14,Bundesliga,Bochum,Werder Bremen,1,1,2.21,3.78,3.16,pinnacle,0.3793172035613348,0.2606116383284668,0.3600711581101983,0.4378239291552734,0.2559764241886652,0.3061996466560614,-0.0585067255939386,0.004635214139801613,0.05387151145413688,DRAW,True,False,1.64,2.28,0.6194065229141401,0.037773869852915753,-0.0377738698529157
2024-01-14,Bundesliga,Borussia Mönchengladbach,Stuttgart,3,1,3.67,4.14,1.92,pinnacle,0.4474830981026743,0.2482534015970313,0.30426350030029425,0.26330120242472427,0.2334095200238498,0.503289277551426,0.18418189567795,0.014843881573181505,-0.1990257772511318,HOME,True,True,1.51,2.58,0.6555620613985265,0.024755215432756272,-0.024755215432756494
2024-01-20,Bundesliga,Bochum,Stuttgart,1,0,3.66,3.9,1.98,pinnacle,0.28472649448603154,0.264530387638173,0.45074311787579546,0.2640650006155361,0.24781484673150317,0.48812015265296077,0.02066149387049543,0.016715540906669824,-0.03737703477716531,HOME,False,False,1.67,2.24,0.5829432797023307,0.010053254126883071,-0.010053254126883071
2024-01-20,Bundesliga,Darmstadt,Ein Frankfurt,2,2,3.91,3.71,1.96,pinnacle,0.22257966932571888,0.2285155855655591,0.548904745108722,0.24698637628093867,0.26030100573004583,0.4927126179890154,-0.024406706955219792,-0.03178542016448674,0.056192127119706614,DRAW,True,True,1.84,2.0,0.6749858981254033,0.15415256479206996,-0.15415256479207007
2024-01-20,Bundesliga,FC Koln,Borussia Dortmund,0,4,4.27,4.29,1.76,pinnacle,0.2374065606526845,0.25303041739846965,0.509563021948846,0.2261689017760058,0.22511450130152555,0.5487165969224687,0.011237658876678713,0.027915916096944104,-0.03915357497362271,AWAY,False,True,1.54,2.49,0.594585859454018,-0.02328014550876123,0.02328014550876123
2024-01-20,Bundesliga,Freiburg,TSG Hoffenheim,3,2,2.07,3.83,3.44,pinnacle,0.5240301905544626,0.25637171532630126,0.21959809411923606,0.46680673608724466,0.25229502446490765,0.2808982394478478,0.05722345446721799,0.004076690861393617,-0.06130014532861175,HOME,True,True,1.64,2.29,0.5652076755316938,-0.01748952548611782,0.017489525486117874
2024-01-20,Bundesliga,Heidenheim,VfL Wolfsburg,1,1,2.78,3.5,2.58,pinnacle,0.4065675356605949,0.260860506307818,0.3325719580315871,0.3482130462278848,0.2765806481467199,0.3752063056253952,0.0583544894327101,-0.015720141838901913,-0.042634347593808075,DRAW,True,False,1.77,2.09,0.6146365612598021,0.07318578405772957,-0.07318578405772969
2024-01-20,Bundesliga,RB Leipzig,Bayer Leverkusen,2,3,2.44,3.78,2.79,pinnacle,0.4992098716694145,0.257175537417925,0.24361459091266052,0.39681679647815776,0.2561462919065357,0.3470369116153064,0.10239307519125673,0.0010292455113892762,-0.1034223207026459,AWAY,True,True,1.6,2.38,0.5840148999202696,-0.013975049828474084,0.01397504982847425
2024-01-21,Bundesliga,Bayern München,Werder Bremen,0,1,1.08,11.78,20.98,pinnacle,0.8790386403492751,0.08279888795745499,0.03816247169326994,0.8747694011012115,0.08019957157803978,0.04503102732074874,0.004269239248063661,0.002599316379415212,-0.0068685556274788034,AWAY,False,False,1.21,4.34,0.8487348172027072,0.06675283522072517,-0.0667528352207252
2024-01-21,Bundesliga,Borussia Mönchengladbach,Augsburg,1,2,1.91,3.98,3.61,pinnacle,0.5947092610113137,0.21718678649521828,0.188103952493468,0.4977637044556154,0.238876551635735,0.2633597439086497,0.09694555655569831,-0.021689765140516737,-0.07525579141518168,AWAY,True,True,1.54,2.46,0.6783792982860747,0.06337929828607469,-0.06337929828607464
2024-01-24,Bundesliga,Bayern München,Union Berlin,1,0,1.15,8.7,17.25,pinnacle,0.7964376972497156,0.13845115958973528,0.06511114316054903,0.8341323106423778,0.1102588686481304,0.05560882070949185,-0.037694613392662224,0.028192290941604872,0.009502322451057178,HOME,False,False,1.4,2.94,0.7132259412594687,0.03580658642075907,-0.03580658642075901
2024-01-26,Bundesliga,Ein Frankfurt,Mainz,1,0,2.17,3.44,3.54,pinnacle,0.5865165417099206,0.23917550955245603,0.1743079487376235,0.44567087051039,0.28113540378126345,0.27319372570834644,0.14084567119953062,-0.041959894228807415,-0.09888577697072293,HOME,False,False,2.04,1.8,0.5740446353823984,0.10529463538239842,-0.1052946353823983
2024-01-27,Bundesliga,Augsburg,Bayern München,2,3,8.77,5.99,1.31,pinnacle,0.11789616273584881,0.17302398865662055,0.7090798486075306,0.10918504645328445,0.1598585738556435,0.7309563796910721,0.008711116282564366,0.013165414800977049,-0.021876531083541484,AWAY,True,True,1.39,3.04,0.7277630724601688,0.041532824153170944,-0.04153282415317122
2024-01-27,Bundesliga,TSG Hoffenheim,Heidenheim,1,1,1.7,4.28,4.64,pinnacle,0.5430999997344657,0.225688299951552,0.23121170031398233,0.567029854496448,0.22522213846821537,0.2077480070353366,-0.023929854761982394,0.0004661614833366412,0.023463693278645725,DRAW,True,False,1.5,2.55,0.6943307981325031,0.06470116850287355,-0.06470116850287355
2024-01-27,Bundesliga,Stuttgart,RB Leipzig,5,2,2.75,3.82,2.45,pinnacle,0.320013150333322,0.2720828494086318,0.40790400025804635,0.35182226566171076,0.2532751912486138,0.3949025430896753,-0.03180911532838876,0.018807658160018004,0.013001457168371033,HOME,True,True,1.57,2.4,0.5673061871931395,-0.03722781784464391,0.03722781784464396
2024-01-27,Bundesliga,Werder Bremen,Freiburg,3,1,2.45,3.52,2.94,pinnacle,0.3876975791450293,0.2785564718351461,0.33374594901982463,0.3953575439910145,0.2751778360164733,0.32946461999251214,-0.007659964845985245,0.003378635818672815,0.004281329027312486,HOME,True,True,1.77,2.06,0.5450239974804325,0.0071649896475343144,-0.007164989647534259
2024-01-27,Bundesliga,VfL Wolfsburg,FC Koln,1,1,1.83,3.83,4.41,pinnacle,0.5686829281265033,0.25667179594361467,0.17464527592988194,0.5283254351804063,0.25243747947262235,0.21923708534697134,0.04035749294609703,0.0042343164709923165,-0.0445918094170894,DRAW,True,False,1.83,2.02,0.5100141838355271,-0.014661140839797526,0.014661140839797693
2024-01-27,Bundesliga,Bayer Leverkusen,Borussia Mönchengladbach,0,0,1.27,6.56,9.6,pinnacle,0.7043756746261602,0.17568202600153238,0.11994229937230734,0.7542108187862878,0.1460133749784429,0.09977580623526933,-0.049835144160127576,0.029668651023089465,0.020166493137038013,DRAW,False,False,1.38,3.08,0.7217051577225021,0.0311221980812465,-0.031122198081246555
2024-01-28,Bundesliga,Union Berlin,Darmstadt,1,0,1.64,3.92,5.85,pinnacle,0.7060277010213345,0.18420550238577135,0.10976679659289408,0.5886822676537935,0.24628543850821977,0.16503229383798657,0.117345433367541,-0.062079936122448415,-0.055265497245092485,HOME,False,False,1.89,1.93,0.6620585524434616,0.15682295034922078,-0.1568229503492205
2024-01-28,Bundesliga,Borussia Dortmund,Bochum,3,1,1.38,5.7,7.32,pinnacle,0.8330846302443148,0.11193578520445768,0.0549795845512275,0.6989928231107895,0.16922984138471742,0.13177733550449305,0.1340918071335253,-0.057294056180259734,-0.07679775095326555,HOME,True,True,1.41,2.92,0.7915595970159356,0.11719470094203255,-0.11719470094203266
2024-02-02,Bundesliga,Heidenheim,Borussia Dortmund,0,0,3.99,4.34,1.82,pinnacle,0.26939152518544895,0.22522791585574325,0.5053805589588081,0.24321062160531082,0.2235968617984309,0.5331925165962583,0.026180903580138137,0.0016310540573123422,-0.027811957637450258,DRAW,False,False,1.43,2.85,0.7262874361305867,0.06039958566329695,-0.060399585663296895
2024-02-03,Bundesliga,Bayern München,Borussia Mönchengladbach,3,1,1.15,9.2,16.53,pinnacle,0.8549690689952325,0.09505918560109658,0.04997174540367096,0.8371209723365196,0.10464012154206495,0.05823890612141545,0.017848096658712898,-0.009580935940968371,-0.008267160717744484,HOME,True,True,1.24,4.07,0.8471871504107211,0.08070880766119182,-0.0807088076611919
2024-02-03,Bundesliga,Bochum,Augsburg,1,1,2.21,3.65,3.25,pinnacle,0.4137452421254765,0.26960730436593056,0.3166474535085929,0.43754495324862147,0.264924478542316,0.2975305682090626,-0.023799711123144995,0.004682825823614567,0.019116885299530317,DRAW,True,False,1.74,2.08,0.576029822983444,0.031527205182396933,-0.03152720518239682
2024-02-03,Bundesliga,Darmstadt,Bayer Leverkusen,0,2,9.27,6.36,1.28,pinnacle,0.13625249692239094,0.18372818271645636,0.6800193203611528,0.10309560354391138,0.15026670516541799,0.7466376912906707,0.03315689337847956,0.03346147755103837,-0.06661837092951794,AWAY,False,False,1.44,2.79,0.7242808900365648,0.06470642195145848,-0.06470642195145843
2024-02-03,Bundesliga,Freiburg,Stuttgart,1,3,3.15,3.79,2.21,pinnacle,0.45964621679629847,0.2798050847335145,0.26054869847018697,0.30708060962241396,0.25522530878907757,0.4376940815885086,0.1525656071738845,0.024579775944436943,-0.17714538311832162,AWAY,True,True,1.74,2.13,0.511621513003304,-0.03876608389592073,0.03876608389592079
2024-02-03,Bundesliga,Mainz,Werder Bremen,0,1,2.12,3.52,3.59,pinnacle,0.49553225233583365,0.2543398987436095,0.2501278489205569,0.45603753157704796,0.2746589678816312,0.26930350054132085,0.039494720758785684,-0.020319069138021673,-0.019175651620763956,AWAY,False,False,1.95,1.89,0.6000237493119296,0.10783624931192959,-0.10783624931192959
2024-02-03,Bundesliga,FC Koln,Ein Frankfurt,2,0,3.31,3.47,2.26,pinnacle,0.3256646243938718,0.29360381786400075,0.38073155774212764,0.29252662401850155,0.2790383646977637,0.4284350112837346,0.033138000375370236,0.01456545316623703,-0.04770345354160699,HOME,False,False,1.97,1.87,0.48636553941864347,-0.0006136272480232186,0.0006136272480234961
2024-02-04,Bundesliga,VfL Wolfsburg,TSG Hoffenheim,2,2,2.14,3.83,3.28,pinnacle,0.5370499379122755,0.24161180490673925,0.22133825718098532,0.4522460382031694,0.25269099784720167,0.29506296394962883,0.08480389970910612,-0.011079192940462418,-0.07372470676864351,DRAW,True,True,1.6,2.36,0.6231603303527317,0.02720073439313564,-0.02720073439313575
2024-02-04,Bundesliga,RB Leipzig,Union Berlin,2,0,1.4,4.98,7.93,pinnacle,0.6493644388492253,0.2231732045514695,0.1274623565993051,0.6860266757461948,0.1928589048282475,0.12111441942555772,-0.03666223689696946,0.030314299723222,0.006347937173747389,HOME,False,False,1.63,2.3,0.5503248423290453,-0.03491688795085279,0.034916887950852904
2024-02-07,Bundesliga,Mainz,Union Berlin,1,1,2.22,3.29,3.58,pinnacle,0.40762014721944656,0.2968497211298737,0.29553013165067993,0.435751916417557,0.29403320803859473,0.2702148755438482,-0.028131769198110446,0.0028165130912789493,0.02531525610683172,DRAW,True,False,2.24,1.67,0.46687024551462614,0.03976027109007374,-0.03976027109007374
2024-02-09,Bundesliga,Borussia Dortmund,Freiburg,3,0,1.47,5.13,6.36,pinnacle,0.6348377777798999,0.213402049874157,0.15176017234594308,0.6588996528471982,0.18880750286264747,0.1522928442901543,-0.02406187506729829,0.024594547011509538,-0.0005326719442112215,HOME,False,True,1.44,2.82,0.6362509122231836,-0.025720918762731748,0.025720918762731748
2024-02-10,Bundesliga,Augsburg,RB Leipzig,2,2,4.19,4.26,1.78,pinnacle,0.2066986396943813,0.2471350277154795,0.5461663325901391,0.23054751538442828,0.2267591759297546,0.5426933086858172,-0.023848875690046983,0.020375851785724902,0.0034730239043219147,DRAW,True,True,1.52,2.56,0.586223777946715,-0.04122720244544187,0.04122720244544181
2024-02-10,Bundesliga,Ein Frankfurt,Bochum,1,1,1.76,3.82,4.86,pinnacle,0.70926829937151,0.1845856030071197,0.10614609762137023,0.5485845990189705,0.2527510194432953,0.19866438153773414,0.16068370035253954,-0.0681654164361756,-0.09251828391636391,DRAW,True,False,1.86,1.97,0.6509828646581209,0.13662255134219403,-0.13662255134219414
2024-02-10,Bundesliga,Borussia Mönchengladbach,Darmstadt,0,0,1.61,4.33,5.44,pinnacle,0.7408405312499969,0.15088401030528442,0.10827545844471859,0.5995993371498973,0.2229457119656662,0.17745495088443652,0.1412411941000996,-0.07206170166038178,-0.06917949243971794,DRAW,False,False,1.68,2.23,0.7945471443796585,0.2242146635612442,-0.22421466356124412
2024-02-10,Bundesliga,Union Berlin,VfL Wolfsburg,1,0,2.35,3.37,3.22,pinnacle,0.4383817276540104,0.2892521866731072,0.27236608567288256,0.41200703169197245,0.2873046066694763,0.3006883616385513,0.026374695962037953,0.0019475800036308777,-0.02832227596566872,HOME,False,False,2.09,1.77,0.4841470173125389,0.02559779451461136,-0.025597794514611416
2024-02-10,Bundesliga,Werder Bremen,Heidenheim,1,2,1.86,3.79,4.25,pinnacle,0.49701966709722023,0.2354442431880337,0.2675360897147462,0.5185613243233672,0.2544918372668768,0.22694683840975602,-0.021541657226146982,-0.0190475940788431,0.040589251304990165,AWAY,True,True,1.74,2.13,0.6857066065803322,0.13531900968110744,-0.13531900968110727
2024-02-10,Bundesliga,Bayer Leverkusen,Bayern München,3,0,2.68,3.9,2.47,pinnacle,0.3434834973558737,0.247232937360957,0.4092835652831693,0.36072436958426635,0.24788238730406,0.3913932431116736,-0.017240872228392656,-0.0006494499431030087,0.017890322171495665,HOME,False,True,1.48,2.66,0.6713242963187915,0.028812219024105468,-0.028812219024105634
2024-02-11,Bundesliga,Stuttgart,Mainz,3,1,1.44,4.77,7.45,pinnacle,0.5630114426061513,0.2450958230387218,0.19189273435512708,0.6688178599861104,0.201907278486373,0.12927486152751666,-0.1058064173799591,0.0431885445523488,0.06261787282761042,HOME,True,True,1.71,2.16,0.5759932191382361,0.017853684254515167,-0.017853684254515
2024-02-11,Bundesliga,TSG Hoffenheim,FC Koln,1,1,1.86,3.9,4.12,pinnacle,0.541900627399031,0.25298995082024556,0.2051094217807236,0.5185701560745131,0.24731807443553705,0.23411176948995008,0.023330471324517932,0.005671876384708507,-0.029002347709226467,DRAW,True,False,1.6,2.36,0.5623396414680565,-0.03361995449153954,0.03361995449153948
2024-02-16,Bundesliga,FC Koln,Werder Bremen,0,1,2.57,3.38,2.92,pinnacle,0.4480046507867972,0.2741318128589078,0.27786353635429517,0.3787172973761157,0.2879596018510702,0.33332310077281413,0.06928735341068148,-0.013827788992162415,-0.05545956441851896,AWAY,False,False,1.98,1.86,0.5427331210676906,0.05835812106769056,-0.058358121067690394
2024-02-17,Bundesliga,Darmstadt,Stuttgart,1,2,6.88,4.89,1.45,pinnacle,0.24481604421462733,0.23273722781031758,0.522446727975055,0.13982531941620635,0.19672764776758686,0.6634470328162068,0.10499072479842098,0.03600958004273072,-0.14100030484115178,AWAY,True,True,1.66,2.27,0.6791764902644316,0.10156834777079293,-0.10156834777079277
2024-02-17,Bundesliga,Heidenheim,Bayer Leverkusen,1,2,8.03,5.8,1.35,pinnacle,0.26015056607607756,0.24301452007102248,0.49683491385289985,0.12001011579520116,0.16615193617852847,0.7138379480262704,0.1401404502808764,0.07686258389249401,-0.21700303417337058,AWAY,True,True,1.52,2.56,0.6512351614464101,0.023784181054253284,-0.02378418105425334
2024-02-17,Bundesliga,TSG Hoffenheim,Union Berlin,0,1,2.06,3.71,3.58,pinnacle,0.45293508683505607,0.27193697550398954,0.2751279376609542,0.46933482218578615,0.2606010063888731,0.2700641714253406,-0.016399735350730082,0.011335969115116418,0.005063766235613609,AWAY,False,False,1.78,2.08,0.5495353920632639,0.010675288436320818,-0.010675288436320762
2024-02-17,Bundesliga,Mainz,Augsburg,1,0,2.03,3.66,3.72,pinnacle,0.526596908731723,0.25620518279848287,0.2171979084697942,0.47611254484798904,0.2640733513774365,0.2598141037745746,0.05048436388373401,-0.007868168578953616,-0.04261619530478039,HOME,False,False,1.95,1.89,0.5633909423349409,0.07120344233494091,-0.0712034423349408
2024-02-17,Bundesliga,VfL Wolfsburg,Borussia Dortmund,1,1,3.32,3.79,2.13,pinnacle,0.34304039224234883,0.25343840828761494,0.40352119947003634,0.29114837108821334,0.2550429002672476,0.4538087286445391,0.05189202115413549,-0.0016044919796326385,-0.05028752917450274,DRAW,True,False,1.58,2.42,0.6463743821189474,0.041374382118947395,-0.04137438211894734
2024-02-17,Bundesliga,RB Leipzig,Borussia Mönchengladbach,2,0,1.38,5.63,7.27,pinnacle,0.7134699270297107,0.17459453165886768,0.11193554131142171,0.6968948837177625,0.17081970506758654,0.13228541121465096,0.016575043311948146,0.003774826591281144,-0.020349869903229248,HOME,False,False,1.38,3.07,0.7069922942455851,0.017104653796146896,-0.01710465379614662
2024-02-18,Bundesliga,Freiburg,Ein Frankfurt,3,3,2.33,3.38,3.24,pinnacle,0.4322040516317645,0.2865642388728524,0.281231709495383,0.4151987807004906,0.28621691095625534,0.298584308343254,0.017005270931273908,0.0003473279165970289,-0.017352598847870992,DRAW,True,True,2.0,1.83,0.49824411813103403,0.020437329619284683,-0.020437329619284794
2024-02-18,Bundesliga,Bochum,Bayern München,3,2,8.13,5.93,1.34,pinnacle,0.08481211690586392,0.14543981524684146,0.7697480678472947,0.11850926081970073,0.16247559704286124,0.719015142137438,-0.03369714391383681,-0.017035781796019778,0.05073292570985666,HOME,True,True,1.41,2.92,0.7531414302001437,0.07877653412624064,-0.0787765341262407
2024-02-23,Bundesliga,Bayer Leverkusen,Mainz,2,1,1.26,6.53,12.14,pinnacle,0.7056886307064927,0.18819884336755474,0.10611252592595255,0.7711618079658827,0.1487999813226665,0.08003821071145077,-0.06547317725939006,0.03939886204488824,0.026074315214501778,HOME,True,True,1.58,2.42,0.6361400628779175,0.031140062877917485,-0.03114006287791754
2024-02-24,Bundesliga,Borussia Mönchengladbach,Bochum,5,2,2.02,3.77,3.65,pinnacle,0.6636512511371544,0.19372323863312252,0.1426255102297232,0.47864440030748995,0.25646198637165246,0.2648936133208574,0.18500685082966445,-0.06273874773852994,-0.12226810309113423,HOME,True,True,1.63,2.31,0.6969808399958319,0.11068642375217708,-0.11068642375217691
2024-02-24,Bundesliga,Stuttgart,FC Koln,1,1,1.32,5.75,9.52,pinnacle,0.5836918465052595,0.24736401249563475,0.1689441409991057,0.7308762503938775,0.16778376530781186,0.10133998429831075,-0.14718440388861798,0.07958024718782289,0.06760415670079496,DRAW,True,False,1.54,2.49,0.535479302762753,-0.0823867022000262,0.08238670220002614
2024-02-24,Bundesliga,Union Berlin,Heidenheim,2,2,2.04,3.49,3.89,pinnacle,0.5349822998196885,0.2521193004105295,0.21289839976978192,0.474169877022699,0.2771652003227238,0.24866492265457737,0.06081242279698945,-0.025045899912194303,-0.035766522884795454,DRAW,True,True,2.03,1.81,0.5742383105416182,0.1028841438749516,-0.10288414387495148
2024-02-24,Bundesliga,Werder Bremen,Darmstadt,1,1,1.69,3.94,5.22,pinnacle,0.684209530323218,0.17715486019166168,0.13863560948512046,0.5705519430080561,0.244729132914623,0.18471892407732085,0.11365758731516185,-0.06757427272296132,-0.046083314592200386,DRAW,True,False,1.81,2.03,0.7549582012362429,0.22631236790290965,-0.22631236790290937
2024-02-24,Bundesliga,Bayern München,RB Leipzig,2,1,1.7,4.4,4.53,pinnacle,0.6391799229107175,0.20252681471811923,0.15829326237116345,0.5676530060091705,0.2193204795944522,0.2130265143963774,0.071526916901547,-0.016793664876332964,-0.05473325202521395,HOME,True,True,1.42,2.9,0.6904939914792881,0.01919769518299186,-0.019197695182991747
2024-02-25,Bundesliga,Ein Frankfurt,VfL Wolfsburg,2,2,2.29,3.48,3.24,pinnacle,0.5125637199844657,0.2581830719450661,0.2292532080704683,0.42286228622862293,0.2782628262826283,0.29887488748874885,0.08970143375584277,-0.02007975433756215,-0.06962167941828054,DRAW,True,True,1.93,1.89,0.5677156896414959,0.07295129173573678,-0.0729512917357365
2024-02-25,Bundesliga,Borussia Dortmund,TSG Hoffenheim,2,3,1.51,5.16,5.52,pinnacle,0.721024160413533,0.162016271355936,0.11695956823053107,0.6384936112979153,0.18684599865501006,0.17466039004707465,0.08253054911561775,-0.024829727299074067,-0.05770082181654358,AWAY,True,True,1.32,3.36,0.7700622054794972,0.05211348753077927,-0.05211348753077927
2024-02-25,Bundesliga,Augsburg,Freiburg,2,1,2.28,3.66,3.11,pinnacle,0.3436901743899823,0.2906001852745449,0.365709640335473,0.42443564445041054,0.2644025326084524,0.311161822941137,-0.08074547006042826,0.026197652666092475,0.05454781739433601,HOME,True,True,1.77,2.07,0.49976902704776155,-0.03929347295223845,0.03929347295223873
2024-03-01,Bundesliga,Freiburg,Bayern München,2,2,6.11,4.86,1.51,pinnacle,0.20516412989446364,0.2405898773001235,0.554245992805413,0.1586405328225892,0.19944313900123867,0.6419163281761723,0.04652359707187445,0.04114673829888482,-0.0876703353707593,DRAW,True,True,1.52,2.56,0.6094080237264912,-0.018042956665665688,0.0180429566656658
2024-03-02,Bundesliga,Bochum,RB Leipzig,1,4,4.76,4.44,1.66,pinnacle,0.16098356604770162,0.2259363613267994,0.6130800726254989,0.20244792124461633,0.21703876241539946,0.5805133163399843,-0.041464355196914715,0.008897598911399934,0.03256675628551464,AWAY,True,True,1.51,2.57,0.6035693565073214,-0.026332604276992466,0.0263326042769923
2024-03-02,Bundesliga,Darmstadt,Augsburg,0,6,2.93,3.47,2.48,pinnacle,0.37590135670106994,0.2499967150472494,0.37410192825168076,0.33048761285912337,0.2790572638839284,0.39045512325694826,0.045413743841946574,-0.029060548836678968,-0.016353195005267496,AWAY,False,True,1.81,2.04,0.6630689484100597,0.13319881853992976,-0.13319881853992976
2024-03-02,Bundesliga,Heidenheim,Ein Frankfurt,1,2,2.84,3.39,2.59,pinnacle,0.37272730606991383,0.25893115887929663,0.36834153505078954,0.340798733081554,0.2855069032305644,0.3736943636878816,0.03192857298835983,-0.02657574435126775,-0.0053528286370920775,AWAY,True,True,1.9,1.93,0.6265259455128578,0.12260949642669594,-0.12260949642669589
2024-03-02,Bundesliga,Mainz,Borussia Mönchengladbach,1,1,1.98,3.81,3.73,pinnacle,0.4504670045137853,0.2561680475097918,0.2933649479764229,0.4876820919339065,0.2534410871467545,0.2588768209193391,-0.037215087420121196,0.0027269603630372674,0.03448812705708376,DRAW,True,False,1.78,2.07,0.619673745825114,0.0820114081627763,-0.0820114081627763
2024-03-02,Bundesliga,Union Berlin,Borussia Dortmund,0,2,3.44,3.62,2.14,pinnacle,0.3149268434396409,0.2666639477363691,0.41840920882399,0.28107629566201764,0.2671001262644587,0.45182357807352364,0.03385054777762325,-0.00043617852808963686,-0.033414369249533615,AWAY,False,False,1.74,2.13,0.587027048604475,0.03663945170525018,-0.036639451705250015
2024-03-02,Bundesliga,VfL Wolfsburg,Stuttgart,2,3,3.34,3.56,2.2,pinnacle,0.4704164644477007,0.2650044054567527,0.26457913009554657,0.2893196997458479,0.27144039245818313,0.439239907795969,0.18109676470185276,-0.006435987001430443,-0.17466077770042243,AWAY,True,True,1.73,2.14,0.5695062806119998,0.016534704384609578,-0.01653470438460969
2024-03-03,Bundesliga,FC Koln,Bayer Leverkusen,0,2,8.08,5.15,1.39,pinnacle,0.22963362012537372,0.27211332304040636,0.49825305683421983,0.11930495302633091,0.1871813631947095,0.6935136837789597,0.11032866709904281,0.08493195984569687,-0.1952606269447399,AWAY,False,False,1.67,2.22,0.5164592882323185,-0.05423479917128049,0.054234799171280657
2024-03-03,Bundesliga,TSG Hoffenheim,Werder Bremen,2,1,1.97,3.87,3.72,pinnacle,0.548068612595746,0.22654497044810426,0.2253864169561498,0.49052939312473814,0.24970100890329044,0.2597695979719715,0.057539219471007874,-0.023156038455186184,-0.03438318101582172,HOME,True,True,1.56,2.43,0.6854101292697021,0.07638757287872466,-0.07638757287872466
2024-03-08,Bundesliga,Stuttgart,Union Berlin,2,0,1.48,4.62,7.08,pinnacle,0.4975723945912987,0.27230997898291187,0.2301176264257896,0.6538572251007485,0.20946075609288045,0.13668201880637115,-0.1562848305094498,0.06284922289003142,0.09343560761941844,HOME,False,False,1.76,2.1,0.5161681097929005,-0.02787334098430161,0.02787334098430183
2024-03-09,Bundesliga,Augsburg,Heidenheim,1,0,1.88,3.89,4.07,pinnacle,0.4438836949170235,0.2529847070152971,0.3031315980676795,0.5140841183098409,0.24845196463303365,0.23746391705712552,-0.0702004233928174,0.004532742382263422,0.06566768101055395,HOME,False,False,1.67,2.25,0.6364812432295148,0.06250165139278008,-0.06250165139278008
2024-03-09,Bundesliga,Bayern München,Mainz,8,1,1.23,6.97,11.21,pinnacle,0.8499442214069188,0.104416388194439,0.045639390398641906,0.7774876586022602,0.1372037044592224,0.0853086369385174,0.07245656280465862,-0.03278731626478339,-0.03966924653987549,HOME,True,True,1.39,3.01,0.7828550775923943,0.09876416850148517,-0.09876416850148517
2024-03-09,Bundesliga,Borussia Mönchengladbach,FC Koln,3,3,1.85,3.77,4.32,pinnacle,0.5558549363056124,0.24412898347454795,0.20001608021983963,0.5211164403943314,0.25572026915902213,0.22316329044664657,0.034738495911281086,-0.011591285684474179,-0.023147210226806936,DRAW,True,True,1.74,2.08,0.5897852363049063,0.045282618503859284,-0.04528261850385901
2024-03-09,Bundesliga,RB Leipzig,Darmstadt,2,0,1.15,8.79,16.82,pinnacle,0.8782844820121919,0.08618833943930546,0.03552717854850254,0.8338882330612698,0.10909800546307852,0.05701376147565161,0.04439624895092209,-0.022909666023773062,-0.02148658292714907,HOME,False,False,1.35,3.25,0.8171745977640382,0.11065285863360341,-0.11065285863360355
2024-03-09,Bundesliga,Werder Bremen,Borussia Dortmund,1,2,3.87,4.06,1.88,pinnacle,0.26265787234388116,0.22639158164281176,0.5109505460133069,0.24927009921425444,0.23760474974363666,0.5131251510421089,0.013387773129626718,-0.0112131681008249,-0.002174605028801957,AWAY,True,True,1.46,2.72,0.7172823461758363,0.06656464282655394,-0.06656464282655394
2024-03-10,Bundesliga,Bochum,Freiburg,1,2,2.27,3.65,3.13,pinnacle,0.2854865532340207,0.28627198799536957,0.4282414587706098,0.426047264414453,0.26496638088241325,0.3089863547031337,-0.14056071118043229,0.021305607112956315,0.11925510406747614,AWAY,True,True,1.78,2.06,0.5012506306732744,-0.035207702660059015,0.03520770266005907
2024-03-10,Bundesliga,Ein Frankfurt,TSG Hoffenheim,3,1,2.06,3.9,3.43,pinnacle,0.5772493295556372,0.2280674559684019,0.1946832144759609,0.4697508146982808,0.24812478930216886,0.2821243959995505,0.10749851485735645,-0.02005733333376697,-0.08744118152358962,HOME,True,True,1.6,2.36,0.6448123266432523,0.048852730683656254,-0.04885273068365642
2024-03-10,Bundesliga,Bayer Leverkusen,VfL Wolfsburg,2,0,1.32,5.89,9.05,pinnacle,0.6373390097860622,0.21572445797938009,0.14693653223455758,0.7299456489737118,0.16358714034724953,0.10646721067903864,-0.09260663918764966,0.05213731763213056,0.04046932155551894,HOME,False,False,1.55,2.47,0.618273371679805,0.003845510983287559,-0.0038455109832876144
2024-03-15,Bundesliga,FC Koln,RB Leipzig,1,5,6.61,4.86,1.48,pinnacle,0.21655814533096637,0.2740515555851463,0.5093902990838872,0.14649227498054995,0.1992415509509126,0.6542661740685374,0.07006587035041642,0.07481000463423373,-0.14487587498465015,AWAY,True,True,1.61,2.38,0.4974188221680079,-0.09907240590216748,0.09907240590216748
2024-03-16,Bundesliga,Darmstadt,Bayern München,2,5,17.12,9.56,1.14,pinnacle,0.0587339546608046,0.1032479026549065,0.8380181426842886,0.05615346883591712,0.10055935004925742,0.8432871811148255,0.002580485824887485,0.0026885526056490833,-0.005269038430536832,AWAY,True,True,1.28,3.75,0.8458101685836386,0.10028332961743569,-0.10028332961743591
2024-03-16,Bundesliga,Heidenheim,Borussia Mönchengladbach,1,1,2.49,3.63,2.8,pinnacle,0.4637931216520507,0.23483737589533357,0.30136950245261573,0.388313906176575,0.26636408440211345,0.3453220094213114,0.0754792154754757,-0.03152670850677988,-0.04395250696869568,DRAW,True,False,1.67,2.24,0.7068319468417156,0.13394192126626792,-0.13394192126626786
2024-03-16,Bundesliga,Mainz,Bochum,2,0,1.79,3.88,4.58,pinnacle,0.5931017394386711,0.23627229145871276,0.17062596910261618,0.5399072729371873,0.24908093261792927,0.2110117944448833,0.05319446650148374,-0.01280864115921651,-0.04038582534226712,HOME,False,False,1.8,2.04,0.5794847716628425,0.04823477166284251,-0.04823477166284246
2024-03-16,Bundesliga,Union Berlin,Werder Bremen,2,1,2.02,3.64,3.79,pinnacle,0.5391674340766217,0.2530552973001627,0.20777726862321572,0.47894404288263526,0.26578762819311075,0.25526832892425416,0.06022339119398645,-0.012732330892948063,-0.047491060301038446,HOME,True,True,1.96,1.88,0.5651061664419353,0.07552283310860197,-0.07552283310860192
2024-03-16,Bundesliga,VfL Wolfsburg,Augsburg,1,3,2.12,3.65,3.46,pinnacle,0.6083790557645676,0.22795063153195974,0.1636703127034727,0.455884370194425,0.2647876341951181,0.279327995610457,0.15249468557014262,-0.03683700266315834,-0.1156576829069843,AWAY,True,True,1.77,2.08,0.600255607626487,0.05999586736674667,-0.059995867366746725
2024-03-16,Bundesliga,TSG Hoffenheim,Stuttgart,0,3,3.77,4.23,1.88,pinnacle,0.435471148359185,0.25531435981819917,0.309214491822616,0.25663582587592904,0.22872743819202182,0.5146367359320492,0.17883532248325595,0.026586921626177346,-0.20542224410943316,AWAY,False,True,1.44,2.7,0.6297058717306526,-0.022468041312825537,0.022468041312825815
2024-03-17,Bundesliga,Freiburg,Bayer Leverkusen,2,3,5.92,4.39,1.56,pinnacle,0.3237147206570357,0.2874732573686435,0.3888120219743207,0.16277654709500763,0.2195073254675274,0.6177161274374648,0.16093817356202808,0.06796593190111608,-0.22890410546314416,AWAY,True,True,1.72,2.15,0.5089806594988977,-0.04657489605665788,0.04657489605665788
2024-03-17,Bundesliga,Borussia Dortmund,Ein Frankfurt,3,1,1.63,4.47,5.01,pinnacle,0.6218771994983168,0.20683908323996117,0.171283717261722,0.5917150851716512,0.2157708252415641,0.19251408958678473,0.0301621143266656,-0.008931742001602933,-0.021230372325062724,HOME,True,True,1.5,2.58,0.6945339334077757,0.06218099223130502,-0.06218099223130513
2024-03-30,Bundesliga,Ein Frankfurt,Union Berlin,0,0,2.07,3.41,3.88,pinnacle,0.5208570325583877,0.2682800966767814,0.2108628707648309,0.4671711197658283,0.28359067974054675,0.2492382004936249,0.053685912792559354,-0.01531058306376537,-0.03837532972879401,DRAW,False,False,2.11,1.75,0.5123783403228893,0.05901046467522092,-0.059010464675220864
2024-03-30,Bundesliga,Bayer Leverkusen,TSG Hoffenheim,2,1,1.21,7.55,11.72,pinnacle,0.7029696308105142,0.17949171000291667,0.11753865918656914,0.7914477915112962,0.12684130168591634,0.08171090680278739,-0.08847816070078196,0.052650408317000325,0.03582775238378175,HOME,True,True,1.31,3.47,0.700596102955228,-0.025345319638914288,0.025345319638914288
2024-03-30,Bundesliga,Borussia Mönchengladbach,Freiburg,0,3,2.21,3.72,3.19,pinnacle,0.4400524066806913,0.2674183638364446,0.2925292294828641,0.437277755463761,0.25978060203626663,0.3029416424999724,0.0027746512169302684,0.007637761800177945,-0.010412413017108324,AWAY,False,True,1.65,2.28,0.5755524743536352,-0.004600197402090056,0.004600197402089834
2024-03-30,Bundesliga,RB Leipzig,Mainz,0,0,1.39,5.34,7.66,pinnacle,0.7133613643846475,0.18727475851815056,0.09936387709720182,0.6935958653246155,0.1805427439702651,0.1258613907051195,0.019765499060032,0.006732014547885468,-0.02649751360791769,DRAW,False,False,1.53,2.52,0.6212460375037833,-0.000976184718438966,0.0009761847184387995
2024-03-30,Bundesliga,Werder Bremen,VfL Wolfsburg,0,2,2.88,3.61,2.44,pinnacle,0.39788434826082986,0.2639408014775309,0.33817485026163924,0.3357832298989037,0.26788246595812815,0.3963343041429683,0.062101118361926166,-0.00394166448059724,-0.05815945388132904,AWAY,False,False,1.77,2.08,0.6034686004058836,0.06320886014614324,-0.06320886014614341
2024-03-30,Bundesliga,Bayern München,Borussia Dortmund,0,2,1.39,5.92,6.7,pinnacle,0.6964331524680462,0.16692656283664892,0.1366402846953048,0.6933562680707201,0.1627981778071454,0.14384555412213443,0.0030768843973260074,0.004128385029503523,-0.007205269426829641,AWAY,False,False,1.24,4.08,0.7910313960253329,0.024114102792250125,-0.02411410279224996
2024-03-31,Bundesliga,Augsburg,FC Koln,1,1,1.81,3.84,4.51,pinnacle,0.44982639954314124,0.28404751930837785,0.26612608114848085,0.5339927663812482,0.25169971540366126,0.21430751821509073,-0.08416636683810691,0.03234780390471659,0.05181856293339013,DRAW,True,False,1.78,2.06,0.49952180958002806,-0.036936523753305306,0.03693652375330525
2024-03-31,Bundesliga,Stuttgart,Heidenheim,3,3,1.26,6.51,10.08,pinnacle,0.5910680485783347,0.22046838787214493,0.1884635635495204,0.7584097859327216,0.14678899082568808,0.0948012232415902,-0.16734173735438684,0.07367939704645685,0.0936623403079302,DRAW,True,True,1.41,2.91,0.666114571372928,-0.0074965397381832055,0.007496539738183261
2024-03-31,Bundesliga,Bochum,Darmstadt,2,2,1.63,4.3,5.25,pinnacle,0.5551175691536839,0.22626647458573068,0.2186159562605854,0.5918749918068246,0.22436191549886605,0.18376309269430935,-0.03675742265314064,0.0019045590868646267,0.03485286356627604,DRAW,True,True,1.68,2.22,0.6795880122766415,0.11035724304587224,-0.11035724304587208
2024-04-05,Bundesliga,Ein Frankfurt,Werder Bremen,1,1,1.78,4.02,4.56,pinnacle,0.6197765584713257,0.2144805967215434,0.16574284480713075,0.5455129807520623,0.24154554869121167,0.21294147055672608,0.0742635777192634,-0.027064951969668266,-0.047198625749595324,DRAW,True,False,1.73,2.15,0.6559303331617969,0.10180662182159073,-0.10180662182159073
2024-04-06,Bundesliga,FC Koln,Bochum,2,1,2.33,3.63,3.05,pinnacle,0.5431171795522276,0.2620220522189668,0.1948607682288055,0.41566081866953997,0.2668015723140573,0.3175376090164027,0.12745636088268764,-0.004779520095090528,-0.12267684078759722,HOME,True,True,1.8,2.04,0.5170826236535703,-0.014167376346429728,0.014167376346429728
2024-04-06,Bundesliga,Freiburg,RB Leipzig,1,4,4.79,4.31,1.68,pinnacle,0.3065279680617683,0.2921756316889812,0.4012964002492504,0.20150892357700045,0.22395075265286132,0.5745403237701382,0.10501904448476784,0.06822487903611987,-0.1732439235208878,AWAY,True,True,1.54,2.49,0.4872700435708471,-0.13059596139193214,0.13059596139193191
2024-04-06,Bundesliga,Heidenheim,Bayern München,3,2,7.05,6.07,1.37,pinnacle,0.14346441729436707,0.17788358706235008,0.6786519956432829,0.13684692082497504,0.15894082237497098,0.704212256800054,0.006617496469392026,0.0189427646873791,-0.025560261156771014,HOME,True,True,1.33,3.36,0.7610955056775395,0.04467759522977832,-0.04467759522977821
2024-04-06,Bundesliga,Mainz,Darmstadt,4,0,1.41,4.97,7.93,pinnacle,0.669710919778196,0.19366584148758018,0.13662323873422394,0.6842247804295404,0.19411608458866236,0.12165913498179722,-0.014513860651344412,-0.00045024310108218724,0.014964103752426725,HOME,False,True,1.7,2.2,0.6853501548196067,0.12124759071704261,-0.12124759071704261
2024-04-06,Bundesliga,Union Berlin,Bayer Leverkusen,0,1,6.19,4.31,1.55,pinnacle,0.3015457848865962,0.2861336845236712,0.41232053058973245,0.15552720474741527,0.22336737758387484,0.62110541766871,0.14601858013918095,0.06276630693979637,-0.20878488707897752,AWAY,False,False,1.82,2.02,0.5080403352508549,-0.01800133141581184,0.01800133141581156
2024-04-06,Bundesliga,Borussia Dortmund,Stuttgart,0,1,2.31,3.95,2.88,pinnacle,0.6523730198105527,0.1946632247378444,0.15296375545160304,0.4189546022030471,0.24500889394659206,0.33603650385036066,0.23341841760750565,-0.05034566920874767,-0.18307274839875762,AWAY,False,False,1.4,2.96,0.7122493124270433,0.03335022985823588,-0.03335022985823577
2024-04-07,Bundesliga,TSG Hoffenheim,Augsburg,3,1,2.29,3.94,2.92,pinnacle,0.5801812551309569,0.22603172675232158,0.1937870181167215,0.4227498879261562,0.24570996024134456,0.3315401518324992,0.15743136720480067,-0.019678233489022978,-0.1377531337157777,HOME,True,True,1.48,2.67,0.6515434857791997,0.00816999180329614,-0.00816999180329625
2024-04-07,Bundesliga,VfL Wolfsburg,Borussia Mönchengladbach,1,3,1.9,3.89,3.97,pinnacle,0.5359000455377587,0.2369667159421383,0.22713323852010303,0.5083829043397536,0.2483104160014221,0.2433066796588242,0.02751714119800508,-0.011343700059283784,-0.016173441138721156,AWAY,True,True,1.65,2.27,0.6468538726386128,0.0677722399855516,-0.06777223998555154
2024-04-12,Bundesliga,Augsburg,Union Berlin,2,0,2.15,3.52,3.59,pinnacle,0.3662496273367245,0.291273846234599,0.3424765264286764,0.4525539603127137,0.2764179018955496,0.2710281377917367,-0.08630433297598922,0.01485594433904941,0.0714483886369397,HOME,False,False,1.94,1.9,0.49712488963286366,0.0023332229661969794,-0.0023332229661969794
2024-04-13,Bundesliga,Bayern München,FC Koln,2,0,1.18,8.25,13.01,pinnacle,0.8577392563138891,0.1026844068460797,0.039576336840031215,0.8105502747711248,0.11593325142180937,0.07351647380706589,0.0471889815427643,-0.013248844575729668,-0.03394013696703467,HOME,False,False,1.31,3.45,0.7579168221815906,0.03312690621520409,-0.0331269062152042
2024-04-13,Bundesliga,Bochum,Heidenheim,1,1,2.1,3.71,3.47,pinnacle,0.3736927712358236,0.25804707597065063,0.3682601527935259,0.46056948235706596,0.2606997069945656,0.27873081064836847,-0.08687671112124234,-0.0026526310239149975,0.08952934214515745,DRAW,True,False,1.66,2.25,0.6301310634123041,0.05468349307982323,-0.05468349307982301
2024-04-13,Bundesliga,Mainz,TSG Hoffenheim,4,1,2.0,3.91,3.58,pinnacle,0.4529614445690575,0.2615128195721692,0.2855257358587732,0.4830525436713622,0.24708570008765332,0.26986175624098446,-0.030091099102304675,0.014427119484515888,0.01566397961778876,HOME,True,True,1.58,2.42,0.5950166799044526,-0.009983320095547366,0.009983320095547255
2024-04-13,Bundesliga,Borussia Mönchengladbach,Borussia Dortmund,1,2,3.29,4.24,2.02,pinnacle,0.3107399917006569,0.2282994525758067,0.4609605557235365,0.2937154066158668,0.22790653013353815,0.478378063250595,0.0170245850847901,0.0003929224422685451,-0.017417507527058507,AWAY,True,True,1.4,2.99,0.7360610803717007,0.05496768629425186,-0.05496768629425186
2024-04-13,Bundesliga,RB Leipzig,VfL Wolfsburg,3,0,1.36,5.66,7.8,pinnacle,0.6468383312286248,0.2153873545750008,0.13777431419637443,0.7068927972126506,0.16985409968360513,0.12325310310374424,-0.06005446598402586,0.045533254891395675,0.014521211092630187,HOME,False,True,1.45,2.74,0.6017376465227658,-0.0522003009712676,0.052200300971267655
2024-04-13,Bundesliga,Stuttgart,Ein Frankfurt,3,0,1.51,4.76,6.01,pinnacle,0.4550080250112416,0.2647086364791225,0.28028333850963605,0.6375620399239587,0.202251823589323,0.1601861364867184,-0.18255401491271706,0.06245681288979951,0.12009720202291765,HOME,False,True,1.56,2.43,0.5799275108048617,-0.029095045586115753,0.02909504558611581
2024-04-14,Bundesliga,Darmstadt,Freiburg,0,1,3.98,3.98,1.88,pinnacle,0.2489723804605582,0.2546921183967873,0.4963355011426546,0.2428940568475452,0.2428940568475452,0.5142118863049095,0.006078323613012998,0.011798061549242095,-0.017876385162254926,AWAY,False,False,1.66,2.26,0.5977762827377191,0.021245670492821223,-0.02124567049282089
2024-04-14,Bundesliga,Bayer Leverkusen,Werder Bremen,5,0,1.2,7.49,12.7,pinnacle,0.7408669256473923,0.16241869665293415,0.09671437769967335,0.797002119797907,0.1276905932920545,0.07530728691003845,-0.05613519415051471,0.03472810336087964,0.021407090789634903,HOME,False,True,1.43,2.82,0.7168982246599356,0.05336881289522977,-0.053368812895229656
2024-04-19,Bundesliga,Ein Frankfurt,Augsburg,3,1,2.06,3.76,3.6,pinnacle,0.646839028513752,0.21131442169003967,0.14184654979620848,0.4716770740410348,0.25841882247992864,0.2699041034790366,0.17516195447271715,-0.04710440078988898,-0.12805755368282812,HOME,True,True,1.67,2.26,0.62577162688269,0.05070801365113775,-0.05070801365113753
2024-04-20,Bundesliga,FC Koln,Darmstadt,0,2,1.49,4.61,6.76,pinnacle,0.617892121671538,0.2211838066794584,0.1609240716490038,0.6478258971539281,0.20938407521894853,0.1427900276271232,-0.02993377548239018,0.01179973146050986,0.018134044021880596,AWAY,False,False,1.65,2.28,0.6218567068906895,0.041704035134964235,-0.04170403513496429
2024-04-20,Bundesliga,Heidenheim,RB Leipzig,1,2,6.19,5.19,1.46,pinnacle,0.24470521123790068,0.24506730791354342,0.5102274808485558,0.15546286588881206,0.1854171753086217,0.6591199588025662,0.08924234534908862,0.05965013260492172,-0.1488924779540104,AWAY,True,True,1.44,2.8,0.6313905523677498,-0.028986806122816233,0.028986806122816178
2024-04-20,Bundesliga,TSG Hoffenheim,Borussia Mönchengladbach,4,3,2.16,4.04,3.09,pinnacle,0.5005192440043796,0.2313009508319423,0.26817980516367795,0.44769118216637255,0.23935964195033782,0.31294917588328963,0.05282806183800709,-0.008058691118395522,-0.04476937071961168,HOME,True,True,1.44,2.8,0.7021568026735959,0.04177944418302992,-0.041779444183030034
2024-04-20,Bundesliga,VfL Wolfsburg,Bochum,1,0,1.81,3.88,4.43,pinnacle,0.6726014490396529,0.20282084786213062,0.12457770309821645,0.533312648350114,0.24878760142105835,0.21789975022882763,0.13928880068953886,-0.045966753558927737,-0.09332204713061118,HOME,False,False,1.68,2.22,0.6228860352048883,0.05365526597411907,-0.053655265974119015
2024-04-20,Bundesliga,Union Berlin,Bayern München,1,5,4.94,4.62,1.62,pinnacle,0.18695487529708965,0.23349168336587514,0.5795534413370351,0.19536413469068128,0.2088958496476116,0.5957400156617071,-0.008409259393591634,0.024595833718263543,-0.016186574324671965,AWAY,True,True,1.6,2.38,0.6136864998256603,0.015696550076916616,-0.015696550076916616
2024-04-21,Bundesliga,Werder Bremen,Stuttgart,2,1,5.11,4.66,1.6,pinnacle,0.3923602524181588,0.2587458118076164,0.3488939357742249,0.189024606663523,0.20727805580485034,0.6036973375316266,0.2033356457546358,0.05146775600276607,-0.2548034017574017,HOME,True,True,1.48,2.67,0.6259201257182236,-0.017453368257679958,0.017453368257680013
2024-04-21,Bundesliga,Borussia Dortmund,Bayer Leverkusen,1,1,2.56,3.84,2.5,pinnacle,0.4952924646057932,0.23661921577849937,0.2680883196157072,0.37165510406342905,0.2477700693756194,0.3805748265609514,0.12363736054236413,-0.011150853597120036,-0.11248650694524415,DRAW,True,False,1.48,2.58,0.6815193652887347,0.04605138499316819,-0.0460513849931683
2024-04-21,Bundesliga,Freiburg,Mainz,1,1,2.58,3.59,2.72,pinnacle,0.5338703744567042,0.2693162157355115,0.19681340980778433,0.37492608832541097,0.26944548966004467,0.35562842201454425,0.1589442861312932,-0.00012927392453315756,-0.15881501220675992,DRAW,True,False,1.75,2.11,0.4933205208844607,-0.05331160346787084,0.05331160346787084
2024-04-26,Bundesliga,Bochum,TSG Hoffenheim,3,2,2.21,4.0,3.06,pinnacle,0.33853503860659134,0.2594791189040846,0.401985842489324,0.4396141164977409,0.24288679936500185,0.31749908413725736,-0.10107907789114956,0.016592319539082745,0.08448675835206665,HOME,True,True,1.44,2.8,0.6213562368130143,-0.03902112167755167,0.03902112167755173
2024-04-27,Bundesliga,Augsburg,Werder Bremen,0,3,1.8,4.19,4.13,pinnacle,0.4492274462851939,0.25475269009158497,0.2960198636232212,0.5360695400037794,0.23029240382023933,0.23363805617598132,-0.08684209371858548,0.024460286271345638,0.06238180744723987,AWAY,False,True,1.55,2.45,0.6264437782542251,0.013943778254225103,-0.013943778254224881
2024-04-27,Bundesliga,Bayern München,Ein Frankfurt,2,1,1.42,5.46,6.65,pinnacle,0.7727644696130739,0.1442972541757989,0.08293827621112725,0.6786069391386259,0.1764875189701188,0.14490554189125543,0.09415753047444797,-0.03219026479431991,-0.061967265680128183,HOME,True,True,1.36,3.17,0.7520869530627596,0.05230770361463599,-0.05230770361463599
2024-04-27,Bundesliga,Freiburg,VfL Wolfsburg,1,2,2.37,3.58,3.01,pinnacle,0.4630821841905109,0.2842222730201363,0.2526955427893529,0.4082654835739805,0.2702763117514899,0.32145820467452957,0.05481670061653038,0.01394596126864639,-0.06876266188517666,AWAY,True,True,1.83,2.02,0.4905508257597233,-0.03412449891560132,0.03412449891560132
2024-04-27,Bundesliga,RB Leipzig,Borussia Dortmund,4,1,1.68,4.45,4.61,pinnacle,0.5259476543614283,0.23516466621293433,0.2388876794256375,0.5740682182603757,0.2167268779050407,0.20920490383458373,-0.048120563898947366,0.018437788307893638,0.029682775591053756,HOME,True,True,1.4,2.98,0.6647139542162029,-0.015651342587449935,0.015651342587450157
2024-04-27,Bundesliga,Bayer Leverkusen,Stuttgart,2,2,1.76,4.31,4.25,pinnacle,0.6358537990135691,0.21281091639306235,0.15133528459336865,0.5487057822670753,0.2240654702529124,0.22722874748001232,0.08714801674649375,-0.011254553859850053,-0.07589346288664367,DRAW,True,True,1.55,2.46,0.6377988981456099,0.02433256398102135,-0.024332563981021404
2024-04-28,Bundesliga,Borussia Mönchengladbach,Union Berlin,0,0,2.38,3.45,3.1,pinnacle,0.4652535060307362,0.2642487187927786,0.270497775176485,0.4069015370567646,0.28070308933191296,0.31239537361132247,0.0583519689739716,-0.016454370539134344,-0.04189759843483748,DRAW,False,False,1.93,1.89,0.5760913592476586,0.08132696134189954,-0.08132696134189948
2024-04-28,Bundesliga,Mainz,FC Koln,1,1,1.54,4.37,6.2,pinnacle,0.49084324031473153,0.2828176835694102,0.22633907611585813,0.6246916199004884,0.2201430422532613,0.15516533784625033,-0.13384837958575685,0.06267464131614892,0.0711737382696078,DRAW,True,False,1.73,2.13,0.47546215240544204,-0.0763513190971486,0.0763513190971486
2024-04-28,Bundesliga,Darmstadt,Heidenheim,0,1,3.42,3.71,2.12,pinnacle,0.33183407555816197,0.23476438837599273,0.43340153606584547,0.2828821959588258,0.26077011056042704,0.4563476934807473,0.04895187959933617,-0.02600572218443431,-0.022946157414901802,AWAY,False,False,1.67,2.23,0.7180392741317366,0.14624440233686475,-0.14624440233686464
2024-05-03,Bundesliga,TSG Hoffenheim,RB Leipzig,1,1,5.44,5.24,1.52,pinnacle,0.27385394047384404,0.25438251756669233,0.47176354195946374,0.17802732279522207,0.1848222587797725,0.6371504184250054,0.09582661767862197,0.06956025878691982,-0.16538687646554168,DRAW,True,False,1.26,3.85,0.6161533686684387,-0.13727128886580786,0.13727128886580797
2024-05-04,Bundesliga,Borussia Dortmund,Augsburg,5,1,1.86,4.37,3.7,pinnacle,0.7811383362120009,0.13925414986664003,0.07960751392135924,0.5185829014214606,0.22072407245856215,0.2606930261199774,0.26255543479054033,-0.08146992259192212,-0.18108551219861818,HOME,True,True,1.32,3.33,0.7629627361182058,0.046833703860141296,-0.04683370386014096
2024-05-04,Bundesliga,Stuttgart,Bayern München,3,1,2.13,4.14,3.09,pinnacle,0.21008881827916692,0.2218599048798827,0.5680512768409504,0.45375897845171587,0.23345570630486834,0.31278531524341585,-0.24367016017254894,-0.011595801424985647,0.2552659615975345,HOME,True,True,1.41,2.9,0.6873541343710656,0.014500306064801016,-0.014500306064801294
2024-05-04,Bundesliga,Werder Bremen,Borussia Mönchengladbach,2,2,2.31,3.83,2.94,pinnacle,0.45410913173500733,0.23832731967072504,0.3075635485942675,0.41861191349832155,0.25247872589585446,0.32890936060582404,0.03549721823668578,-0.01415140622512942,-0.021345812011556553,DRAW,True,True,1.56,2.44,0.695880015742199,0.08588001574219906,-0.08588001574219911
2024-05-04,Bundesliga,VfL Wolfsburg,Darmstadt,3,0,1.4,5.13,7.8,pinnacle,0.7476702743946099,0.15774119449032833,0.09458853111506173,0.6885195126987403,0.18790006194507536,0.12358042535618419,0.059150761695869525,-0.030158867454747024,-0.02899189424112246,HOME,False,True,1.55,2.46,0.7304451782172151,0.1169788440526266,-0.11697884405262676
2024-05-04,Bundesliga,FC Koln,Freiburg,0,0,2.37,3.66,2.95,pinnacle,0.34575707993912325,0.3129843072573898,0.341258612803487,0.4080082531260982,0.2642020655488669,0.32778968132503483,-0.06225117318697493,0.04878224170852291,0.013468931478452184,DRAW,False,False,1.75,2.11,0.4179186407132521,-0.12871348363907947,0.1287134836390797
2024-05-05,Bundesliga,Union Berlin,Bochum,3,4,1.97,3.51,4.12,pinnacle,0.6305882142648607,0.2294624392632764,0.1399493464718628,0.4903381560610736,0.27520403630778206,0.23445780763114446,0.14025005820378705,-0.04574159704450567,-0.09450846115928166,AWAY,True,True,2.05,1.78,0.5521814576550955,0.0874294994305524,-0.08742949943055262
2024-05-05,Bundesliga,Ein Frankfurt,Bayer Leverkusen,1,5,3.27,3.68,2.19,pinnacle,0.3625159722466931,0.27059280489738485,0.36689122285592213,0.2957059671755809,0.26276046539786674,0.44153356742655236,0.06681000507111218,0.007832339499518115,-0.07464234457063024,AWAY,True,True,1.71,2.15,0.5791209048178766,0.02212608616502687,-0.02212608616502676
2024-05-05,Bundesliga,Heidenheim,Mainz,1,1,3.03,3.58,2.36,pinnacle,0.484331791777696,0.25425020061490616,0.26141800760739775,0.3194615646387114,0.2703822739819261,0.4101561613793625,0.16487022713898458,-0.01613207336701994,-0.14873815377196475,DRAW,True,False,1.7,2.19,0.6086228389679965,0.04564083382660833,-0.04564083382660844
2024-05-10,Bundesliga,Augsburg,Stuttgart,0,1,3.92,4.45,1.82,pinnacle,0.3464044880192951,0.26993515495089443,0.3836603570298107,0.24784713594104799,0.21832826357054114,0.533824600488411,0.09855735207824709,0.05160689138035329,-0.15016424345860024,AWAY,False,False,1.36,3.16,0.5807524904544421,-0.11836255379334548,0.11836255379334559
2024-05-11,Bundesliga,FC Koln,Union Berlin,3,2,2.79,3.39,2.63,pinnacle,0.3669663684013536,0.3130916563451252,0.3199419752535213,0.34675923225016037,0.2853859168076541,0.3678548509421854,0.02020713615119324,0.027705739537471075,-0.04791287568866409,HOME,True,True,1.98,1.82,0.4159333983451982,-0.06301397007585446,0.06301397007585452
2024-05-11,Bundesliga,Freiburg,Heidenheim,1,1,1.72,4.07,4.78,pinnacle,0.5613506249068327,0.2440073145731087,0.19464206052005845,0.561029628048886,0.23709360202557342,0.20187676992554057,0.0003209968579467315,0.006913712547535283,-0.007234709405482126,DRAW,True,False,1.63,2.31,0.583609953138289,-0.002684463105365853,0.002684463105365742
2024-05-11,Bundesliga,Borussia Mönchengladbach,Ein Frankfurt,1,1,2.53,3.73,2.7,pinnacle,0.41774178549611024,0.2533451051169409,0.32891310938694895,0.38236220950761046,0.25935023862044354,0.35828755187194605,0.03537957598849978,-0.006005133503502624,-0.0293744424849971,DRAW,True,False,1.57,2.43,0.6437023453663286,0.036202345366328714,-0.03620234536632844
2024-05-11,Bundesliga,RB Leipzig,Werder Bremen,1,1,1.29,6.72,8.41,pinnacle,0.7485912295967682,0.16116328310208008,0.09024548730115164,0.7432992822843795,0.14268691579566214,0.11401380191995833,0.0052919473123886895,0.01847636730641794,-0.023768314618806685,DRAW,True,False,1.29,3.63,0.7030016463748228,-0.03480323167395771,0.034803231673957824
2024-05-11,Bundesliga,Mainz,Borussia Dortmund,3,0,2.19,3.97,3.08,pinnacle,0.2692442984254189,0.24760271860419594,0.48315298297038534,0.4419545236038472,0.24379859110640434,0.3142468852897484,-0.17271022517842827,0.003804127497791604,0.1689060976806369,HOME,False,True,1.48,2.65,0.6396017392824445,-0.0020447498216716875,0.002044749821672076
2024-05-12,Bundesliga,Darmstadt,TSG Hoffenheim,0,6,4.67,4.73,1.64,pinnacle,0.2966181505604652,0.23291658708907298,0.47046526235046177,0.2068305377135376,0.20420689452901067,0.5889625677574516,0.0897876128469276,0.02870969256006231,-0.11849730540698983,AWAY,False,True,1.35,3.2,0.7120826734484724,0.008785970151769185,-0.008785970151769129
2024-05-12,Bundesliga,Bayern München,VfL Wolfsburg,2,0,1.34,6.36,7.4,pinnacle,0.7976090068861037,0.13271161938455103,0.06967937372934525,0.7185080241334669,0.15138376609101348,0.13010820977551968,0.07910098275263677,-0.018672146706462445,-0.060428836046174425,HOME,False,False,1.35,3.22,0.7568142013499226,0.05221901535429896,-0.052219015354299014
2024-05-12,Bundesliga,Bochum,Bayer Leverkusen,0,5,4.42,4.35,1.72,pinnacle,0.1715862845850751,0.22583802176464698,0.6025756936502779,0.21806163549141103,0.22157067330391653,0.5603676912046726,-0.04647535090633592,0.004267348460730458,0.0422080024456053,AWAY,False,True,1.48,2.66,0.6209570380875346,-0.021555039207151516,0.02155503920715135
2024-05-18,Bundesliga,Borussia Dortmund,Darmstadt,4,0,1.15,9.67,14.01,pinnacle,0.8911793391462335,0.07354042990002074,0.0352802309537457,0.8326334117352053,0.09902051949281138,0.0683460687719833,0.058545927411028154,-0.025480089592790633,-0.0330658378182376,HOME,False,True,1.21,4.43,0.8781050775312094,0.09264408462340801,-0.09264408462340798
2024-05-18,Bundesliga,Ein Frankfurt,RB Leipzig,2,2,2.78,3.75,2.43,pinnacle,0.3433537686626883,0.27605666428679704,0.3805895670505145,0.34657645219812194,0.2569286765628744,0.3964948712390036,-0.003222683535433646,0.019127987723922657,-0.015905304188489122,DRAW,True,True,1.47,2.7,0.5561426644679273,-0.09133934992056192,0.09133934992056175
2024-05-18,Bundesliga,Heidenheim,FC Koln,4,1,2.35,4.0,2.74,pinnacle,0.5096171866153346,0.25960783310583563,0.23077498027882962,0.4089704839732826,0.24027015933430354,0.3507593566924139,0.100646702642052,0.019337673771532088,-0.11998437641358431,HOME,True,True,1.51,2.59,0.563749205821207,-0.06795811125196383,0.06795811125196355
2024-05-18,Bundesliga,TSG Hoffenheim,Bayern München,4,2,3.07,4.34,2.07,pinnacle,0.16751691736107516,0.1931287917251171,0.6393542909138077,0.3134339293501962,0.2217147841255996,0.46485128652420404,-0.14591701198912105,-0.028585992400482513,0.17450300438960364,HOME,True,True,1.23,4.09,0.7421012763138711,-0.026695716167331907,0.02669571616733185
2024-05-18,Bundesliga,Bayer Leverkusen,Augsburg,2,1,1.3,6.65,7.63,pinnacle,0.7614378542649338,0.15690544789002328,0.08165669784504301,0.7321347406696632,0.14312408464218979,0.12474117468814708,0.029303113595270602,0.013781363247833495,-0.04308447684310407,HOME,True,True,1.24,4.01,0.6934762476218338,-0.07033327618768992,0.07033327618769014
2024-05-18,Bundesliga,Stuttgart,Borussia Mönchengladbach,4,0,1.28,6.62,8.47,pinnacle,0.5509054092842599,0.22888567069321455,0.2202089200225254,0.7437847044434953,0.14381335675040394,0.11240193880610082,-0.1928792951592354,0.08507231394281062,0.10780698121642458,HOME,False,True,1.23,4.19,0.6711249405821257,-0.10193779004518055,0.10193779004518039
2024-05-18,Bundesliga,Union Berlin,Freiburg,2,1,2.15,3.39,3.57,pinnacle,0.4252704716811475,0.30496816921564485,0.26976135910320764,0.4471353675973443,0.28358142782722423,0.2692832045754314,-0.02186489591619678,0.021386741388420616,0.00047815452777622003,HOME,True,True,1.92,1.92,0.428245848086574,-0.07175415191342599,0.07175415191342605
2024-05-18,Bundesliga,Werder Bremen,Bochum,4,1,2.37,3.61,2.94,pinnacle,0.6060257433382334,0.21857647013546713,0.17539778652629937,0.406069579789493,0.26658861609448714,0.3273418041160199,0.19995616354874046,-0.04801214595902001,-0.1519440175897205,HOME,True,True,1.54,2.48,0.6549434543873284,0.038028031501756265,-0.03802803150175621
2024-05-18,Bundesliga,VfL Wolfsburg,Mainz,1,3,3.28,3.54,2.21,pinnacle,0.5481230006555814,0.25387688471126135,0.1980001146331572,0.29319352106553137,0.27165953364263923,0.43514694529182935,0.25492947959005,-0.017782648931377876,-0.23714683065867215,AWAY,True,True,1.75,2.11,0.5507061307251055,0.004074006372773997,-0.004074006372773942
2024-08-23,Bundesliga,Borussia Mönchengladbach,Bayer Leverkusen,2,3,5.33,4.58,1.6,pinnacle,0.29863641086289155,0.24617926062429205,0.45518432851281626,0.18198344069892766,0.21178422247276954,0.6062323368283028,0.11665297016396389,0.034395038151522506,-0.15104800831548654,AWAY,True,True,1.47,2.68,0.6612644229368856,0.015481290406765047,-0.015481290406765214
2024-08-24,Bundesliga,Augsburg,Werder Bremen,2,2,2.32,3.55,3.11,pinnacle,0.4492274462851939,0.25475269009158497,0.2960198636232212,0.4167531717481324,0.2723570023818781,0.3108898258699895,0.032474274537061476,-0.017604312290293134,-0.014869962246768287,DRAW,True,True,1.72,2.15,0.6264437782542251,0.07088822269866957,-0.07088822269866929
2024-08-24,Bundesliga,Freiburg,Stuttgart,3,1,3.5,3.7,2.09,pinnacle,0.45964621679629847,0.2798050847335145,0.26054869847018697,0.2761982998785627,0.26126866204728905,0.4625330380741482,0.18344791691773576,0.018536422686225462,-0.20198433960396123,HOME,True,True,1.7,2.18,0.511621513003304,-0.050234157099788734,0.05023415709978879
2024-08-24,Bundesliga,Mainz,Union Berlin,1,1,2.08,3.24,4.1,pinnacle,0.40762014721944656,0.2968497211298737,0.29553013165067993,0.4652694107428059,0.29869147356328285,0.23603911569391134,-0.05764926352335936,-0.0018417524334091717,0.05949101595676859,DRAW,True,False,2.23,1.68,0.46687024551462614,0.03720272633304045,-0.03720272633304034
2024-08-24,Bundesliga,RB Leipzig,Bochum,1,0,1.25,6.71,10.65,pinnacle,0.8186573131149109,0.12751029345119266,0.05383239343389648,0.7670711613703085,0.14289701217777728,0.09003182645191414,0.05158615174460235,-0.01538671872658462,-0.03619943301801766,HOME,False,False,1.36,3.14,0.7135508579732847,0.01577308019550694,-0.015773080195506772
2024-08-24,Bundesliga,Borussia Dortmund,Ein Frankfurt,2,0,1.71,4.4,4.48,pinnacle,0.6218771994983168,0.20683908323996117,0.171283717261722,0.5648655464111323,0.21952729190069006,0.21560716168817773,0.05701165308718448,-0.012688208660728895,-0.04432344442645572,HOME,False,False,1.47,2.68,0.6945339334077757,0.048750800877655154,-0.04875080087765521
2024-08-25,Bundesliga,VfL Wolfsburg,Bayern München,2,3,6.33,5.0,1.47,pinnacle,0.2035612746622025,0.22505936928373213,0.5713793560540655,0.15215784668699578,0.19263183390573665,0.6552103194072675,0.05140342797520672,0.032427535377995476,-0.08383096335320195,AWAY,True,True,1.44,2.76,0.6674235787006809,0.01028072155782378,-0.010280721557823613
2024-08-31,Bundesliga,Bochum,Borussia Mönchengladbach,0,2,2.66,3.73,2.57,pinnacle,0.33399548675179813,0.252828557380771,0.413175955867431,0.3638803375328821,0.2594964337365862,0.3766232287305317,-0.029884850781083994,-0.006667876355815228,0.03655272713689928,AWAY,False,False,1.6,2.38,0.6469955069938412,0.049005557245097586,-0.04900555724509742
2024-08-31,Bundesliga,Ein Frankfurt,TSG Hoffenheim,3,1,1.8,4.2,4.12,pinnacle,0.5772493295556372,0.2280674559684019,0.1946832144759609,0.5360594795539033,0.2297397769516728,0.23420074349442374,0.04118985000173392,-0.001672320983270914,-0.03951752901846284,HOME,True,True,1.46,2.71,0.6448123266432523,-0.005067769280009071,0.005067769280009071
2024-08-31,Bundesliga,Stuttgart,Mainz,3,3,1.66,4.23,5.09,pinnacle,0.5630114426061513,0.2450958230387218,0.19189273435512708,0.5818809304387071,0.22835043605868885,0.18976863350260392,-0.01886948783255582,0.016745386980032945,0.002124100852523153,DRAW,True,True,1.62,2.32,0.5759932191382361,-0.012839268171408569,0.012839268171408624
2024-08-31,Bundesliga,Werder Bremen,Borussia Dortmund,0,0,4.05,4.14,1.83,pinnacle,0.26265787234388116,0.22639158164281176,0.5109505460133069,0.23858515432361194,0.2333985205339682,0.5280163251424197,0.024072718020269224,-0.0070069388911564445,-0.01706577912911278,DRAW,False,False,1.44,2.77,0.7172823461758363,0.059325101520254386,-0.05932510152025433
2024-08-31,Bundesliga,Bayer Leverkusen,RB Leipzig,2,3,1.8,4.22,4.1,pinnacle,0.4636210054831893,0.26399636507693014,0.2723826294398807,0.5360307330070017,0.22863870128260735,0.235330565710391,-0.07240972752381236,0.035357663794322786,0.03705206372948969,AWAY,True,True,1.48,2.65,0.5781880379828065,-0.06345845112130966,0.06345845112130966
2024-09-01,Bundesliga,Heidenheim,Augsburg,4,0,2.42,3.47,3.02,pinnacle,0.5461631251036716,0.23373830545269952,0.220098569443629,0.400203168201885,0.27910422681514746,0.3206926049829675,0.1459599569017866,-0.045365921362447936,-0.10059403553933849,HOME,False,True,1.77,2.09,0.6522514149464355,0.11080063774436288,-0.11080063774436277
2024-09-01,Bundesliga,Bayern München,Freiburg,2,0,1.21,7.89,11.45,pinnacle,0.7772743081356706,0.14864505796015923,0.07408063390417027,0.7942587560081201,0.12180647588971172,0.08393476810216816,-0.01698444787244957,0.02683858207044751,-0.009854134197997882,HOME,False,False,1.24,3.96,0.7026693739994548,-0.05886908753900677,0.0588690875390068
2024-09-13,Bundesliga,Borussia Dortmund,Heidenheim,4,2,1.39,5.35,7.83,pinnacle,0.7568186727601163,0.14535808324489718,0.09782324399498653,0.6957318217526121,0.18076023032451044,0.12350794792287749,0.06108685100750422,-0.035402147079613255,-0.02568470392789096,HOME,True,True,1.5,2.62,0.7908578513310791,0.15493552123399168,-0.1549355212339918
2024-09-14,Bundesliga,Freiburg,Bochum,2,1,1.69,4.08,4.9,pinnacle,0.6550220189426796,0.21861701880473017,0.12636096225259025,0.5684681047082308,0.23546840611688968,0.19606348917487956,0.0865539142344488,-0.016851387312159516,-0.06970252692228932,HOME,True,True,1.66,2.27,0.5652316723844614,-0.012376470109177307,0.012376470109177418
2024-09-14,Bundesliga,TSG Hoffenheim,Bayer Leverkusen,1,4,5.95,4.96,1.49,pinnacle,0.2905991394884957,0.25140916558097137,0.4579916949305328,0.16147561937515156,0.19370563211333708,0.6448187485115113,0.12912352011334413,0.057703533467634294,-0.1868270535809785,AWAY,True,True,1.31,3.41,0.636947368767312,-0.08551025835133208,0.08551025835133208
2024-09-14,Bundesliga,Borussia Mönchengladbach,Stuttgart,1,3,2.84,3.96,2.31,pinnacle,0.4474830981026743,0.2482534015970313,0.30426350030029425,0.33937316356513225,0.24338883447600393,0.41723800195886385,0.10810993453754203,0.004864567121027369,-0.11297450165856959,AWAY,True,True,1.44,2.78,0.6555620613985265,-0.0032057111133219074,0.0032057111133215743
2024-09-14,Bundesliga,RB Leipzig,Union Berlin,0,0,1.48,4.69,6.64,pinnacle,0.6493644388492253,0.2231732045514695,0.1274623565993051,0.6500020872469212,0.20511792945105403,0.14487998330202462,-0.0006376483976958669,0.018055275100415463,-0.017417626702719513,DRAW,False,False,1.68,2.22,0.5503248423290453,-0.01890592690172388,0.018905926901723935
2024-09-14,Bundesliga,VfL Wolfsburg,Ein Frankfurt,1,2,2.72,3.45,2.63,pinnacle,0.44183781576488285,0.2717759440414423,0.28638624019367476,0.35427998016485035,0.2793163901589545,0.36640362967619505,0.0875578356000325,-0.007540446117512201,-0.0800173894825203,AWAY,True,True,1.73,2.09,0.5559706383194442,0.008850219471276732,-0.008850219471276621
2024-09-15,Bundesliga,Mainz,Werder Bremen,1,2,2.04,3.66,3.61,pinnacle,0.49553225233583365,0.2543398987436095,0.2501278489205569,0.4711482915766277,0.26260724448533346,0.2662444639380389,0.024383960759205958,-0.008267345741723942,-0.016116615017482017,AWAY,True,True,1.75,2.09,0.6000237493119296,0.05575291597859633,-0.055752915978596274
2024-09-20,Bundesliga,Augsburg,Mainz,2,3,2.42,3.6,2.97,pinnacle,0.42469089780822245,0.2757792909899486,0.29952981120182887,0.40208488458674607,0.27029039463886817,0.32762472077438565,0.022606013221476373,0.005488896351080408,-0.02809490957255678,AWAY,True,True,1.68,2.22,0.5463778152195029,-0.022852954011266302,0.022852954011266247
2024-09-21,Bundesliga,Heidenheim,Freiburg,0,3,2.75,3.4,2.66,pinnacle,0.3960557064882132,0.27544388984953655,0.32850040366225036,0.35178342214788594,0.2845307090902019,0.3636858687619121,0.04427228434032726,-0.009086819240665345,-0.03518546509966175,AWAY,False,True,1.72,2.15,0.556190423033971,0.0006348674784154573,-0.0006348674784152908
2024-09-21,Bundesliga,Union Berlin,TSG Hoffenheim,2,1,2.04,3.72,3.65,pinnacle,0.49780872691371303,0.2632867767001551,0.2389044963861318,0.47454286193591677,0.26023318235195436,0.2652239557121288,0.023265864977796258,0.003053594348200739,-0.026319459325997024,HOME,True,True,1.74,2.13,0.5570223111402676,0.006634714241042783,-0.006634714241042727
2024-09-21,Bundesliga,Werder Bremen,Bayern München,0,5,7.92,5.6,1.36,pinnacle,0.13958335203758634,0.1779070422043611,0.6825096057580525,0.12139141079261452,0.1716821381209834,0.7069264510864022,0.018191941244971824,0.006224904083377697,-0.024416845328349646,AWAY,False,True,1.36,3.11,0.7538011371054844,0.05805169638960073,-0.05805169638960073
2024-09-21,Bundesliga,Ein Frankfurt,Borussia Mönchengladbach,2,0,1.79,4.14,4.26,pinnacle,0.5766966346965532,0.22369444802641142,0.19960891727703547,0.5397950563778602,0.23338964997979947,0.2268152936423403,0.03690157831869301,-0.00969520195338805,-0.02720637636530482,HOME,False,False,1.49,2.6,0.6679312808202604,0.03223445930436786,-0.032234459304368024
2024-09-22,Bundesliga,Bayer Leverkusen,VfL Wolfsburg,4,3,1.31,5.91,9.23,pinnacle,0.6373390097860622,0.21572445797938009,0.14693653223455758,0.7333600420527892,0.16255527158868932,0.10408468635852156,-0.09602103226672698,0.053169186390690765,0.04285184587603602,HOME,True,True,1.46,2.69,0.618273371679805,-0.029919399404532365,0.02991939940453231
2024-09-22,Bundesliga,Stuttgart,Borussia Dortmund,5,1,2.32,3.8,2.94,pinnacle,0.35401006736599533,0.2483565390498702,0.3976333935841345,0.4167288353078094,0.2544239205037152,0.32884724418847544,-0.06271876794181408,-0.006067381453845,0.06878614939565908,HOME,True,True,1.43,2.79,0.6684346398361193,0.007297199077825445,-0.007297199077825389
2024-09-27,Bundesliga,Borussia Dortmund,Bochum,4,2,1.24,7.21,11.22,pinnacle,0.8330846302443148,0.11193578520445768,0.0549795845512275,0.7797269189026635,0.13410005262681035,0.08617302847052609,0.05335771134165124,-0.022164267422352668,-0.03119344391929859,HOME,True,True,1.29,3.57,0.7915595970159356,0.05699169578136776,-0.05699169578136776
2024-09-28,Bundesliga,Mainz,Heidenheim,0,2,1.86,3.82,4.21,pinnacle,0.4907113346918002,0.25303468105134397,0.2562539842568557,0.5184795924946805,0.25245341414662453,0.22906699335869496,-0.027768257802880225,0.0005812669047194352,0.027186990898160734,AWAY,False,False,1.74,2.13,0.6096424281611272,0.05925483126190245,-0.059254831261902396
2024-09-28,Bundesliga,Borussia Mönchengladbach,Union Berlin,1,0,2.13,3.54,3.54,pinnacle,0.4652535060307362,0.2642487187927786,0.270497775176485,0.45384615384615384,0.2730769230769231,0.2730769230769231,0.011407352184582331,-0.008828204284144492,-0.002579147900438117,HOME,False,False,1.8,2.05,0.5760913592476586,0.04362382678012611,-0.043623826780126274
2024-09-28,Bundesliga,RB Leipzig,Augsburg,4,0,1.4,5.4,7.14,pinnacle,0.768050622400008,0.1556701456506599,0.07627923194933234,0.687125748502994,0.1781437125748503,0.1347305389221557,0.08092487389701397,-0.02247356692419039,-0.05845130697282336,HOME,False,True,1.43,2.8,0.679986814905792,0.01804828062683228,-0.018048280626831947
2024-09-28,Bundesliga,VfL Wolfsburg,Stuttgart,2,2,3.35,3.89,2.09,pinnacle,0.4704164644477007,0.2650044054567527,0.26457913009554657,0.28867915818926176,0.24860544471311746,0.46271539709762066,0.18173730625843892,0.016398960743635227,-0.1981362670020741,DRAW,True,True,1.5,2.58,0.5695062806119998,-0.06284666056447086,0.06284666056447069
2024-09-28,Bundesliga,Bayern München,Bayer Leverkusen,1,1,1.74,4.34,4.36,pinnacle,0.6640797897501242,0.18995925088153304,0.14596095936834286,0.5555542506840788,0.2227337318410823,0.2217120174748388,0.10852553906604534,-0.03277448095954927,-0.07575105810649593,DRAW,True,False,1.31,3.42,0.7181996625769295,-0.004844734886072732,0.004844734886072621
2024-09-29,Bundesliga,TSG Hoffenheim,Werder Bremen,3,4,2.4,3.78,2.84,pinnacle,0.548068612595746,0.22654497044810426,0.2253864169561498,0.4032272604345082,0.2560173082123862,0.34075543135310554,0.14484135216123784,-0.02947233776428196,-0.11536901439695574,AWAY,True,True,1.45,2.74,0.6854101292697021,0.031472181775668684,-0.03147218177566863
2024-10-04,Bundesliga,Augsburg,Borussia Mönchengladbach,2,1,2.46,3.78,2.81,pinnacle,0.40273329686778586,0.25275607963830204,0.3445106234939119,0.3958454451947587,0.2576137024283351,0.34654085237690624,0.006887851673027134,-0.004857622790033045,-0.0020302288829943116,HOME,True,True,1.5,2.59,0.6493638496450979,0.016112015904266586,-0.016112015904266586
2024-10-05,Bundesliga,Bochum,VfL Wolfsburg,1,3,3.07,3.78,2.25,pinnacle,0.29083224811682706,0.27151439038515157,0.4376533614980215,0.314800626270029,0.25567140810819816,0.42952796562177287,-0.023968378153201964,0.01584298227695341,0.008125395876248609,AWAY,True,True,1.61,2.35,0.5590426668154002,-0.03439167661894327,0.03439167661894338
2024-10-05,Bundesliga,Union Berlin,Borussia Dortmund,2,1,3.43,3.52,2.18,pinnacle,0.3149268434396409,0.2666639477363691,0.41840920882399,0.28186272709240906,0.27465600963834186,0.4434812632692492,0.03306411634723183,-0.007992061901972769,-0.025072054445259173,HOME,True,True,1.77,2.07,0.587027048604475,0.047964548604474966,-0.047964548604474855
2024-10-05,Bundesliga,Werder Bremen,Freiburg,0,1,2.67,3.61,2.62,pinnacle,0.3876975791450293,0.2785564718351461,0.33374594901982463,0.3624900832812746,0.26810208375651057,0.36940783296221485,0.025207495863754703,0.010454388078635524,-0.03566188394239023,AWAY,False,False,1.67,2.24,0.5450239974804325,-0.02786602809501515,0.027866028095015205
2024-10-06,Bundesliga,Heidenheim,RB Leipzig,0,1,4.77,4.18,1.7,pinnacle,0.24470521123790068,0.24506730791354342,0.5102274808485558,0.20214145919621324,0.23067338764735337,0.5671851531564336,0.04256375204168744,0.014393920266190047,-0.05695767230787774,AWAY,False,False,1.57,2.42,0.6313905523677498,0.02487426164093276,-0.024874261640932815
2024-10-06,Bundesliga,Ein Frankfurt,Bayern München,3,3,5.72,4.85,1.52,pinnacle,0.2315809250922656,0.23159181173500049,0.536827263172734,0.16827822974589352,0.1984642214735074,0.6332575487805993,0.06330269534637209,0.03312759026149309,-0.09643028560786526,DRAW,True,True,1.35,3.13,0.6718866845532872,-0.02677402973242715,0.026774029732426985
2024-10-06,Bundesliga,Stuttgart,TSG Hoffenheim,1,1,1.3,6.4,8.25,pinnacle,0.5519998044101806,0.2333835787735998,0.21461661681621966,0.7349154429674996,0.14927969935277335,0.11580485767972722,-0.18291563855731896,0.08410387942082645,0.09881175913649244,DRAW,True,False,1.23,4.05,0.6478039655391349,-0.1192414890063197,0.11924148900631953
2024-10-19,Bundesliga,Freiburg,Augsburg,3,1,1.74,3.87,4.93,pinnacle,0.5924557056551977,0.24344858995340923,0.16409570439139307,0.5547685302302049,0.24943081204148748,0.19580065772830765,0.03768717542499278,-0.005982222088078248,-0.03170495333691459,HOME,True,True,1.7,2.18,0.5424181987072668,-0.019437471395825967,0.0194374713958258
2024-10-19,Bundesliga,TSG Hoffenheim,Bochum,3,1,1.7,4.47,4.45,pinnacle,0.648652843654815,0.20318251666873988,0.1481646396764452,0.5674287914877837,0.21580065895508552,0.21677054955713082,0.08122405216703132,-0.01261814228634564,-0.06860590988068563,HOME,True,True,1.4,2.96,0.6699219843778,-0.008977098191007338,0.008977098191007282
2024-10-19,Bundesliga,Bayer Leverkusen,Ein Frankfurt,2,1,1.45,5.18,6.35,pinnacle,0.606433309922725,0.22510515479175627,0.1684615352855186,0.6630116001330337,0.18559205023028935,0.15139634963667697,-0.05657829021030869,0.03951310456146692,0.01706518564884163,HOME,True,True,1.38,3.06,0.618922170175246,-0.07026701901394328,0.07026701901394311
2024-10-19,Bundesliga,Mainz,RB Leipzig,0,2,4.27,3.71,1.88,pinnacle,0.2446873163099445,0.268832461113449,0.4864802225766066,0.22613076731044188,0.26026371331956516,0.5136055193699929,0.018556548999502626,0.008568747793883835,-0.027125296793386267,AWAY,False,False,1.66,2.26,0.5409691310988434,-0.03556148114605451,0.03556148114605473
2024-10-19,Bundesliga,Borussia Mönchengladbach,Heidenheim,3,2,1.83,3.77,4.44,pinnacle,0.5572301669173295,0.2175571372766485,0.22521269580602174,0.5269888644370354,0.2558062657612135,0.21720486980175108,0.030241302480294108,-0.03824912848456502,0.008007826004270663,HOME,True,True,1.64,2.29,0.719808617758991,0.13711141674117933,-0.13711141674117933
2024-10-19,Bundesliga,Bayern München,Stuttgart,4,0,1.36,5.88,7.55,pinnacle,0.797959950419104,0.13059235365663757,0.0714476959242585,0.708503833459945,0.16387163494991927,0.12762453159013581,0.0894561169591589,-0.0332792812932817,-0.05617683566587732,HOME,False,True,1.31,3.42,0.7726439899265036,0.04959959246350143,-0.04959959246350143
2024-10-20,Bundesliga,VfL Wolfsburg,Werder Bremen,2,4,2.09,3.66,3.55,pinnacle,0.5799078653662852,0.2297803632877248,0.19031177134598987,0.46301212676262127,0.2643976352278356,0.2725902380095432,0.11689573860366398,-0.0346172719401108,-0.08227846666355332,AWAY,True,True,1.7,2.18,0.6324935720519461,0.07063790194885333,-0.07063790194885339
2024-10-25,Bundesliga,Mainz,Borussia Mönchengladbach,1,1,2.39,3.79,2.89,pinnacle,0.4504670045137853,0.2561680475097918,0.2933649479764229,0.40690162454538364,0.25659495584788045,0.33650341960673597,0.04356537996840165,-0.0004269083380886718,-0.04313847163031309,DRAW,True,False,1.56,2.43,0.619673745825114,0.010651189434136565,-0.01065118943413651
2024-10-26,Bundesliga,Augsburg,Borussia Dortmund,2,1,3.83,3.92,1.93,pinnacle,0.22633274256962402,0.22765476157033562,0.5460124958600404,0.25242984074658587,0.2466342576682204,0.5009359015851939,-0.026097098176961847,-0.018979496097884768,0.04507659427484656,HOME,True,True,1.52,2.55,0.6820578498478256,0.055522223312199026,-0.05552222331219919
2024-10-26,Bundesliga,RB Leipzig,Freiburg,3,1,1.75,4.11,4.55,pinnacle,0.6267751401825401,0.23242495730085033,0.14079990251660954,0.5523622454254109,0.23519073710327715,0.2124470174713119,0.0744128947571292,-0.0027657798024268154,-0.07164711495470236,HOME,True,True,1.67,2.24,0.5427435241113265,-0.030146501464121123,0.030146501464120956
2024-10-26,Bundesliga,Werder Bremen,Bayer Leverkusen,2,2,5.84,4.9,1.51,pinnacle,0.2538317112924068,0.24426686005173717,0.501901428655856,0.1650332118465251,0.19669264432320543,0.6382741438302694,0.08879849944588167,0.04757421572853174,-0.1363727151744134,DRAW,True,True,1.4,2.92,0.6417242220194715,-0.034201703906454384,0.03420170390645433
2024-10-27,Bundesliga,Bochum,Bayern München,0,5,14.33,9.86,1.15,pinnacle,0.08481211690586392,0.14543981524684146,0.7697480678472947,0.06705011994987944,0.09744708102249215,0.8355027990276284,0.017761996955984474,0.04799273422434931,-0.0657547311803337,AWAY,False,True,1.23,4.08,0.7531414302001437,-0.0152201517207603,0.015220151720760272
2024-10-27,Bundesliga,Union Berlin,Ein Frankfurt,1,1,2.63,3.32,2.84,pinnacle,0.4077125234341838,0.2902318131395324,0.30205566342628376,0.3678871305053532,0.29142866061116834,0.3406842088834785,0.03982539292883058,-0.0011968474716359534,-0.03862854545719474,DRAW,True,False,1.9,1.9,0.4930401782913675,-0.006959821708632519,0.006959821708632297
2024-10-27,Bundesliga,Heidenheim,TSG Hoffenheim,0,0,2.32,3.68,3.03,pinnacle,0.46690641836520985,0.23989047891962634,0.2932031027151638,0.41734287510854273,0.26310746474234215,0.3195496601491152,0.04956354325666712,-0.023216985822715808,-0.026346557433951368,DRAW,False,False,1.53,2.52,0.6832993375571396,0.06107711533491733,-0.06107711533491739
2024-11-01,Bundesliga,Bayer Leverkusen,Stuttgart,0,0,1.57,4.87,5.29,pinnacle,0.6358537990135691,0.21281091639306235,0.15133528459336865,0.6176010164575018,0.19910340776966687,0.18329557577283134,0.018252782556067326,0.013707508623395481,-0.031960291179462696,DRAW,False,False,1.36,3.15,0.6377988981456099,-0.060648995424234964,0.0606489954242348
2024-11-02,Bundesliga,Bayern München,Union Berlin,3,0,1.17,8.24,15.58,pinnacle,0.7964376972497156,0.13845115958973528,0.06511114316054903,0.8216342418428069,0.11666408531020438,0.0617016728469887,-0.025196544593091286,0.021787074279530902,0.0034094703135603283,HOME,False,True,1.42,2.84,0.7132259412594687,0.04655927459280207,-0.046559274592802014
2024-11-02,Bundesliga,Ein Frankfurt,Bochum,7,2,1.34,6.0,7.96,pinnacle,0.70926829937151,0.1845856030071197,0.10614609762137023,0.7185585498838511,0.16047807614072676,0.12096337397542219,-0.009290250512341114,0.024107526866392948,-0.014817276354051959,HOME,True,True,1.38,3.05,0.6509828646581209,-0.03750471999199201,0.037504719991991786
2024-11-02,Bundesliga,VfL Wolfsburg,Augsburg,1,1,2.01,3.86,3.59,pinnacle,0.6083790557645676,0.22795063153195974,0.1636703127034727,0.480627360666484,0.25027486915534525,0.26909777017817066,0.12775169509808365,-0.022324237623385507,-0.10542745747469795,DRAW,True,False,1.64,2.31,0.600255607626487,0.01544548104420862,-0.015445481044208453
2024-11-02,Bundesliga,Borussia Dortmund,RB Leipzig,2,1,2.25,3.69,3.15,pinnacle,0.47157885276388684,0.2453844506142811,0.28303669662183184,0.4302848575712143,0.26236881559220393,0.30734632683658164,0.04129399519267252,-0.016984364977922828,-0.0243096302147498,HOME,True,True,1.47,2.68,0.6565145810708634,0.010731448540742816,-0.010731448540743094
2024-11-03,Bundesliga,Freiburg,Mainz,0,0,1.7,3.9,5.21,pinnacle,0.5338703744567042,0.2693162157355115,0.19681340980778433,0.5674747249064402,0.2473607775233201,0.18516449757023962,-0.03360435044973609,0.021955438212191397,0.011648912237544717,DRAW,False,False,1.72,2.14,0.4933205208844607,-0.06108362419325958,0.06108362419325941
2024-11-03,Bundesliga,Borussia Mönchengladbach,Werder Bremen,4,1,2.14,3.89,3.22,pinnacle,0.5622550159822758,0.2182964244996918,0.21944855951803252,0.4515233659683071,0.24839588770492987,0.3000807463267631,0.11073165001396867,-0.03009946320523807,-0.0806321868087306,HOME,True,True,1.48,2.65,0.7111750607634676,0.06952857165935145,-0.06952857165935133
2024-11-08,Bundesliga,Union Berlin,Freiburg,0,0,2.55,3.19,3.11,pinnacle,0.4252704716811475,0.30496816921564485,0.26976135910320764,0.38178011921849925,0.30518473479848685,0.31303514598301385,0.04349035246264826,-0.00021656558284199878,-0.04327378687980621,DRAW,False,False,2.41,1.59,0.428245848086574,0.03074584808657399,-0.03074584808657399
2024-11-09,Bundesliga,Bochum,Bayer Leverkusen,1,1,10.94,6.8,1.24,pinnacle,0.1715862845850751,0.22583802176464698,0.6025756936502779,0.08747831716284744,0.140737174964934,0.7717845078722186,0.08410796742222766,0.085100846799713,-0.16920881422194078,DRAW,True,False,1.29,3.54,0.6209570380875346,-0.11196221657085059,0.11196221657085043
2024-11-09,Bundesliga,Mainz,Borussia Dortmund,3,1,3.48,3.74,2.08,pinnacle,0.2692442984254189,0.24760271860419594,0.48315298297038534,0.2775034959047972,0.25821180902371504,0.4642846950714876,-0.00825919747937831,-0.010609090419519102,0.018868287898897718,HOME,True,True,1.59,2.4,0.6396017392824445,0.03809797988394825,-0.038097979883947974
2024-11-09,Bundesliga,RB Leipzig,Borussia Mönchengladbach,0,0,1.6,4.67,5.11,pinnacle,0.7134699270297107,0.17459453165886768,0.11193554131142171,0.6039654077146769,0.20692604975235182,0.1891085425329712,0.1095045193150338,-0.03233151809348414,-0.0771730012215495,DRAW,False,False,1.41,2.92,0.7069922942455851,0.03262739817168203,-0.032627398171681865
2024-11-10,Bundesliga,Augsburg,TSG Hoffenheim,0,0,2.11,3.85,3.33,pinnacle,0.40631419876120195,0.25854272841923354,0.3351430728195647,0.4583611902625285,0.2512057432347883,0.2904330665026832,-0.05204699150132652,0.007336985184445255,0.04471000631688149,DRAW,False,False,1.55,2.45,0.6244284424431157,0.011928442443115639,-0.011928442443115528
2024-11-10,Bundesliga,Stuttgart,Ein Frankfurt,2,3,1.93,4.05,3.72,pinnacle,0.4550080250112416,0.2647086364791225,0.28028333850963605,0.5011625934315966,0.23882563094394604,0.2600117756244574,-0.046154568420355035,0.025883005535176473,0.020271562885178673,AWAY,True,True,1.45,2.72,0.5799275108048617,-0.07235066665317191,0.07235066665317202
2024-11-10,Bundesliga,Heidenheim,VfL Wolfsburg,1,3,2.91,3.27,2.61,pinnacle,0.4065675356605949,0.260860506307818,0.3325719580315871,0.3327952272328479,0.2961572205650114,0.3710475522021408,0.07377230842774701,-0.03529671425719344,-0.038475594170553684,AWAY,True,True,1.92,1.91,0.6146365612598021,0.11594204428852278,-0.11594204428852273
2024-11-22,Bundesliga,Bayern München,Augsburg,3,0,1.12,11.15,21.63,pinnacle,0.8907161189205698,0.07782221988779033,0.031461661191639845,0.8678835113846184,0.08717753656957603,0.04493895204580549,0.0228326075359514,-0.0093553166817857,-0.013477290854165644,HOME,False,True,1.28,3.67,0.8350519517642742,0.09363781035013274,-0.09363781035013277
2024-11-23,Bundesliga,Borussia Dortmund,Freiburg,4,0,1.69,4.18,4.86,pinnacle,0.6348377777798999,0.213402049874157,0.15176017234594308,0.570762297569144,0.2307627471033142,0.1984749553275418,0.06407548021075593,-0.0173606972291572,-0.04671478298159873,HOME,False,True,1.59,2.4,0.6362509122231836,0.03474715282468743,-0.034747152824687544
2024-11-23,Bundesliga,TSG Hoffenheim,RB Leipzig,4,3,3.49,3.7,2.09,pinnacle,0.27385394047384404,0.25438251756669233,0.47176354195946374,0.2767706629539622,0.2610620577592778,0.46216727928675994,-0.00291672248011815,-0.006679540192585487,0.009596262672703804,HOME,True,True,1.55,2.45,0.6161533686684387,0.0036533686684386835,-0.003653368668438628
2024-11-23,Bundesliga,Bayer Leverkusen,Heidenheim,5,2,1.19,8.07,13.4,pinnacle,0.7381531840472529,0.16250565298232586,0.09934116297042118,0.8088876056289566,0.11927834581145702,0.07183404855958643,-0.07073442158170362,0.04322730717086884,0.027507114410834754,HOME,True,True,1.41,2.92,0.72393288864513,0.049567992571226904,-0.04956799257122707
2024-11-23,Bundesliga,Stuttgart,Bochum,2,0,1.33,6.24,7.44,pinnacle,0.6881826607862315,0.19294629415087414,0.11887104506289438,0.7184401114206128,0.15312906220984215,0.12843082636954503,-0.030257450634381344,0.03981723194103198,-0.009559781306650653,HOME,False,False,1.34,3.27,0.6491451692497038,-0.0601823795572376,0.0601823795572376
2024-11-23,Bundesliga,VfL Wolfsburg,Union Berlin,1,0,2.37,3.28,3.27,pinnacle,0.4837475874081452,0.28038781132265445,0.23586460126920022,0.4086082951415476,0.29524440837971583,0.2961472964787364,0.0751392922665976,-0.014856597057061383,-0.06028269520953616,HOME,False,False,2.15,1.72,0.4919135558133294,0.047469111368884986,-0.0474691113688851
2024-11-23,Bundesliga,Ein Frankfurt,Werder Bremen,1,0,1.71,4.24,4.59,pinnacle,0.6197765584713257,0.2144805967215434,0.16574284480713075,0.563110335668342,0.2271034608473738,0.2097862034842843,0.05666622280298372,-0.012622864125830385,-0.04404335867715356,HOME,False,False,1.5,2.59,0.6559303331617969,0.02267849942096567,-0.02267849942096567
2024-11-30,Bundesliga,Augsburg,Bochum,1,0,1.72,3.99,4.88,pinnacle,0.5513035967444637,0.24346031196803614,0.20523609128750012,0.5606837213052442,0.24169824577569424,0.1976180329190615,-0.009380124560780523,0.001762066192341899,0.007618058368438624,HOME,False,False,1.72,2.15,0.5985191403164639,0.042963584760908335,-0.04296358476090856
2024-11-30,Bundesliga,Freiburg,Borussia Mönchengladbach,3,1,2.01,3.78,3.69,pinnacle,0.5231827226388254,0.25152512037453445,0.22529215698664032,0.48158851496224475,0.2560827817656381,0.26232870327211705,0.04159420767658062,-0.00455766139110364,-0.03703654628547673,HOME,True,True,1.68,2.23,0.5891646336236055,0.018832152805191238,-0.01883215280519107
2024-11-30,Bundesliga,RB Leipzig,VfL Wolfsburg,1,5,1.7,4.17,4.8,pinnacle,0.6468383312286248,0.2153873545750008,0.13777431419637443,0.5675882603147597,0.23139089749042963,0.20102084219481076,0.07925007091386504,-0.016003542915428826,-0.06324652799843633,AWAY,True,True,1.61,2.35,0.6017376465227658,0.00830330308842242,-0.008303303088422365
2024-11-30,Bundesliga,Union Berlin,Bayer Leverkusen,1,2,4.72,3.84,1.78,pinnacle,0.3015457848865962,0.2861336845236712,0.41232053058973245,0.20488225984365255,0.25183444439115626,0.5432832957651911,0.09666352504294368,0.03429924013251495,-0.13096276517545863,AWAY,True,True,1.86,1.98,0.5080403352508549,-0.007584664749144987,0.007584664749144987
2024-11-30,Bundesliga,Werder Bremen,Stuttgart,2,2,3.02,3.75,2.3,pinnacle,0.3923602524181588,0.2587458118076164,0.3488939357742249,0.3206796549672814,0.25825401546698395,0.4210663295657347,0.0716805974508774,0.0004917963406324555,-0.0721723937915098,DRAW,True,True,1.53,2.5,0.6259201257182236,0.005572731177280743,-0.0055727311772806876
2024-11-30,Bundesliga,Borussia Dortmund,Bayern München,1,1,4.67,4.38,1.68,pinnacle,0.3423427949790824,0.22812925155141098,0.42952795346950673,0.20635695175918292,0.22001985495785029,0.5736231932829667,0.13598584321989945,0.008109396593560692,-0.14409523981346,DRAW,True,False,1.39,2.99,0.7464533852370713,0.06380498341058727,-0.06380498341058716
2024-12-01,Bundesliga,Mainz,TSG Hoffenheim,2,0,2.08,3.7,3.53,pinnacle,0.4529614445690575,0.2615128195721692,0.2855257358587732,0.46481419532089646,0.2613009530452607,0.2738848516338427,-0.011852750751838947,0.0002118665269085218,0.011640884224930537,HOME,False,False,1.66,2.26,0.5950166799044526,0.01848606765955474,-0.01848606765955474
2024-12-01,Bundesliga,Heidenheim,Ein Frankfurt,0,4,3.85,3.73,1.97,pinnacle,0.37272730606991383,0.25893115887929663,0.36834153505078954,0.2508474691992312,0.2589176290662306,0.49023490173453815,0.12187983687068266,1.3529813066015528e-05,-0.12189336668374862,AWAY,False,True,1.76,2.09,0.6265259455128578,0.08366880265571486,-0.08366880265571486
2024-12-06,Bundesliga,Stuttgart,Union Berlin,3,2,1.84,3.61,4.78,pinnacle,0.4975723945912987,0.27230997898291187,0.2301176264257896,0.5278068356304331,0.26902065860387725,0.2031725057656897,-0.030234441039134363,0.0032893203790346215,0.02694512066009988,HOME,True,True,2.08,1.77,0.5161681097929005,0.05642785005264078,-0.056427850052640616
2024-12-07,Bundesliga,Bayern München,Heidenheim,4,2,1.09,14.33,22.78,pinnacle,0.8777417757518798,0.0830133908737967,0.0392448333743235,0.8897484322842464,0.06767800357221414,0.042573564143539445,-0.012006656532366544,0.015335387301582556,-0.003328730769215943,HOME,True,True,1.28,3.73,0.8532996063486658,0.10878862830475355,-0.10878862830475344
2024-12-07,Bundesliga,Bochum,Werder Bremen,0,1,3.21,3.59,2.25,pinnacle,0.3793172035613348,0.2606116383284668,0.3600711581101983,0.30113070806258596,0.26925614843479134,0.42961314350262264,0.07818649549874884,-0.008644510106324554,-0.06954198539242434,AWAY,False,False,1.62,2.34,0.6194065229141401,0.028497432005049173,-0.028497432005049395
2024-12-07,Bundesliga,Ein Frankfurt,Augsburg,2,2,1.56,4.43,5.91,pinnacle,0.646839028513752,0.21131442169003967,0.14184654979620848,0.6187721126780537,0.2178971773764704,0.1633307099454761,0.028066915835698314,-0.006582755686430741,-0.021484160149267628,DRAW,True,True,1.6,2.36,0.62577162688269,0.029812030923093924,-0.029812030923093813
2024-12-07,Bundesliga,Borussia Mönchengladbach,Borussia Dortmund,1,1,3.24,3.87,2.14,pinnacle,0.3107399917006569,0.2282994525758067,0.4609605557235365,0.2983980802905506,0.2498216486153447,0.4517802710941047,0.012341911410106321,-0.021522196039538005,0.009180284629431823,DRAW,True,False,1.46,2.74,0.7360610803717007,0.08368012799074831,-0.08368012799074825
2024-12-08,Bundesliga,VfL Wolfsburg,Mainz,4,3,2.15,3.34,3.5,pinnacle,0.5481230006555814,0.25387688471126135,0.1980001146331572,0.4428701318381572,0.28508107288983175,0.27204879527201087,0.10525286881742418,-0.031204188178570402,-0.07404868063885367,HOME,True,True,1.82,2.02,0.5507061307251055,0.024664464058438806,-0.024664464058438973
2024-12-08,Bundesliga,TSG Hoffenheim,Freiburg,1,1,2.73,3.45,2.54,pinnacle,0.42829386574874034,0.27476013311558356,0.296946001135676,0.34890526642697595,0.27609025430308537,0.3750044792699387,0.0793885993217644,-0.0013301211875018093,-0.0780584781342627,DRAW,True,False,1.7,2.18,0.5492508483785647,-0.012604821724528037,0.012604821724527981
2024-12-13,Bundesliga,Freiburg,VfL Wolfsburg,3,2,2.26,3.45,3.38,pinnacle,0.4630821841905109,0.2842222730201363,0.2526955427893529,0.4303460187180775,0.28190782675445075,0.28774615452747193,0.03273616547243341,0.0023144462656855547,-0.03505061173811902,HOME,True,True,1.9,1.92,0.4905508257597233,-0.012066975287397086,0.012066975287397086
2024-12-14,Bundesliga,Augsburg,Bayer Leverkusen,0,2,5.59,4.28,1.6,pinnacle,0.21982077105911974,0.24588906595964072,0.5342901629812395,0.1724190023465904,0.22519210820500943,0.6023888894484002,0.047401768712529324,0.02069695775463129,-0.06809872646716064,AWAY,False,False,1.66,2.25,0.6051957760750141,0.02974820574253323,-0.029748205742533174
2024-12-14,Bundesliga,Mainz,Bayern München,2,1,6.86,4.87,1.46,pinnacle,0.14977116365429932,0.20217079720564757,0.6480580391400533,0.1407013100091028,0.19819527446867458,0.6611034155222227,0.009069853645196524,0.003975522736972992,-0.013045376382169405,HOME,True,True,1.52,2.52,0.676881522715575,0.05311914647795113,-0.053119146477951074
2024-12-14,Bundesliga,Union Berlin,Bochum,0,2,1.6,4.01,6.13,pinnacle,0.6305882142648607,0.2294624392632764,0.1399493464718628,0.6024045895998804,0.24036093350618673,0.1572344768939329,0.028183624664980256,-0.01089849424291034,-0.01728513042207011,AWAY,False,False,2.01,1.83,0.5521814576550955,0.07561895765509552,-0.07561895765509558
2024-12-15,Bundesliga,Heidenheim,Stuttgart,1,3,4.27,3.93,1.83,pinnacle,0.401043595798505,0.2557973704802232,0.3431590337212719,0.226252158894646,0.24582613701784692,0.5279217040875073,0.174791436903859,0.0099712334623763,-0.1847626703662354,AWAY,True,True,1.71,2.16,0.6369277798591256,0.07878824497540471,-0.07878824497540465
2024-12-15,Bundesliga,Borussia Dortmund,TSG Hoffenheim,1,1,1.45,5.13,6.46,pinnacle,0.721024160413533,0.162016271355936,0.11695956823053107,0.6635218929508883,0.1875451744208164,0.14893293262829535,0.05750226746264475,-0.0255289030648804,-0.031973364397764284,DRAW,True,False,1.4,2.93,0.7700622054794972,0.0933878405834232,-0.09338784058342331
2024-12-15,Bundesliga,RB Leipzig,Ein Frankfurt,2,1,2.11,3.92,3.29,pinnacle,0.6168014678120193,0.22515104968146274,0.1580474825065177,0.4587992130886272,0.24695569888188862,0.2942450880294843,0.15800225472339208,-0.02180464920042588,-0.13619760552296659,HOME,True,True,1.53,2.48,0.6016333982180526,-0.016820467118605742,0.01682046711860552
2024-12-20,Bundesliga,Bayern München,RB Leipzig,5,1,1.21,7.48,13.15,pinnacle,0.6391799229107175,0.20252681471811923,0.15829326237116345,0.7975881476724377,0.12902161212348254,0.07339024020407982,-0.15840822476172023,0.07350520259463669,0.08490302216708363,HOME,True,True,1.28,3.59,0.6904939914792881,-0.04667233295603013,0.04667233295603018
2024-12-21,Bundesliga,Ein Frankfurt,Mainz,1,3,1.85,4.02,4.05,pinnacle,0.5865165417099206,0.23917550955245603,0.1743079487376235,0.5216513673283029,0.24006344018839818,0.2382851924832989,0.06486517438161776,-0.0008879306359421413,-0.0639772437456754,AWAY,True,True,1.66,2.24,0.5740446353823984,-0.00031433897657595633,0.00031433897657612286
2024-12-21,Bundesliga,TSG Hoffenheim,Borussia Mönchengladbach,1,2,2.4,3.66,2.91,pinnacle,0.5005192440043796,0.2313009508319423,0.26817980516367795,0.40314778224432796,0.2643592014716904,0.3324930162839818,0.09737146176005168,-0.0330582506397481,-0.06431321112030386,AWAY,True,True,1.58,2.39,0.7021568026735959,0.1001416893234699,-0.10014168932347023
2024-12-21,Bundesliga,Werder Bremen,Union Berlin,4,1,2.11,3.38,3.78,pinnacle,0.41183296369530664,0.27746052806160154,0.31070650824309193,0.4581982498924114,0.28603500215177163,0.255766747955817,-0.04636528619710478,-0.008574474090170092,0.05493976028727493,HOME,True,True,2.03,1.8,0.5438189494419744,0.0738450591025488,-0.07384505910254863
2024-12-21,Bundesliga,Bayer Leverkusen,Freiburg,5,1,1.37,5.33,8.23,pinnacle,0.6176740602266217,0.2324751633076909,0.14985077646568712,0.7024939504925284,0.180565987274815,0.11694006223265661,-0.08481989026590664,0.051909176032875926,0.032910714233030505,HOME,True,True,1.6,2.35,0.5593383974163065,-0.035598311444453024,0.0355983114444528
2024-12-22,Bundesliga,Bochum,Heidenheim,2,0,2.35,3.55,3.07,pinnacle,0.3736927712358236,0.25804707597065063,0.3682601527935259,0.41195592598892483,0.2727032186123869,0.3153408553986884,-0.038263154753101214,-0.014656142641736258,0.05291929739483753,HOME,False,False,1.74,2.11,0.6301310634123041,0.08207911536035606,-0.08207911536035589
2024-12-22,Bundesliga,VfL Wolfsburg,Borussia Dortmund,1,3,3.09,3.65,2.29,pinnacle,0.34304039224234883,0.25343840828761494,0.40352119947003634,0.312898914764666,0.2648925059240597,0.42220857931127426,0.03014147747768281,-0.011454097636444782,-0.018687379841237917,AWAY,True,True,1.59,2.36,0.6463743821189474,0.048906027688567666,-0.04890602768856761
2025-01-10,Bundesliga,Borussia Dortmund,Bayer Leverkusen,2,3,2.92,3.6,2.43,pinnacle,0.4952924646057932,0.23661921577849937,0.2680883196157072,0.3319218685971862,0.26922551563993996,0.39885261576287395,0.16337059600860698,-0.03260629986144059,-0.13076429614716673,AWAY,True,True,1.59,2.37,0.6815193652887347,0.0830345168038863,-0.0830345168038863
2025-01-11,Bundesliga,Heidenheim,Union Berlin,2,0,3.24,3.29,2.38,pinnacle,0.4205052446384123,0.27403792464919896,0.30545683071238855,0.2988511888859204,0.2943093775046754,0.4068394336094042,0.12165405575249194,-0.020271452855476435,-0.10138260289701567,HOME,False,False,2.04,1.79,0.5552342269978097,0.08787130271582533,-0.08787130271582533
2025-01-11,Bundesliga,TSG Hoffenheim,VfL Wolfsburg,0,1,2.44,3.45,3.0,pinnacle,0.44044963591698527,0.2599239228462205,0.29962644123679394,0.39673413063477464,0.2805887764489421,0.3226770929162834,0.04371550528221063,-0.020664853602721578,-0.023050651679489442,AWAY,False,False,1.61,2.33,0.6077889578286078,0.016418399452973298,-0.01641839945297352
2025-01-11,Bundesliga,Mainz,Bochum,2,0,1.57,4.38,5.81,pinnacle,0.5931017394386711,0.23627229145871276,0.17062596910261618,0.6139974569380472,0.22008584643669732,0.16591669662525546,-0.020895717499376132,0.01618644502201544,0.004709272477360721,HOME,False,False,1.72,2.12,0.5794847716628425,0.027401438329509142,-0.027401438329509142
2025-01-11,Bundesliga,Borussia Mönchengladbach,Bayern München,0,1,7.2,5.47,1.4,pinnacle,0.17160216395143854,0.18933755338117794,0.6390602826673835,0.13406393333566752,0.17646440950947095,0.6894716571548616,0.03753823061577102,0.012873143871706988,-0.05041137448747812,AWAY,False,False,1.34,3.22,0.7627568856636971,0.05661653478650408,-0.05661653478650425
2025-01-12,Bundesliga,RB Leipzig,Werder Bremen,4,2,1.76,4.18,4.34,pinnacle,0.7485912295967682,0.16116328310208008,0.09024548730115164,0.5474704554508034,0.23051387597928566,0.22201566856991103,0.20112077414596474,-0.06935059287720557,-0.1317701812687594,HOME,True,True,1.51,2.51,0.7030016463748228,0.07862353692208646,-0.07862353692208629
2025-01-12,Bundesliga,Augsburg,Stuttgart,0,1,3.76,3.71,2.0,pinnacle,0.3464044880192951,0.26993515495089443,0.3836603570298107,0.2568398316349136,0.2603012848914488,0.48285888347363753,0.08956465638438149,0.009633870059445604,-0.09919852644382682,AWAY,False,False,1.71,2.14,0.5807524904544421,0.024908334610286298,-0.024908334610286187
2025-01-14,Bundesliga,Ein Frankfurt,Freiburg,4,1,1.72,4.19,4.77,pinnacle,0.49687922607681234,0.2739774794384967,0.22914329448469095,0.5646246203827954,0.23177908044353412,0.20359629917367045,-0.06774539430598303,0.04219839899496258,0.025546995311020504,HOME,True,True,1.57,2.42,0.5092770265925961,-0.0972392641342209,0.09723926413422102
2025-01-14,Bundesliga,Bayer Leverkusen,Mainz,1,0,1.38,5.26,8.51,pinnacle,0.7056886307064927,0.18819884336755474,0.10611252592595255,0.7019910546818641,0.1841725580724282,0.11383638724570766,0.0036975760246286127,0.004026285295126553,-0.00772386131975511,HOME,False,False,1.62,2.31,0.6361400628779175,0.048353803335932755,-0.048353803335932755
2025-01-14,Bundesliga,VfL Wolfsburg,Borussia Mönchengladbach,5,1,1.95,3.86,3.87,pinnacle,0.5359000455377587,0.2369667159421383,0.22713323852010303,0.49774587910714824,0.25145193374583913,0.25080218714701263,0.03815416643061048,-0.014485217803700823,-0.023668948626909603,HOME,True,True,1.59,2.36,0.6468538726386128,0.049385518208233115,-0.04938551820823306
2025-01-15,Bundesliga,Bayern München,TSG Hoffenheim,5,0,1.12,11.23,17.9,pinnacle,0.8524591108495507,0.09802554624879108,0.04951534290165816,0.8603610814123793,0.08580626991824264,0.05383264866937793,-0.007901970562828597,0.012219276330548437,-0.00431730576771977,HOME,False,True,1.23,4.01,0.8316778685129258,0.06641069294040669,-0.06641069294040672
2025-01-15,Bundesliga,Stuttgart,RB Leipzig,2,1,2.01,3.81,3.63,pinnacle,0.320013150333322,0.2720828494086318,0.40790400025804635,0.4804740018134635,0.25347841040552793,0.2660475877810087,-0.1604608514801415,0.01860443900310388,0.14185641247703767,HOME,True,True,1.44,2.71,0.5673061871931395,-0.08570586099963151,0.08570586099963173
2025-01-15,Bundesliga,Union Berlin,Augsburg,0,2,1.84,3.56,4.74,pinnacle,0.5671800881328862,0.25280187134937465,0.1800180405177393,0.5249234751014111,0.27130876241196533,0.2037677624866237,0.0422566130314751,-0.01850689106259068,-0.02374972196888442,AWAY,False,False,2.11,1.74,0.5315173377233121,0.07956928577526012,-0.07956928577526007
2025-01-15,Bundesliga,Werder Bremen,Heidenheim,3,3,1.64,4.42,4.97,pinnacle,0.49701966709722023,0.2354442431880337,0.2675360897147462,0.5878823560895978,0.21812829501966977,0.1939893488907325,-0.0908626889923776,0.01731594816836393,0.07354674082401369,DRAW,True,True,1.59,2.37,0.6857066065803322,0.08722175809548383,-0.08722175809548355
2025-01-17,Bundesliga,Ein Frankfurt,Borussia Dortmund,2,0,2.61,3.64,2.71,pinnacle,0.3800521117680915,0.25109800928327164,0.36884987894863686,0.37311586775046435,0.26753637770019556,0.3593477545493402,0.006936244017627158,-0.01643836841692392,0.009502124399296652,HOME,False,False,1.56,2.41,0.6584805559502593,0.05142765922481851,-0.05142765922481857
2025-01-18,Bundesliga,Bayern München,VfL Wolfsburg,3,2,1.17,8.66,14.14,pinnacle,0.7976090068861037,0.13271161938455103,0.06967937372934525,0.8211205913829962,0.11093661569493134,0.06794279292207252,-0.0235115844968925,0.021775003689619696,0.0017365808072727362,HOME,True,True,1.27,3.62,0.7568142013499226,0.01652790278141547,-0.01652790278141547
2025-01-18,Bundesliga,Bochum,RB Leipzig,3,3,3.71,3.75,2.01,pinnacle,0.16098356604770162,0.2259363613267994,0.6130800726254989,0.26074908932407603,0.2579677657046192,0.48128314497130464,-0.09976552327637442,-0.03203140437781982,0.13179692765419426,DRAW,True,True,1.73,2.12,0.6035693565073214,0.05292000585797074,-0.05292000585797069
2025-01-18,Bundesliga,Stuttgart,Freiburg,4,0,1.67,4.39,4.78,pinnacle,0.47344291359228574,0.27712093980912966,0.24943614659858476,0.5781073940509284,0.219917846939647,0.20197475900942471,-0.10466448045864263,0.057203092869482663,0.04746138758916005,HOME,False,True,1.52,2.5,0.5139665099410698,-0.1079240373226118,0.10792403732261169
2025-01-18,Bundesliga,Bayer Leverkusen,Borussia Mönchengladbach,3,1,1.27,6.29,9.26,pinnacle,0.7043756746261602,0.17568202600153238,0.11994229937230734,0.746794300579917,0.1507835869215413,0.10242211249854155,-0.04241862595375678,0.024898439079991064,0.01752018687376579,HOME,True,True,1.39,2.92,0.7217051577225021,0.044210958186539195,-0.044210958186539306
2025-01-19,Bundesliga,Union Berlin,Mainz,2,1,2.63,3.2,2.94,pinnacle,0.5089517808493711,0.2770618400492169,0.2139863791014121,0.36812984716037594,0.30255671813493396,0.32931343470469004,0.14082193368899515,-0.025494878085717043,-0.11532705560327794,HOME,True,True,2.11,1.73,0.4842812173644909,0.03376038403115755,-0.03376038403115755
2025-01-19,Bundesliga,Werder Bremen,Augsburg,0,2,1.88,3.79,4.19,pinnacle,0.5360588459549064,0.2383500550257667,0.22559109901932675,0.5142103132842224,0.2550700234760787,0.23071966323969884,0.021848532670683984,-0.01671996845031201,-0.005128564220372084,AWAY,False,False,1.85,1.97,0.6399993864352173,0.12429258015249478,-0.12429258015249489
2025-01-25,Bundesliga,Augsburg,Heidenheim,2,1,1.91,3.65,4.22,pinnacle,0.4438836949170235,0.2529847070152971,0.3031315980676795,0.5060999451284225,0.26483586169733886,0.2290641931742386,-0.06221625021139898,-0.011851154682041787,0.07406740489344088,HOME,True,True,1.9,1.92,0.6364812432295148,0.13386344218239443,-0.13386344218239443
2025-01-25,Bundesliga,Borussia Dortmund,Werder Bremen,2,2,1.63,4.44,5.03,pinnacle,0.7597297892209575,0.14514971201996404,0.09512049875907835,0.5913056371179769,0.21707842083385184,0.19161594204817142,0.16842415210298056,-0.0719287088138878,-0.09649544328909307,DRAW,True,True,1.5,2.57,0.7844976439730629,0.15304801252343148,-0.1530480125234315
2025-01-25,Bundesliga,Freiburg,Bayern München,1,2,8.98,5.78,1.33,pinnacle,0.20516412989446364,0.2405898773001235,0.554245992805413,0.1074631789664389,0.1669583645533947,0.7255784564801664,0.09770095092802475,0.0736315127467288,-0.1713324636747534,AWAY,True,True,1.42,2.82,0.6094080237264912,-0.05568631589615036,0.05568631589615047
2025-01-25,Bundesliga,Mainz,Stuttgart,2,0,2.88,3.55,2.47,pinnacle,0.390811566650172,0.27787489957939804,0.33131353377043005,0.3358793538674869,0.2724880391939049,0.3916326069386082,0.05493221278268512,0.005386860385493131,-0.06031907316817814,HOME,False,False,1.75,2.1,0.547258452621586,0.001803907167040486,-0.0018039071670406526
2025-01-25,Bundesliga,RB Leipzig,Bayer Leverkusen,2,2,3.79,4.03,1.92,pinnacle,0.4992098716694145,0.257175537417925,0.24361459091266052,0.25546666842753424,0.24025277254103095,0.5042805590314349,0.24374320324188026,0.016922764876894036,-0.26066596811877435,DRAW,True,True,1.53,2.48,0.5840148999202696,-0.0344389654163888,0.0344389654163888
2025-01-25,Bundesliga,Borussia Mönchengladbach,Bochum,3,0,1.72,4.12,4.66,pinnacle,0.6636512511371544,0.19372323863312252,0.1426255102297232,0.559730385297136,0.23367385017259074,0.20659576453027337,0.10392086584001836,-0.03995061153946822,-0.06397025430055017,HOME,False,True,1.61,2.34,0.6969808399958319,0.10457577670469276,-0.10457577670469248
2025-01-26,Bundesliga,TSG Hoffenheim,Ein Frankfurt,2,2,3.16,3.58,2.29,pinnacle,0.4064432147502188,0.2600709186157169,0.33348586663406443,0.30650455745231314,0.2705459222204775,0.42294952032720945,0.09993865729790563,-0.010475003604760613,-0.08946365369314502,DRAW,True,True,1.66,2.23,0.6179806273290483,0.044715845838045776,-0.04471584583804561
2025-01-31,Bundesliga,Werder Bremen,Mainz,1,0,2.35,3.46,3.19,pinnacle,0.4748090860114994,0.2582975380343822,0.26689337595411844,0.41392992285738933,0.28113737535111705,0.30493270179149373,0.06087916315411007,-0.022839837316734835,-0.03803932583737529,HOME,False,False,1.86,1.98,0.5966788091915016,0.08105380919150174,-0.08105380919150168
2025-02-01,Bundesliga,Bochum,Freiburg,0,1,2.88,3.42,2.54,pinnacle,0.2854865532340207,0.28627198799536957,0.4282414587706098,0.33602562317226015,0.2829689458292717,0.3810054309984682,-0.05053906993823942,0.0033030421660978915,0.04723602777214164,AWAY,False,False,1.79,2.03,0.5012506306732744,-0.030162981892170704,0.03016298189217065
2025-02-01,Bundesliga,Heidenheim,Borussia Dortmund,1,2,4.49,4.04,1.76,pinnacle,0.26939152518544895,0.22522791585574325,0.5053805589588081,0.21447617668705735,0.23836584983289294,0.5471579734800498,0.05491534849839161,-0.013137933977149685,-0.04177741452124173,AWAY,True,True,1.56,2.4,0.7262874361305867,0.1202268300699807,-0.12022683006998064
2025-02-01,Bundesliga,Stuttgart,Borussia Mönchengladbach,1,2,1.58,4.65,5.2,pinnacle,0.5509054092842599,0.22888567069321455,0.2202089200225254,0.6084090280049317,0.2067282288704929,0.1848627431245754,-0.05750361872067178,0.02215744182272164,0.03534617689795,AWAY,True,True,1.41,2.84,0.6711249405821257,0.0028896464644786457,-0.0028896464644788677
2025-02-01,Bundesliga,Union Berlin,RB Leipzig,0,0,3.2,3.52,2.29,pinnacle,0.2852607095667488,0.2901660797368912,0.42457321069635995,0.30243726737903703,0.27494297034457915,0.42261976227638365,-0.017176557812288218,0.015223109392312029,0.0019534484199763003,DRAW,False,False,1.76,2.08,0.4869521888181821,-0.054714477848484655,0.054714477848484544
2025-02-02,Bundesliga,Ein Frankfurt,VfL Wolfsburg,1,1,1.99,3.8,3.72,pinnacle,0.5125637199844657,0.2581830719450661,0.2292532080704683,0.48575984165383773,0.2543847591818782,0.2598553991642842,0.026803878330627973,0.0037983127631879277,-0.030602191093815873,DRAW,True,False,1.52,2.5,0.5677156896414959,-0.05417485762218577,0.054174857622185824
2025-02-02,Bundesliga,Bayer Leverkusen,TSG Hoffenheim,3,1,1.23,7.29,10.7,pinnacle,0.7029696308105142,0.17949171000291667,0.11753865918656914,0.7790118315361823,0.13143821025919125,0.08954995820462658,-0.07604220072566803,0.048053499743725414,0.02798870098194256,HOME,True,True,1.36,3.07,0.700596102955228,0.007593845618884876,-0.007593845618884876
2025-02-07,Bundesliga,Bayern München,Werder Bremen,3,0,1.09,12.89,20.27,pinnacle,0.8790386403492751,0.08279888795745499,0.03816247169326994,0.878475459502859,0.07428535693235969,0.047239183564781274,0.0005631808464161558,0.008513531025095306,-0.009076711871511337,HOME,False,True,1.19,4.49,0.8487348172027072,0.058241859456228284,-0.05824185945622831
2025-02-08,Bundesliga,Borussia Dortmund,Stuttgart,1,2,1.88,3.93,3.98,pinnacle,0.6523730198105527,0.1946632247378444,0.15296375545160304,0.5126277357909295,0.24522649956410877,0.24214576464496165,0.13974528401962327,-0.05056327482626438,-0.08918200919335861,AWAY,True,True,1.5,2.6,0.7122493124270433,0.0781029709636285,-0.07810297096362856
2025-02-08,Bundesliga,Freiburg,Heidenheim,1,0,1.74,3.99,4.77,pinnacle,0.5613506249068327,0.2440073145731087,0.19464206052005845,0.5552871359924375,0.24215529238767952,0.2025575716198829,0.006063488914395232,0.0018520221854291807,-0.00791551109982444,HOME,False,False,1.75,2.1,0.583609953138289,0.03815540768374348,-0.03815540768374365
2025-02-08,Bundesliga,TSG Hoffenheim,Union Berlin,0,4,2.26,3.6,3.2,pinnacle,0.45293508683505607,0.27193697550398954,0.2751279376609542,0.42844391550133887,0.26896756917584047,0.30258851532282055,0.0244911713337172,0.0029694063281490712,-0.027460577661866326,AWAY,False,True,1.82,2.03,0.5495353920632639,0.022262664790536735,-0.022262664790536568
2025-02-08,Bundesliga,Mainz,Augsburg,0,0,1.78,3.72,4.88,pinnacle,0.526596908731723,0.25620518279848287,0.2171979084697942,0.5425203815717121,0.2595930858058192,0.19788653262246877,-0.015923472839989072,-0.0033879030073363237,0.019311375847325424,DRAW,False,False,2.03,1.81,0.5633909423349409,0.09203677566827428,-0.09203677566827406
2025-02-08,Bundesliga,VfL Wolfsburg,Bayer Leverkusen,0,0,4.3,3.86,1.84,pinnacle,0.3280286445159153,0.272614404333968,0.3993569511501166,0.224671331502828,0.250281535093824,0.5250471334033481,0.10335731301308729,0.022332869240143993,-0.12569018225323147,DRAW,False,False,1.66,2.25,0.5671581937940942,-0.008289376538386684,0.008289376538386573
2025-02-08,Bundesliga,Borussia Mönchengladbach,Ein Frankfurt,1,1,2.62,3.7,2.63,pinnacle,0.41774178549611024,0.2533451051169409,0.32891310938694895,0.3697806624207694,0.261844685281734,0.36837465229749655,0.04796112307534084,-0.008499580164793075,-0.0394615429105476,DRAW,True,False,1.54,2.48,0.6437023453663286,0.026786922480756536,-0.026786922480756314
2025-02-14,Bundesliga,Augsburg,RB Leipzig,0,0,3.02,3.41,2.48,pinnacle,0.2066986396943813,0.2471350277154795,0.5461663325901391,0.32223009685802034,0.2853768013229388,0.3923931018190409,-0.11553145716363905,-0.03824177360745931,0.15377323077109822,DRAW,False,False,1.89,1.96,0.586223777946715,0.07713286885580584,-0.07713286885580589
2025-02-15,Bundesliga,Bochum,Borussia Dortmund,2,0,4.98,4.27,1.66,pinnacle,0.17460548978354185,0.2076131063433304,0.6177814038731277,0.1935630099728014,0.2257479601087942,0.5806890299184044,-0.018957520189259558,-0.018134853765463782,0.03709237395472331,HOME,False,False,1.59,2.4,0.6965248481315349,0.09502108873303872,-0.09502108873303866
2025-02-15,Bundesliga,Stuttgart,VfL Wolfsburg,1,2,1.76,4.24,4.32,pinnacle,0.4880366493999131,0.26161857828133134,0.25034477231875557,0.548696319018405,0.227760736196319,0.22354294478527606,-0.060659669618491896,0.03385784208501233,0.02680182753347951,AWAY,True,True,1.52,2.53,0.5724120429596654,-0.05227931506502603,0.052279315065025866
2025-02-15,Bundesliga,Union Berlin,Borussia Mönchengladbach,1,2,2.28,3.57,3.18,pinnacle,0.4965235784166904,0.25825169708342743,0.24522472449988217,0.42451369724708893,0.2711179915191492,0.30436831123376185,0.0720098811696015,-0.012866294435721792,-0.05914358673387968,AWAY,True,True,1.77,2.09,0.5812202707880466,0.039769493585974036,-0.03976949358597415
2025-02-15,Bundesliga,Bayer Leverkusen,Bayern München,0,0,3.08,3.71,2.27,pinnacle,0.3434834973558737,0.247232937360957,0.4092835652831693,0.3137730485355867,0.2604908327465248,0.4257361187178886,0.029710448820287005,-0.013257895385567792,-0.016452553434719297,DRAW,False,False,1.65,2.26,0.6713242963187915,0.09331918122927751,-0.09331918122927746
2025-02-16,Bundesliga,Werder Bremen,TSG Hoffenheim,1,3,1.9,4.04,3.8,pinnacle,0.45728136852700946,0.2434958989593565,0.299222732513634,0.507537688442211,0.23869346733668342,0.2537688442211055,-0.050256319915201575,0.004802431622673076,0.0454538882925285,AWAY,True,True,1.51,2.55,0.6720526240380522,0.04397380630406211,-0.043973806304061946
2025-02-16,Bundesliga,Heidenheim,Mainz,0,2,3.69,3.53,2.08,pinnacle,0.484331791777696,0.25425020061490616,0.26141800760739775,0.2618236798094376,0.27369104206708916,0.46448527812347334,0.22250811196825837,-0.019440841452183,-0.2030672705160756,AWAY,False,False,1.9,1.93,0.6086228389679965,0.10470638988183467,-0.10470638988183484
2025-02-21,Bundesliga,Freiburg,Werder Bremen,5,0,2.09,3.45,3.84,pinnacle,0.56533811600906,0.24475431112638096,0.18990757286455884,0.4651015829884041,0.28175719085384476,0.25314122615775114,0.10023653302065594,-0.0370028797274638,-0.0632336532931923,HOME,False,True,1.93,1.91,0.57471041734106,0.07731458400772656,-0.07731458400772684
2025-02-22,Bundesliga,Borussia Mönchengladbach,Augsburg,0,3,1.83,3.82,4.4,pinnacle,0.5947092610113137,0.21718678649521828,0.188103952493468,0.527713763633966,0.2528052846728162,0.2194809516932177,0.06699549737734767,-0.035618498177597935,-0.031376999199749706,AWAY,False,True,1.72,2.15,0.6783792982860747,0.1228237427305191,-0.12282374273051905
2025-02-22,Bundesliga,VfL Wolfsburg,Bochum,1,1,1.56,4.53,5.71,pinnacle,0.6726014490396529,0.20282084786213062,0.12457770309821645,0.6182090643798981,0.21289318773347485,0.16889774788662715,0.05439238465975482,-0.010072339871344232,-0.0443200447884107,DRAW,True,False,1.62,2.32,0.6228860352048883,0.03405354789524362,-0.034053547895243674
2025-02-22,Bundesliga,Borussia Dortmund,Union Berlin,6,0,1.57,4.52,5.55,pinnacle,0.6589086475530663,0.2043555525870907,0.136735799859843,0.613411124342538,0.21306536841101434,0.17352350724644772,0.04549752321052836,-0.008709815823923633,-0.03678770738660472,HOME,False,True,1.61,2.35,0.6429948246132543,0.049560481178910876,-0.049560481178910654
2025-02-23,Bundesliga,RB Leipzig,Heidenheim,2,2,1.35,5.61,8.22,pinnacle,0.7460895721816896,0.16124198039836252,0.09266844741994798,0.7118069544197935,0.17129044357695566,0.11690260200325076,0.03428261776189612,-0.010048463178593148,-0.024234154583302775,DRAW,True,True,1.48,2.64,0.7100215202209543,0.06924482119182807,-0.06924482119182812
2025-02-23,Bundesliga,Bayern München,Ein Frankfurt,4,0,1.3,6.5,8.28,pinnacle,0.7727644696130739,0.1442972541757989,0.08293827621112725,0.7369170523317906,0.14738341046635817,0.11569953720185121,0.03584741728128327,-0.0030861562905592776,-0.03276126099072396,HOME,False,True,1.33,3.3,0.7520869530627596,0.03934397250120458,-0.03934397250120453
2025-02-23,Bundesliga,TSG Hoffenheim,Stuttgart,1,1,3.63,3.96,1.97,pinnacle,0.435471148359185,0.25531435981819917,0.309214491822616,0.26600652638685723,0.24383931585461913,0.49015415775852367,0.16946462197232776,0.01147504396358004,-0.18093966593590766,DRAW,True,False,1.48,2.63,0.6297058717306526,-0.010196804668374138,0.010196804668374193
2025-02-28,Bundesliga,Stuttgart,Bayern München,1,3,4.94,4.37,1.67,pinnacle,0.21008881827916692,0.2218599048798827,0.5680512768409504,0.19652084932207728,0.22215400358147866,0.5813251470964442,0.013567968957089643,-0.0002940987015959684,-0.01327387025549387,AWAY,True,True,1.54,2.49,0.6873541343710656,0.06948812940828641,-0.06948812940828658
2025-03-01,Bundesliga,Bochum,TSG Hoffenheim,0,1,2.47,3.56,2.88,pinnacle,0.33853503860659134,0.2594791189040846,0.401985842489324,0.39193259835777305,0.27193076346733136,0.33613663817489564,-0.05339755975118171,-0.012451644563246766,0.06584920431442837,AWAY,False,False,1.63,2.3,0.6213562368130143,0.03611450653311621,-0.0361145065331161
2025-03-01,Bundesliga,Heidenheim,Borussia Mönchengladbach,0,3,3.1,3.62,2.3,pinnacle,0.4637931216520507,0.23483737589533357,0.30136950245261573,0.3120923607466826,0.2672614138990929,0.42064622535422447,0.1517007609053681,-0.03242403800375934,-0.11927672290160873,AWAY,False,True,1.64,2.28,0.7068319468417156,0.12519929378049122,-0.12519929378049094
2025-03-01,Bundesliga,RB Leipzig,Mainz,1,2,2.02,3.76,3.66,pinnacle,0.7133613643846475,0.18727475851815056,0.09936387709720182,0.4786643478260869,0.2571547826086956,0.26418086956521736,0.23469701655856057,-0.06988002409054506,-0.16481699246801554,AWAY,True,True,1.8,2.03,0.6212460375037833,0.09121992784320887,-0.09121992784320904
2025-03-01,Bundesliga,Werder Bremen,VfL Wolfsburg,1,2,2.72,3.55,2.61,pinnacle,0.39788434826082986,0.2639408014775309,0.33817485026163924,0.35608188865019,0.27282894003620195,0.371089171313608,0.04180245961063983,-0.008888138558671044,-0.03291432105196879,AWAY,True,True,1.68,2.2,0.6034686004058836,0.03645829112753307,-0.03645829112753318
2025-03-01,Bundesliga,Ein Frankfurt,Bayer Leverkusen,1,4,4.72,3.92,1.76,pinnacle,0.3625159722466931,0.27059280489738485,0.36689122285592213,0.20467059046895764,0.24644009872792857,0.5488893108031137,0.15784538177773544,0.02415270616945628,-0.18199808794719152,AWAY,True,True,1.68,2.21,0.5791209048178766,0.010997511501681267,-0.010997511501681101
2025-03-02,Bundesliga,Augsburg,Freiburg,0,0,2.71,3.13,2.91,pinnacle,0.3436901743899823,0.2906001852745449,0.365709640335473,0.3575149057766508,0.30954165963409697,0.3329434345892521,-0.01382473138666851,-0.01894147435955207,0.03276620574622091,DRAW,False,False,2.25,1.66,0.49976902704776155,0.07521659738024244,-0.07521659738024211
2025-03-07,Bundesliga,Borussia Mönchengladbach,Mainz,1,3,2.65,3.43,2.74,pinnacle,0.531731576309555,0.24078506312833084,0.22748336056211413,0.36499706781313235,0.2819948191559185,0.35300811303094914,0.16673450849642268,-0.04120975602758767,-0.12552475246883502,AWAY,True,True,1.79,2.05,0.6324578315609531,0.09860366489428651,-0.09860366489428651
2025-03-08,Bundesliga,Bayern München,Bochum,2,3,1.11,12.4,17.74,pinnacle,0.9233041558068623,0.0568504595530804,0.019845384640057372,0.8679903121712621,0.07769913278307267,0.05431055504566523,0.05531384363560021,-0.020848673229992266,-0.034465170405607856,AWAY,True,True,1.28,3.67,0.8649101916844261,0.12349605027028465,-0.1234960502702846
2025-03-08,Bundesliga,Borussia Dortmund,Augsburg,0,1,1.55,4.42,6.05,pinnacle,0.7811383362120009,0.13925414986664003,0.07960751392135924,0.6223251375975983,0.21823619078648812,0.15943867161591363,0.15881319861440257,-0.07898204091984809,-0.07983115769455439,AWAY,False,False,1.71,2.13,0.7629627361182058,0.20827523611820575,-0.2082752361182056
2025-03-08,Bundesliga,Bayer Leverkusen,Werder Bremen,0,2,1.27,6.39,10.17,pinnacle,0.7408669256473923,0.16241869665293415,0.09671437769967335,0.7555009155113785,0.15015432906094692,0.09434475542767462,-0.01463398986398623,0.012264367591987235,0.002369622271998731,AWAY,False,False,1.52,2.53,0.7168982246599356,0.09220686663524413,-0.0922068666352443
2025-03-08,Bundesliga,Freiburg,RB Leipzig,0,0,2.66,3.32,2.81,pinnacle,0.3065279680617683,0.2921756316889812,0.4012964002492504,0.3639243222157207,0.29157792081139067,0.34449775697288865,-0.05739635415395239,0.0005977108775905293,0.05679864327636175,DRAW,False,False,1.8,2.03,0.4872700435708471,-0.04275606608972732,0.04275606608972715
2025-03-09,Bundesliga,Ein Frankfurt,Union Berlin,1,2,1.77,4.13,4.39,pinnacle,0.5208570325583877,0.2682800966767814,0.2108628707648309,0.5459228992716291,0.23396695683069818,0.2201101438976728,-0.025065866713241403,0.034313139846083196,-0.009247273132841904,AWAY,True,True,1.67,2.22,0.5123783403228893,-0.058315747080709635,0.058315747080709746
2025-03-09,Bundesliga,TSG Hoffenheim,Heidenheim,1,1,1.78,4.03,4.41,pinnacle,0.5430999997344657,0.225688299951552,0.23121170031398233,0.5419127624216736,0.2393560092085804,0.21873122836974582,0.0011872373127920222,-0.013667709257028399,0.012480471944236515,DRAW,True,False,1.65,2.24,0.6943307981325031,0.118495322554097,-0.1184953225540969
2025-03-15,Bundesliga,Augsburg,VfL Wolfsburg,1,0,2.63,3.29,2.87,pinnacle,0.3520149091260927,0.27585589127656424,0.37212919959734303,0.3682199110091994,0.29435208691616843,0.3374280020746321,-0.016205001883106696,-0.018496195639604196,0.03470119752271095,HOME,False,False,2.05,1.78,0.5576863689019819,0.09293441067743874,-0.09293441067743885
2025-03-15,Bundesliga,Mainz,Freiburg,2,2,2.02,3.45,4.0,pinnacle,0.3848931196889198,0.29824608045517215,0.31686079985590787,0.4783528025234844,0.2800790322021561,0.24156816527435962,-0.09345968283456457,0.01816704825301607,0.07529263458154825,DRAW,True,True,2.1,1.75,0.46768515475547656,0.013139700210021976,-0.013139700210022198
2025-03-15,Bundesliga,Union Berlin,Bayern München,1,1,9.0,5.36,1.35,pinnacle,0.18695487529708965,0.23349168336587514,0.5795534413370351,0.10700026616981634,0.17966462603140804,0.7133351077987756,0.07995460912727331,0.053827057334467104,-0.1337816664617405,DRAW,True,False,1.59,2.38,0.6136864998256603,0.014190278163191739,-0.014190278163191905
2025-03-15,Bundesliga,Werder Bremen,Borussia Mönchengladbach,2,4,2.42,3.68,2.87,pinnacle,0.45410913173500733,0.23832731967072504,0.3075635485942675,0.39986975913011213,0.262957830732302,0.3371724101375858,0.0542393726048952,-0.02463051106157696,-0.02960886154331832,AWAY,True,True,1.59,2.37,0.695880015742199,0.09739516725735065,-0.09739516725735053
2025-03-15,Bundesliga,RB Leipzig,Borussia Dortmund,2,0,2.43,3.68,2.87,pinnacle,0.5259476543614283,0.23516466621293433,0.2388876794256375,0.3988805843319573,0.26339125541485225,0.33772816025319036,0.12706707002947104,-0.028226589201917923,-0.09884048082755287,HOME,False,False,1.59,2.4,0.6647139542162029,0.06321019481770673,-0.06321019481770662
2025-03-16,Bundesliga,Bochum,Ein Frankfurt,1,3,3.13,3.66,2.27,pinnacle,0.26171352362102296,0.2626012949460419,0.47568518143293503,0.30921020800845583,0.26443386641160294,0.4263559255799413,-0.047496684387432875,-0.0018325714655610392,0.04932925585299375,AWAY,True,True,1.69,2.17,0.5767761322142223,0.014599966411113496,-0.014599966411113385
2025-03-16,Bundesliga,Stuttgart,Bayer Leverkusen,3,4,3.09,3.6,2.32,pinnacle,0.3383676818322623,0.26742355668315165,0.39420876148458606,0.31345703476851017,0.2690506215096379,0.4174923437218519,0.024910647063752123,-0.0016270648264862242,-0.023283582237265843,AWAY,True,True,1.67,2.23,0.5896322132123146,0.017837341417442754,-0.017837341417442865
2025-03-28,Bundesliga,Bayer Leverkusen,Bochum,3,1,1.23,6.93,11.71,pinnacle,0.813550364877266,0.12876935916059262,0.057680275962141356,0.7797103120270952,0.13839014196151908,0.08189954601138574,0.033840052850170776,-0.009620782800926458,-0.024219270049244387,HOME,True,True,1.44,2.71,0.7255546831750637,0.07254263498229263,-0.07254263498229258
2025-03-29,Bundesliga,TSG Hoffenheim,Augsburg,1,1,2.43,3.29,3.15,pinnacle,0.5801812551309569,0.22603172675232158,0.1937870181167215,0.3984015500121094,0.29426011140712033,0.30733833858077014,0.18177970511884745,-0.06822838465479875,-0.11355132046404864,DRAW,True,False,2.08,1.76,0.6515434857791997,0.19321015244586642,-0.1932101524458666
2025-03-29,Bundesliga,Borussia Mönchengladbach,RB Leipzig,1,0,2.94,3.58,2.41,pinnacle,0.28134556310325376,0.24924093648269224,0.46941350041405416,0.3288234038660894,0.270039331666565,0.40113726446734554,-0.04747784076283562,-0.020798395183872775,0.06827623594670862,HOME,False,False,1.52,2.5,0.6405212706160393,0.018630723352357603,-0.01863072335235766
2025-03-29,Bundesliga,VfL Wolfsburg,Heidenheim,0,1,1.66,4.12,5.22,pinnacle,0.575668631588722,0.22914291097029812,0.19518845744097982,0.58108444021745,0.23412625503906964,0.18478930474348026,-0.005415808628728036,-0.004983344068771517,0.010399152697499553,AWAY,False,False,1.73,2.11,0.6412973362219916,0.09181816955532485,-0.09181816955532485
2025-03-29,Bundesliga,Ein Frankfurt,Stuttgart,1,0,2.6,3.67,2.66,pinnacle,0.5091908592361092,0.2543383597537404,0.23647078101015062,0.37231600064072734,0.26376610399615563,0.3639178953631169,0.13687485859538184,-0.009427744242415215,-0.1274471143529663,HOME,False,False,1.51,2.52,0.588779290819519,-0.036530882877751525,0.036530882877751636
2025-03-30,Bundesliga,Freiburg,Union Berlin,1,2,2.02,3.43,4.05,pinnacle,0.4715316195274962,0.29582748471806614,0.23264089575443775,0.47899907244897605,0.2820927482061025,0.2389081793449214,-0.007467452921479822,0.013734736511963663,-0.006267283590483647,AWAY,True,True,2.1,1.74,0.43618651038712164,-0.016938489612878305,0.016938489612878693
2025-03-30,Bundesliga,Borussia Dortmund,Mainz,3,1,1.67,4.17,5.07,pinnacle,0.7250271528487224,0.1697192891787155,0.10525355797256193,0.5780787308566226,0.23150874832867138,0.19041252081470603,0.1469484219920998,-0.06178945914995587,-0.0851589628421441,HOME,True,True,1.67,2.2,0.709942716882983,0.14146726468660065,-0.1414672646866007
2025-04-04,Bundesliga,Augsburg,Bayern München,1,3,7.61,5.01,1.43,pinnacle,0.11789616273584881,0.17302398865662055,0.7090798486075306,0.12754060246347423,0.19372933827286204,0.6787300592636636,-0.009644439727625423,-0.020705349616241486,0.030349789343867006,AWAY,True,True,1.61,2.32,0.7277630724601688,0.1374322836560976,-0.13743228365609772
2025-04-05,Bundesliga,Bochum,Stuttgart,0,4,3.2,3.8,2.18,pinnacle,0.28472649448603154,0.264530387638173,0.45074311787579546,0.3021152443471919,0.2544128373450037,0.4434719183078046,-0.017388749861160346,0.010117550293169297,0.0072711995679908825,AWAY,False,True,1.56,2.37,0.5829432797023307,-0.020110155412173092,0.020110155412173147
2025-04-05,Bundesliga,Freiburg,Borussia Dortmund,1,4,3.1,3.61,2.31,pinnacle,0.3388062369285639,0.26778688155774455,0.39340688151369163,0.3124299860253043,0.26829167775026136,0.4192783362244344,0.026376250903259568,-0.0005047961925168098,-0.02587145471074276,AWAY,True,True,1.77,2.05,0.588260169037111,0.05161095437742513,-0.05161095437742513
2025-04-05,Bundesliga,Heidenheim,Bayer Leverkusen,0,1,6.78,4.84,1.46,pinnacle,0.26015056607607756,0.24301452007102248,0.49683491385289985,0.14195145077178972,0.19884934632907733,0.659199202899133,0.11819911530428784,0.044165173741945146,-0.16236428904623318,AWAY,False,False,1.62,2.28,0.6512351614464101,0.0666197768310256,-0.06661977683102555
2025-04-05,Bundesliga,RB Leipzig,TSG Hoffenheim,3,1,1.58,4.55,5.43,pinnacle,0.7117577872326617,0.1784549818729961,0.10978723089434206,0.6104153438303739,0.21196840511032766,0.17761625105929849,0.10134244340228782,-0.03351342323733156,-0.06782902016495643,HOME,True,True,1.52,2.48,0.685701104451696,0.06570110445169597,-0.06570110445169608
2025-04-05,Bundesliga,Werder Bremen,Ein Frankfurt,2,0,2.65,3.73,2.58,pinnacle,0.36448246958533603,0.26156041178747064,0.3739571186271932,0.36528512159848775,0.2595189201705074,0.37519595823100477,-0.0008026520131517167,0.0020414916169632646,-0.001238839603811548,HOME,False,False,1.53,2.44,0.6157406017844775,0.0011310299960645143,-0.0011310299960644032
2025-04-06,Bundesliga,Union Berlin,VfL Wolfsburg,1,0,2.49,3.32,3.02,pinnacle,0.4383817276540104,0.2892521866731072,0.27236608567288256,0.3884244372990353,0.29131832797427654,0.32025723472668816,0.04995729035497509,-0.002066141301169333,-0.04789114905380559,HOME,False,False,2.01,1.81,0.4841470173125389,0.010325027783743057,-0.010325027783743002
2025-04-11,Bundesliga,VfL Wolfsburg,RB Leipzig,2,3,3.0,3.71,2.36,pinnacle,0.31024811406769165,0.2770950656919756,0.4126568202403328,0.32469516717595753,0.2625567389562999,0.41274809386774264,-0.014447053108265884,0.014538326735675733,-9.127362740984912e-05,AWAY,True,True,1.57,2.41,0.5450785018885098,-0.06044913630244497,0.06044913630244508
2025-04-12,Bundesliga,Bochum,Augsburg,1,2,2.5,3.35,3.0,pinnacle,0.4137452421254765,0.26960730436593056,0.3166474535085929,0.38765670202507235,0.2892960462873674,0.32304725168756027,0.026088540100404123,-0.019688741921436825,-0.006399798178967353,AWAY,True,True,1.99,1.84,0.576029822983444,0.09561206841425335,-0.09561206841425346
2025-04-12,Bundesliga,TSG Hoffenheim,Mainz,2,0,2.69,3.5,2.66,pinnacle,0.5181012014712143,0.24909644809129453,0.23280235043749103,0.35973168884561296,0.27647949799848537,0.3637888131559018,0.15836951262560134,-0.027383049907190843,-0.13098646271841075,HOME,False,False,1.74,2.1,0.6055208027864845,0.05864580278648457,-0.05864580278648451
2025-04-12,Bundesliga,Bayer Leverkusen,Union Berlin,0,0,1.34,5.61,8.99,pinnacle,0.6407927249660195,0.22348323783017884,0.13572403720380175,0.7205059008913125,0.17209944869774665,0.1073946504109409,-0.07971317592529303,0.05138378913243219,0.028329386792860844,DRAW,False,False,1.61,2.31,0.5664083257433313,-0.02287738854238297,0.02287738854238297
2025-04-12,Bundesliga,Borussia Mönchengladbach,Freiburg,1,2,2.19,3.71,3.26,pinnacle,0.4400524066806913,0.2674183638364446,0.2925292294828641,0.4420718669244743,0.2609534740066304,0.2969746590688953,-0.0020194602437830222,0.006464889829814191,-0.004445429586031224,AWAY,True,True,1.66,2.23,0.5755524743536352,0.00228769286263264,-0.0022876928626326953
2025-04-12,Bundesliga,Bayern München,Borussia Dortmund,2,2,1.43,5.36,6.51,pinnacle,0.6964331524680462,0.16692656283664892,0.1366402846953048,0.6727423810965206,0.179481642717915,0.14777597618556443,0.023690771371525532,-0.012555079881266085,-0.011135691490259642,DRAW,True,True,1.38,2.99,0.7910313960253329,0.10682086970954341,-0.10682086970954319
2025-04-13,Bundesliga,Stuttgart,Werder Bremen,1,2,1.67,4.62,4.53,pinnacle,0.5953155122034575,0.2209988489220482,0.18368563887449435,0.5779928250080781,0.20892814237304985,0.21307903261887204,0.017322687195379327,0.012070706548998361,-0.029393393744377688,AWAY,True,True,1.44,2.7,0.6575016128367839,0.005327699793305718,-0.00532769979330544
2025-04-13,Bundesliga,Ein Frankfurt,Heidenheim,3,0,1.75,4.18,4.43,pinnacle,0.6158307586232836,0.21409219405569815,0.17007704732101794,0.5513608794428447,0.23083290407296136,0.2178062164841938,0.0644698791804389,-0.01674071001726321,-0.04772916916317585,HOME,False,True,1.65,2.23,0.6643209229666253,0.08957865492538819,-0.08957865492538825
2025-04-19,Bundesliga,Freiburg,TSG Hoffenheim,3,2,1.96,3.75,3.85,pinnacle,0.5240301905544626,0.25637171532630126,0.21959809411923606,0.4921847034960029,0.25724853836057754,0.2505667581434196,0.03184548705845974,-0.0008768230342762751,-0.03096866402418355,HOME,True,True,1.74,2.1,0.5652076755316938,0.01833267553169393,-0.018332675531693765
2025-04-19,Bundesliga,Heidenheim,Bayern München,0,4,9.06,6.38,1.29,pinnacle,0.14346441729436707,0.17788358706235008,0.6786519956432829,0.1058949773804561,0.1503775070637825,0.7437275155557614,0.03756943991391097,0.02750607999856758,-0.06507551991247851,AWAY,False,True,1.38,2.98,0.7610955056775395,0.07760926714542937,-0.07760926714542932
2025-04-19,Bundesliga,Mainz,VfL Wolfsburg,2,2,2.05,3.72,3.6,pinnacle,0.3955998753956696,0.2831333706356248,0.3212667539687055,0.47158250581026834,0.2598774561588844,0.26854003803084725,-0.07598263041459874,0.023255914476740414,0.05272671593785827,DRAW,True,True,1.79,2.02,0.5249421098834786,-0.005241617150642086,0.005241617150642142
2025-04-19,Bundesliga,Werder Bremen,Bochum,1,0,1.74,4.19,4.49,pinnacle,0.6060257433382334,0.21857647013546713,0.17539778652629937,0.5546919917561762,0.23034941901091807,0.21495858923290573,0.05133375158205722,-0.01177294887545094,-0.03956080270660636,HOME,False,False,1.56,2.43,0.6549434543873284,0.04592089799635091,-0.04592089799635096
2025-04-19,Bundesliga,Union Berlin,Stuttgart,4,4,2.87,3.43,2.54,pinnacle,0.43461392450276415,0.28454593498831016,0.2808401405089257,0.3370798689163936,0.2820464209300436,0.38087371015356286,0.09753405558637057,0.0024995140582665387,-0.10003356964463717,DRAW,True,True,1.78,2.05,0.5054524153722646,-0.029795626403192332,0.029795626403192332
2025-04-20,Bundesliga,Augsburg,Ein Frankfurt,0,0,2.63,3.44,2.77,pinnacle,0.32078888149311396,0.2709193270621956,0.40829179144469063,0.36846073832899606,0.28170108773408714,0.34983817393691685,-0.0476718568358821,-0.010781760671891516,0.05845361750777378,DRAW,False,False,1.88,1.93,0.5720570155856056,0.06549533579557942,-0.0654953357955792
2025-04-20,Bundesliga,Borussia Dortmund,Borussia Mönchengladbach,3,2,1.43,5.46,6.47,pinnacle,0.7220692085097744,0.1585504025829672,0.11938038890725831,0.6743430032012309,0.17661364369556043,0.14904335310320865,0.047726205308543546,-0.01806324111259322,-0.02966296419595034,HOME,True,True,1.36,3.07,0.7891669651343498,0.09616470779800668,-0.09616470779800673
2025-04-25,Bundesliga,Stuttgart,Heidenheim,0,1,1.51,4.97,5.99,pinnacle,0.5910680485783347,0.22046838787214493,0.1884635635495204,0.642710800325562,0.195270283398712,0.16201891627572598,-0.05164275174722732,0.02519810447343293,0.02644464727379442,AWAY,False,False,1.45,2.7,0.666114571372928,0.015512161734373642,-0.015512161734373642
2025-04-26,Bundesliga,Bayern München,Mainz,3,0,1.22,7.3,11.15,pinnacle,0.8499442214069188,0.104416388194439,0.045639390398641906,0.7833673390822298,0.1309189251616877,0.08571373575608254,0.06657688232468906,-0.026502536967248705,-0.04007434535744064,HOME,False,True,1.32,3.29,0.7828550775923943,0.06918913399152649,-0.06918913399152665
2025-04-26,Bundesliga,TSG Hoffenheim,Borussia Dortmund,2,3,4.3,4.37,1.74,pinnacle,0.30225986073326516,0.23330113126672053,0.4644390080000143,0.22445449393094977,0.22085911302130068,0.5546863930477494,0.0778053668023154,0.01244201824541985,-0.09024738504773505,AWAY,True,True,1.42,2.78,0.7131917875043682,0.051287025599606295,-0.05128702559960624
2025-04-26,Bundesliga,Bayer Leverkusen,Augsburg,2,0,1.37,5.23,8.61,pinnacle,0.7614378542649338,0.15690544789002328,0.08165669784504301,0.7036962952660605,0.1843334463698858,0.11197025836405375,0.057741558998873344,-0.02742799847986252,-0.03031356051901074,HOME,False,False,1.76,2.08,0.6934762476218338,0.15180958095516706,-0.151809580955167
2025-04-26,Bundesliga,VfL Wolfsburg,Freiburg,0,1,2.4,3.67,2.91,pinnacle,0.46005912666859355,0.2848131590693211,0.2551277142620854,0.40343838892099865,0.26382891918539425,0.33273269189360716,0.05662073774759491,0.020984239883926836,-0.07760497763152174,AWAY,False,False,1.73,2.11,0.49003372886045793,-0.05944543780620881,0.05944543780620892
2025-04-26,Bundesliga,Ein Frankfurt,RB Leipzig,4,0,2.17,3.92,3.15,pinnacle,0.3433537686626883,0.27605666428679704,0.3805895670505145,0.445938771898779,0.24685896301539553,0.30720226508582554,-0.10258500323609071,0.029197701271401505,0.07338730196468896,HOME,False,True,1.48,2.59,0.5561426644679273,-0.0802209718957092,0.08022097189570881
2025-04-27,Bundesliga,Bochum,Union Berlin,1,1,2.36,3.5,3.09,pinnacle,0.306498627656583,0.2897465751059356,0.4037547972374814,0.41016558325811414,0.2765687932826141,0.31326562345927167,-0.10366695560153116,0.013177781823321522,0.09048917377820975,DRAW,True,False,1.82,2.01,0.4962108226396584,-0.028593354906033486,0.02859335490603343
2025-05-02,Bundesliga,Heidenheim,Bochum,0,0,2.32,3.59,3.13,pinnacle,0.6163606448016258,0.21332371890857893,0.17031563628979526,0.4188563057505284,0.2706815123513164,0.3104621818981552,0.19750433905109738,-0.05735779344273745,-0.14014654560835996,DRAW,False,False,1.68,2.2,0.6676952852305057,0.1006849759521552,-0.10068497595215509
2025-05-03,Bundesliga,Borussia Mönchengladbach,TSG Hoffenheim,4,4,2.13,4.03,3.16,pinnacle,0.516368854017504,0.22835162550585872,0.2552795204766372,0.4540116579618175,0.2399614966398688,0.3060268453983137,0.06235719605568646,-0.011609871134010075,-0.050747324921676495,DRAW,True,True,1.44,2.71,0.7043944274028429,0.05138237921007183,-0.05138237921007183
2025-05-03,Bundesliga,RB Leipzig,Bayern München,3,3,4.46,4.73,1.66,pinnacle,0.3586980260504904,0.25351869668138355,0.3877832772681261,0.2159983714430335,0.20366865467990047,0.580332973877066,0.1426996546074569,0.049850042001483075,-0.19254969660893984,DRAW,True,True,1.34,3.17,0.6480645076093156,-0.05481797576097269,0.05481797576097269
2025-05-03,Bundesliga,Union Berlin,Werder Bremen,2,2,2.78,3.45,2.61,pinnacle,0.5391674340766217,0.2530552973001627,0.20777726862321572,0.34831904004827613,0.28067447285049496,0.37100648710122897,0.19084839402834558,-0.027619175550332276,-0.16322921847801325,DRAW,True,True,1.86,1.96,0.5651061664419353,0.05201716120633326,-0.05201716120633315
2025-05-03,Bundesliga,Borussia Dortmund,VfL Wolfsburg,4,0,1.32,6.21,7.74,pinnacle,0.6543037431607038,0.1973079500804042,0.148388306758892,0.7230119405409796,0.15368369750629518,0.12330436195272519,-0.06870819738027578,0.04362425257410901,0.02508394480616681,HOME,False,True,1.31,3.35,0.6935901239552,-0.02529399621647377,0.025293996216473824
2025-05-04,Bundesliga,Freiburg,Bayer Leverkusen,2,2,3.14,3.51,2.33,pinnacle,0.3237147206570357,0.2874732573686435,0.3888120219743207,0.30843003631783195,0.2759174683868924,0.4156524952952757,0.015284684339203769,0.01155578898175108,-0.026840473320955016,DRAW,True,True,1.75,2.09,0.5089806594988977,-0.035290173834435556,0.03529017383443561
2025-05-04,Bundesliga,Mainz,Ein Frankfurt,1,1,2.41,3.67,2.89,pinnacle,0.36428201826352835,0.28120273194896084,0.3545152497875109,0.40151196817068513,0.2636631725589513,0.3348248592703637,-0.03722994990715678,0.017539559390009563,0.019690390517147216,DRAW,True,False,1.62,2.31,0.536674636152698,-0.051111623389286764,0.05111162338928693
2025-05-09,Bundesliga,VfL Wolfsburg,TSG Hoffenheim,2,2,2.3,3.77,2.99,pinnacle,0.5370499379122755,0.24161180490673925,0.22133825718098532,0.4202898550724638,0.25641025641025644,0.3232998885172798,0.11676008283981171,-0.01479845150351719,-0.10196163133629449,DRAW,True,True,1.5,2.57,0.6231603303527317,-0.008289301096899737,0.008289301096899793
2025-05-10,Bundesliga,Bochum,Mainz,1,4,3.0,3.73,2.31,pinnacle,0.3595120303861814,0.2803102393282251,0.3601777302855936,0.3222697231853323,0.25919816878176866,0.41853210803289914,0.03724230720084909,0.02111207054645642,-0.058354377747305564,AWAY,True,True,1.64,2.26,0.5402739895186115,-0.03921318996856804,0.03921318996856793
2025-05-10,Bundesliga,Union Berlin,Heidenheim,0,3,2.21,3.55,3.33,pinnacle,0.5349822998196885,0.2521193004105295,0.21289839976978192,0.4374072662554622,0.27230142490833004,0.2902913088362077,0.09757503356422625,-0.020182124497800547,-0.07739290906642576,AWAY,False,True,1.91,1.9,0.5742383105416182,0.07555064649962345,-0.07555064649962351
2025-05-10,Bundesliga,Werder Bremen,RB Leipzig,0,0,2.38,3.7,2.92,pinnacle,0.23876057113531252,0.24620169602494704,0.5150377328397404,0.4067832346872694,0.2616605671772165,0.33155619813551407,-0.16802266355195689,-0.015458871152269432,0.18348153470422635,DRAW,False,False,1.52,2.48,0.6219654314808759,0.001965431480875912,-0.0019654314808758566
2025-05-10,Bundesliga,Bayern München,Borussia Mönchengladbach,2,0,1.16,10.06,12.25,pinnacle,0.8549690689952325,0.09505918560109658,0.04997174540367096,0.8264448954025962,0.09529583286948425,0.07825927172791931,0.02852417359263626,-0.0002366472683876658,-0.02828752632424835,HOME,False,False,1.16,4.8,0.8471871504107211,0.04181802289394265,-0.04181802289394257
2025-05-11,Bundesliga,Bayer Leverkusen,Borussia Dortmund,2,4,2.66,4.08,2.43,pinnacle,0.5122626234182193,0.23344406148988198,0.2542933150918986,0.36408505012669384,0.23736917483750136,0.39854577503580474,0.14817757329152542,-0.003925113347619386,-0.14425245994390612,AWAY,True,True,1.47,2.64,0.6839971393162936,0.04166137289293592,-0.04166137289293598
2025-05-11,Bundesliga,Stuttgart,Augsburg,4,0,1.56,4.54,5.67,pinnacle,0.6238736724990152,0.21862047627774953,0.15750585122323518,0.6177626747685352,0.21227087503059802,0.16996645020086684,0.006110997730479961,0.006349601247151504,-0.01246059897763166,HOME,False,True,1.52,2.47,0.6260112161311724,0.006963597083553319,-0.00696359708355343
2025-05-17,Bundesliga,Augsburg,Union Berlin,1,2,2.07,3.43,3.62,pinnacle,0.3662496273367245,0.291273846234599,0.3424765264286764,0.45970211143239015,0.27742955412975145,0.26286833443785845,-0.09345248409566564,0.013844292104847555,0.07960819199081792,AWAY,True,True,1.63,2.26,0.49712488963286366,-0.08385197412034967,0.08385197412034961
2025-05-17,Bundesliga,Freiburg,Ein Frankfurt,1,3,2.38,3.77,2.74,pinnacle,0.4322040516317645,0.2865642388728524,0.281231709495383,0.4000139407363807,0.2525286946823836,0.3474573645812358,0.03219011089538382,0.03403554419046878,-0.06622565508585276,AWAY,True,True,1.52,2.46,0.49824411813103403,-0.11984633413027251,0.11984633413027235
2025-05-17,Bundesliga,Heidenheim,Werder Bremen,1,4,2.31,3.91,2.76,pinnacle,0.512372917712203,0.23257462376126112,0.25505245852653585,0.41190413484329735,0.24335001316829077,0.34474585198841196,0.10046878286890559,-0.010775389407029656,-0.0896933934618761,AWAY,True,True,1.94,1.87,0.6879341339221562,0.19712048562819284,-0.19712048562819318
2025-05-17,Bundesliga,TSG Hoffenheim,Bayern München,0,4,5.05,5.25,1.5,pinnacle,0.16751691736107516,0.1931287917251171,0.6393542909138077,0.18766756032171583,0.1805183199285076,0.6318141197497765,-0.020150642960640675,0.012610471796609513,0.007540171164031162,AWAY,False,True,1.25,3.76,0.7421012763138711,-0.008397725682136925,0.00839772568213687
2025-05-17,Bundesliga,Mainz,Bayer Leverkusen,2,2,2.18,3.99,2.93,pinnacle,0.25947291451834986,0.2663218229524273,0.4742052625292229,0.4366062525442276,0.2385467745730366,0.32484697288273584,-0.17713333802587772,0.027775048379390682,0.14935828964648706,DRAW,True,True,1.44,2.73,0.5611318253860592,-0.09354443360674647,0.09354443360674658
2025-05-17,Bundesliga,Borussia Mönchengladbach,VfL Wolfsburg,0,1,2.17,4.31,2.79,pinnacle,0.452549889909042,0.25268806026624197,0.2947620498247162,0.43835461634082945,0.22070290428296982,0.34094247937620065,0.01419527356821254,0.031985155983272145,-0.046180429551484437,AWAY,False,False,1.29,3.44,0.6339501733728681,-0.09332255389985922,0.09332255389985916
2025-05-17,Bundesliga,RB Leipzig,Stuttgart,2,3,1.97,4.31,3.2,pinnacle,0.6457140180876676,0.2124702845829794,0.14181569732935287,0.48246212399472477,0.22052213092102274,0.29701574508425244,0.16325189409294283,-0.008051846338043345,-0.15520004775489957,AWAY,True,True,1.32,3.31,0.6211761477462724,-0.09372666002910568,0.09372666002910551
2024-01-05,Serie A,Bologna,Genoa,1,1,2.09,3.09,4.29,pinnacle,0.5051056258994253,0.273723328700763,0.22117104539981203,0.4622022782188471,0.3126222529053044,0.22517546887584855,0.04290334768057824,-0.038898924204541385,-0.004004423476036523,DRAW,True,False,2.7,1.47,0.4049344613335827,0.05241647572207192,-0.05241647572207153
2024-01-06,Serie A,Inter Milan,Verona,2,1,1.17,7.94,16.21,pinnacle,0.8134518781926011,0.1326979549469667,0.05385016686043209,0.8199861241095827,0.12082918957282263,0.0591846863175948,-0.006534245916981596,0.01186876537414408,-0.005334519457162706,HOME,True,True,1.52,2.53,0.6001558327451635,-0.02453552527952796,0.02453552527952768
2024-01-06,Serie A,Frosinone,Monza,2,3,2.71,3.36,2.73,pinnacle,0.39665630743745384,0.25806646792989785,0.3452772246326483,0.35724216897031164,0.28813282080641206,0.35462501022327636,0.0394141384671422,-0.030066352876514213,-0.009347785590628044,AWAY,True,True,1.87,1.96,0.5289853191764685,0.017235971917982873,-0.017235971917982984
2024-01-06,Serie A,Lecce,Cagliari,1,1,2.24,3.31,3.51,pinnacle,0.4925248264544364,0.289241623726072,0.21823354981949158,0.43198152809640494,0.2923379525486245,0.2756805193549707,0.06054329835803146,-0.0030963288225525076,-0.05744696953547909,DRAW,True,False,2.2,1.69,0.3545795514770883,-0.07986774929411994,0.07986774929411988
2024-01-06,Serie A,Sassuolo,Fiorentina,1,0,3.37,3.49,2.22,pinnacle,0.28409847341725325,0.24531638134595468,0.4705851452367922,0.2870565569367,0.2771864174431745,0.43575702562012564,-0.0029580835194467636,-0.031870036097219834,0.03482811961666654,HOME,False,False,1.74,2.13,0.5612318537212521,0.010844256822027276,-0.01084425682202711
2024-01-07,Serie A,Empoli,AC Milan,0,3,5.3,4.13,1.65,pinnacle,0.185762458910267,0.24778243803378444,0.5664551030559486,0.18196990533666232,0.23352070176375553,0.584509392899582,0.003792553573604668,0.014261736270028913,-0.018054289843633442,AWAY,False,True,1.77,2.08,0.45796870367888476,-0.08229103658085557,0.08229103658085563
2024-01-07,Serie A,Torino,Napoli,3,0,2.98,3.19,2.61,pinnacle,0.21583011541987385,0.28659517338940005,0.49757471119072605,0.32510474464953004,0.3037028649077114,0.3711923904427584,-0.1092746292296562,-0.017107691518311374,0.12638232074796762,HOME,False,True,2.19,1.69,0.36053313685176036,-0.075033873457518,0.07503387345751789
2024-01-07,Serie A,Udinese,Lazio,1,2,3.62,3.25,2.22,pinnacle,0.2463861980078103,0.284072392819089,0.4695414091731006,0.2670600079951437,0.2974637627515139,0.43547622925334234,-0.02067380998733337,-0.013391369932424901,0.03406517991975827,AWAY,True,True,2.24,1.66,0.3894583164133777,-0.03618270922764788,0.03618270922764799
2024-01-07,Serie A,Salernitana,Juventus,1,2,8.77,4.78,1.4,pinnacle,0.15906419500871233,0.23177902753005802,0.6091567774612295,0.10990202100159958,0.20164031886695152,0.6884576601314488,0.049162174007112744,0.0301387086631065,-0.07930088267021929,AWAY,True,True,1.9,1.93,0.4786412728072606,-0.025275176278901246,0.025275176278901024
2024-01-07,Serie A,AS Roma,Atalanta,1,1,2.42,3.18,3.27,pinnacle,0.4409821725918509,0.25563951561053033,0.30337831179761865,0.3998292806718036,0.3042725972408065,0.2958981220873898,0.041152891920047285,-0.04863308163027619,0.007480189710228846,DRAW,True,False,2.16,1.71,0.526837273897402,0.08497680878112296,-0.0849768087811229
2024-01-13,Serie A,Genoa,Torino,0,0,3.06,2.95,2.72,pinnacle,0.36850554616043624,0.3268402025812876,0.3046542512582763,0.31622671847782396,0.32801822323462415,0.3557550582875519,0.05227882768261227,-0.0011780206533365534,-0.05110080702927561,DRAW,False,False,2.69,1.47,0.2874930606151217,-0.06587232400026294,0.065872324000263
2024-01-13,Serie A,Napoli,Salernitana,2,1,1.32,5.65,9.39,pinnacle,0.8075669090225551,0.1268313262018808,0.06560176477556406,0.7276943144831105,0.17000999913587714,0.10229568638101233,0.07987259453944462,-0.043178672933996326,-0.036693921605448265,HOME,True,True,1.55,2.44,0.6877384055955528,0.07620958354041496,-0.07620958354041496
2024-01-13,Serie A,Verona,Empoli,2,1,2.26,3.2,3.58,pinnacle,0.3766739075092143,0.32528871723811925,0.2980373752526665,0.4278010963896814,0.3021345243252125,0.27006437928510607,-0.05112718888046708,0.023154192912906768,0.02797299596756042,HOME,True,True,2.14,1.73,0.2904004557305388,-0.15662796804207102,0.1566279680420709
2024-01-13,Serie A,Monza,Inter Milan,1,5,6.57,4.57,1.5,pinnacle,0.19788288337126053,0.24217094476384624,0.5599461718648931,0.1466783923791428,0.21087024900021187,0.6424513586206454,0.05120449099211774,0.03130069576363437,-0.08250518675575225,AWAY,True,True,1.83,2.01,0.494361545564115,-0.0290759544358849,0.029075954435885176
2024-01-14,Serie A,Lazio,Lecce,1,0,1.68,3.8,5.67,pinnacle,0.60751937678053,0.25851177874412473,0.13396884447534524,0.575241085445167,0.2543171114599686,0.1704418030948643,0.032278291335362974,0.004194667284156128,-0.036472958619519075,HOME,False,False,2.15,1.72,0.35323904152908536,-0.09120540291535906,0.09120540291535917
2024-01-14,Serie A,Cagliari,Bologna,2,1,3.12,3.11,2.55,pinnacle,0.22975131920774897,0.26713106361158634,0.5031176171806647,0.30990984653981873,0.3109063412232265,0.37918381223695474,-0.08015852733206977,-0.043775277611640184,0.12393380494370998,HOME,True,True,2.44,1.57,0.4345675986348504,0.04304640162736911,-0.04304640162736906
2024-01-14,Serie A,Fiorentina,Udinese,2,2,1.67,3.89,5.57,pinnacle,0.5627863420409047,0.24508423516460462,0.19212942279449058,0.5783267272557421,0.2482790834234162,0.17339418932084186,-0.01554038521483736,-0.0031948482588115834,0.01873523347364872,DRAW,True,True,2.01,1.82,0.47600552182517525,0.0008096993708671119,-0.0008096993708671674
2024-01-14,Serie A,AC Milan,AS Roma,3,1,2.19,3.21,3.76,pinnacle,0.4755560278189291,0.2559699953769296,0.2684739768041412,0.44156157738193236,0.3012522911110379,0.25718613150702974,0.033994450436996726,-0.0452822957341083,0.011287845297111465,HOME,True,True,2.19,1.69,0.5061607078615221,0.07059369755224376,-0.07059369755224382
2024-01-15,Serie A,Atalanta,Frosinone,5,0,1.45,4.86,7.03,pinnacle,0.6616061873939354,0.1800337089524876,0.15836010365357678,0.6646228186039456,0.19829281625014833,0.13708436514590625,-0.0030166312100101678,-0.018259107297660726,0.021275738507670533,HOME,False,True,1.64,2.28,0.7043507154095588,0.12271806234833449,-0.12271806234833449
2024-01-16,Serie A,Juventus,Sassuolo,3,0,1.39,4.96,8.54,pinnacle,0.7055573341573775,0.1863946269197821,0.10804803892284034,0.6929980989277429,0.19420712853015373,0.11279477254210334,0.012559235229634647,-0.007812501610371642,-0.004746733619262991,HOME,False,True,1.71,2.14,0.5529449316210563,-0.002899224223099517,0.0028992242230995724
2024-01-20,Serie A,AS Roma,Verona,2,1,1.46,4.34,8.03,pinnacle,0.6665690734111334,0.21947452826122238,0.11395639832764418,0.6586644591611479,0.2215783664459161,0.119757174392936,0.007904614249985453,-0.0021038381846937293,-0.005800776065291821,HOME,True,True,2.11,1.75,0.43920818814027207,-0.014159687507396324,0.014159687507396379
2024-01-20,Serie A,Udinese,AC Milan,2,3,4.19,3.71,1.9,pinnacle,0.2708519064395211,0.25197720228460646,0.4771708912758722,0.23069949500734743,0.2605474081080285,0.5087530968846241,0.040152411432173685,-0.00857020582342205,-0.03158220560875191,AWAY,True,True,1.87,1.95,0.5241845774455396,0.013713373257057904,-0.013713373257058015
2024-01-21,Serie A,Frosinone,Cagliari,3,1,2.38,3.5,3.05,pinnacle,0.5665726059513352,0.22634879203569686,0.20707860201296796,0.4064498933901919,0.2763859275053305,0.31716417910447764,0.1601227125611433,-0.05003713546963362,-0.11008557709150968,HOME,True,True,1.94,1.88,0.5714059096131943,0.07925931275455544,-0.0792593127545555
2024-01-21,Serie A,Empoli,Monza,3,0,2.87,3.39,2.57,pinnacle,0.29314880372268626,0.30894923804154684,0.3979019582357671,0.33745715115716085,0.2856938123365934,0.3768490365062458,-0.04430834743447459,0.023255425704953425,0.02105292172952128,HOME,False,True,2.01,1.82,0.3335298027709882,-0.14166601968331993,0.14166601968331993
2024-01-21,Serie A,Salernitana,Genoa,1,2,3.73,3.24,2.19,pinnacle,0.35005872540724825,0.27116362183845477,0.3787776527542969,0.2594416716941809,0.29867822080842427,0.44188010749739487,0.09061705371306733,-0.027514598969969495,-0.06310245474309795,AWAY,True,True,2.43,1.56,0.47441530618506483,0.08343786257604224,-0.08343786257604224
2024-01-21,Serie A,Lecce,Juventus,0,3,6.23,3.69,1.65,pinnacle,0.18819392442617233,0.30245574315335916,0.5093503324204685,0.154700470313822,0.2611880569255044,0.5841114727606734,0.03349345411235033,0.04126768622785476,-0.07476114034020498,AWAY,False,True,2.36,1.59,0.2972247731075995,-0.1053068724620208,0.10530687246202064
2024-01-26,Serie A,Cagliari,Torino,1,2,3.62,3.2,2.25,pinnacle,0.2676470994331334,0.3112471807348462,0.42110571983202044,0.26736975008355307,0.3024620297820194,0.43016822013442757,0.00027734934958034696,0.008785150952826781,-0.009062500302407128,AWAY,True,True,2.42,1.58,0.3192479553170571,-0.07575204468294294,0.07575204468294316
2024-01-27,Serie A,Atalanta,Udinese,2,0,1.51,4.52,6.55,pinnacle,0.6047054658021698,0.2151863018031618,0.18010823239466828,0.6391388917073424,0.21351763860134668,0.14734346969131099,-0.03443342590517262,0.0016686632018151348,0.03276476270335729,HOME,False,False,1.75,2.1,0.580909112236383,0.03545456678183745,-0.03545456678183745
2024-01-27,Serie A,Juventus,Empoli,1,1,1.29,5.55,11.88,pinnacle,0.6987633962007778,0.2146419763063489,0.08659462749287314,0.7457019838563561,0.17332532597742337,0.0809726901662205,-0.046938587655578345,0.041316650328925536,0.005621937326652643,DRAW,True,False,1.85,1.98,0.3944794215294706,-0.12249185784389749,0.12249185784389743
2024-01-27,Serie A,AC Milan,Bologna,2,2,1.7,3.93,5.11,pinnacle,0.5285810327756756,0.24381454320972917,0.22760442401459519,0.5664916799011575,0.24504729156029711,0.18846102853854552,-0.03791064712548187,-0.0012327483505679415,0.03914339547604967,DRAW,True,True,2.07,1.78,0.5214435834392707,0.05910592110160828,-0.05910592110160828
2024-01-28,Serie A,Genoa,Lecce,2,1,2.1,3.13,4.2,pinnacle,0.4364554998909205,0.3103845142857174,0.25315998582336213,0.4606328182487122,0.30905077262693154,0.2303164091243561,-0.024177318357791744,0.0013337416587858586,0.022843576699006024,HOME,True,True,2.62,1.49,0.31581484239009633,-0.04671557123520781,0.04671557123520764
2024-01-28,Serie A,Monza,Sassuolo,1,0,2.36,3.49,3.09,pinnacle,0.5044341628336046,0.24485634565576644,0.25070949151062893,0.409840800519897,0.2771416301509905,0.3130175693291123,0.09459336231370763,-0.03228528449522408,-0.062308077818483354,HOME,False,False,1.74,2.1,0.5387287414830869,-0.008146258516912974,0.008146258516913085
2024-01-28,Serie A,Verona,Frosinone,1,1,2.44,3.44,3.01,pinnacle,0.32776326002607575,0.26961758668190555,0.4026191532920187,0.3968358602504944,0.2814765985497693,0.3216875411997363,-0.06907260022441863,-0.011859011867863756,0.08093161209228239,DRAW,True,False,1.97,1.85,0.4771586513984188,-0.007134542318858683,0.007134542318858794
2024-01-28,Serie A,Lazio,Napoli,0,0,2.3,3.18,3.52,pinnacle,0.35069856212805145,0.29312377738371137,0.35617766048823696,0.42075508577786463,0.30431971612864417,0.2749251980934911,-0.07005652364981318,-0.011195938744932799,0.08125246239474587,DRAW,False,False,2.28,1.64,0.3917816989197451,-0.02658564801903035,0.026585648019030295
2024-01-28,Serie A,Fiorentina,Inter Milan,0,1,4.13,3.69,1.92,pinnacle,0.2840901428774784,0.2602746298072642,0.4556352273152575,0.23417652483465048,0.2621000128908148,0.5037234622745347,0.04991361804282793,-0.0018253830835506246,-0.048088234959277165,AWAY,False,False,1.91,1.91,0.4981374588938662,-0.0018625411061338193,0.0018625411061339303
2024-01-29,Serie A,Salernitana,AS Roma,1,2,5.79,3.91,1.64,pinnacle,0.22831302681517682,0.24273525075812366,0.5289517224266994,0.16635319571742474,0.24633887549971592,0.5873079287828593,0.06195983109775208,-0.0036036247415922595,-0.0583562063561599,AWAY,True,True,2.09,1.75,0.5266007384573579,0.0708715717906912,-0.07087157179069126
2024-02-02,Serie A,Lecce,Fiorentina,3,2,3.81,3.31,2.16,pinnacle,0.26684760792491946,0.29895541964752925,0.4341969724275515,0.2554313458591012,0.2940161413060954,0.4505525128348035,0.01141626206581825,0.0049392783414338726,-0.01635554040725201,HOME,True,True,2.18,1.7,0.35393137628888965,-0.0842129536080175,0.08421295360801773
2024-02-03,Serie A,Empoli,Genoa,0,0,3.04,3.05,2.65,pinnacle,0.308991255217489,0.3162377929552627,0.37477095182724823,0.3180771728222585,0.3170342968457921,0.3648885303319494,-0.009085917604769511,-0.0007965038905293764,0.009882421495298832,DRAW,False,False,2.46,1.56,0.31614736446224356,-0.07191233703029376,0.07191233703029376
2024-02-03,Serie A,Udinese,Monza,0,0,2.3,3.29,3.4,pinnacle,0.40091841211469803,0.28466349243666317,0.31441809544863897,0.420953599518308,0.2942836713957776,0.28476272908591427,-0.02003518740360999,-0.009620178959114434,0.0296553663627247,DRAW,False,False,1.96,1.84,0.41697026373596546,-0.06724026257982396,0.0672402625798243
2024-02-03,Serie A,Frosinone,AC Milan,2,3,4.96,4.32,1.65,pinnacle,0.2529462578540616,0.22132051570242442,0.525733226443514,0.19401620067938335,0.22275934152077345,0.5832244577998433,0.05893005717467825,-0.0014388258183490321,-0.057491231356329386,AWAY,True,True,1.62,2.32,0.6456801440840603,0.05684765677441561,-0.05684765677441567
2024-02-03,Serie A,Bologna,Sassuolo,4,2,1.74,3.79,5.04,pinnacle,0.5820035699525736,0.22200915305816027,0.19598727698926588,0.5542189648869315,0.25444353533067565,0.191337499782393,0.027784605065642176,-0.03243438227251538,0.004649777206872874,HOME,True,True,1.99,1.84,0.5751954275526027,0.09477767298341205,-0.09477767298341228
2024-02-04,Serie A,Torino,Salernitana,0,0,1.52,4.22,7.02,pinnacle,0.5364839782099888,0.26216690898909817,0.20134911280091305,0.6342305156157673,0.22844321889477873,0.13732626548945387,-0.09774653740577843,0.03372369009431944,0.06402284731145919,DRAW,False,False,2.15,1.7,0.4252227170778746,-0.016335724480566916,0.01633572448056686
2024-02-04,Serie A,Napoli,Verona,2,1,1.4,4.82,8.48,pinnacle,0.7890020386903601,0.14985745283291338,0.0611405084767267,0.6870251590087001,0.19955087606061825,0.1134239649306816,0.10197687968166003,-0.04969342322770487,-0.0522834564539549,HOME,True,True,1.82,2.01,0.5534922851710649,0.028688107625372994,-0.028688107625372772
2024-02-04,Serie A,Atalanta,Lazio,3,1,2.12,3.32,3.83,pinnacle,0.38062395297553125,0.27256672287038936,0.3468093241540796,0.45618793410251995,0.29130072900522364,0.25251133689225647,-0.0755639811269887,-0.01873400613483428,0.09429798726182315,HOME,True,True,2.18,1.69,0.46845396819103874,0.03176146173109046,-0.0317614617310904
2024-02-04,Serie A,Inter Milan,Juventus,1,0,1.83,3.59,4.77,pinnacle,0.4687471158085412,0.2789854459884929,0.252267438202966,0.5281512255151419,0.26922471941301107,0.20262405507184694,-0.059404109706600705,0.009760726575481826,0.049643383131119045,HOME,False,False,2.26,1.65,0.4099237470640882,-0.012071137846397684,0.012071137846397795
2024-02-05,Serie A,AS Roma,Cagliari,4,0,1.48,4.54,7.13,pinnacle,0.688714939488425,0.20004716438067194,0.11123789613090282,0.6520754686574621,0.2125708576240185,0.1353536737185195,0.03663947083096286,-0.012523693243346568,-0.024115777587616682,HOME,False,True,1.84,1.98,0.5048124201494049,-0.013512187180438118,0.013512187180437674
2024-02-09,Serie A,Salernitana,Empoli,1,3,2.44,3.18,3.3,pinnacle,0.4522613937196509,0.2742776777344965,0.2734609285458526,0.39893253045025323,0.3060991743077415,0.2949682952420054,0.053328863269397675,-0.031821496573244956,-0.02150736669615283,AWAY,True,True,2.35,1.61,0.43867299186390346,0.032107335298246886,-0.03210733529824694
2024-02-10,Serie A,Cagliari,Lazio,1,3,3.65,3.26,2.21,pinnacle,0.1590835649560553,0.2507279499075445,0.5901884851364001,0.26516648816161886,0.2968888594447573,0.4379446523936239,-0.10608292320556356,-0.0461609095372128,0.1522438327427762,AWAY,True,True,2.32,1.62,0.4121252412566294,0.0009577285662740187,-0.0009577285662740742
2024-02-10,Serie A,AS Roma,Inter Milan,2,4,4.49,3.52,1.89,pinnacle,0.29212543154773385,0.26548296781649305,0.442391600635773,0.21499691374981011,0.2742432223683658,0.5107598638818241,0.07712851779792373,-0.008760254551872737,-0.06836826324605116,AWAY,True,True,2.2,1.69,0.48134717926780285,0.046899878496594605,-0.04689987849659483
2024-02-10,Serie A,Sassuolo,Torino,1,1,3.4,3.36,2.26,pinnacle,0.3644549500461871,0.28346843373593944,0.35207661621787334,0.2843874524373072,0.2877730173472751,0.4278395302154179,0.08006749760887993,-0.004304583611335677,-0.07576291399754453,DRAW,True,False,2.05,1.78,0.42660265637026173,-0.03814930185428139,0.038149301854281226
2024-02-11,Serie A,Fiorentina,Frosinone,5,1,1.54,4.46,6.13,pinnacle,0.6183462360411387,0.2082640229556886,0.17338974100317267,0.6263643111775002,0.21627825991330726,0.15735742890919255,-0.008018075136361547,-0.008014236957618659,0.016032312093980122,HOME,True,True,1.77,2.07,0.6003838439289253,0.0613213439289253,-0.0613213439289253
2024-02-11,Serie A,Bologna,Lecce,4,0,1.71,3.66,5.62,pinnacle,0.5288814132550299,0.2779205966003428,0.19319799014462735,0.5644986003622592,0.2637411493495801,0.17176025028816072,-0.035617187107229276,0.0141794472507627,0.02143773985646663,HOME,False,True,2.25,1.66,0.3669500605838716,-0.05760236908364752,0.057602369083647686
2024-02-11,Serie A,Monza,Verona,0,0,2.14,3.24,3.88,pinnacle,0.5544610305702903,0.2687126554948865,0.17682631393482323,0.4520713463751438,0.29859033371691596,0.24933831990794017,0.10238968419514649,-0.02987767822202947,-0.07251200597311694,DRAW,False,False,2.19,1.69,0.377742374733835,-0.05782463557544337,0.057824635575443484
2024-02-11,Serie A,Genoa,Atalanta,1,4,3.93,3.29,2.1,pinnacle,0.29911393558098887,0.2629874519038268,0.4378986125151843,0.2459445316588174,0.293787844808253,0.4602676235329297,0.053169403922171454,-0.03080039290442621,-0.02236901101774541,AWAY,True,True,2.23,1.66,0.4944754003539768,0.06774018184497943,-0.06774018184497932
2024-02-11,Serie A,AC Milan,Napoli,1,0,1.95,3.74,3.94,pinnacle,0.3443897413989123,0.25735705240509066,0.3982532061959969,0.49595444203610717,0.2585858721846013,0.24545968577929156,-0.15156470063719485,-0.0012288197795106148,0.15279352041670535,HOME,False,False,1.79,2.04,0.5319370322244512,-0.0007000434935644506,0.0007000434935643951
2024-02-12,Serie A,Juventus,Udinese,0,1,1.43,4.54,8.56,pinnacle,0.6388032163264221,0.23201105647643858,0.1291857271971392,0.6747483305958463,0.21253086183966077,0.11272080756449299,-0.03594511426942415,0.019480194636777803,0.016464919632646208,AWAY,False,False,1.99,1.83,0.4263482246499279,-0.05270936697310874,0.052709366973108795
2024-02-14,Serie A,Bologna,Fiorentina,2,0,2.41,3.2,3.28,pinnacle,0.3893667523102798,0.2818315542643818,0.3288016934253385,0.40194846971600134,0.30271744125486355,0.29533408902913516,-0.01258171740572156,-0.020885886990481772,0.03346760439620333,HOME,False,False,2.23,1.67,0.430264702047676,0.002059573842547735,-0.002059573842547846
2024-02-16,Serie A,Torino,Lecce,2,0,1.83,3.47,5.08,pinnacle,0.44469865741139625,0.3289919754133677,0.22630936717523598,0.5297694002241984,0.27938847331708444,0.19084212645871712,-0.08507074281280214,0.04960350209628328,0.035467240716518855,HOME,False,False,2.33,1.62,0.25945126191217793,-0.15067532036630316,0.15067532036630304
2024-02-16,Serie A,Inter Milan,Salernitana,4,0,1.15,9.0,17.0,pinnacle,0.8316131704606493,0.11139485837511547,0.05699197116423518,0.8365226899945325,0.10688901038819025,0.05658829961727719,-0.004909519533883189,0.0045058479869252155,0.00040367154695799407,HOME,False,True,1.46,2.72,0.7306536686759728,0.07993596532669045,-0.07993596532669056
2024-02-17,Serie A,Napoli,Genoa,1,1,1.64,3.84,6.02,pinnacle,0.6884181913786375,0.2001750470613122,0.11140676156005047,0.5884053839418437,0.25129813272516244,0.16029648333299396,0.10001280743679375,-0.05112308566385024,-0.048889721772943484,DRAW,True,False,2.11,1.74,0.5047221690256694,0.052774117077617366,-0.05277411707761731
2024-02-17,Serie A,Verona,Juventus,2,2,5.84,3.64,1.69,pinnacle,0.13733957407133737,0.2630305403782578,0.5996298855504049,0.1650160412888827,0.264751011298647,0.5702329474124704,-0.027676467217545325,-0.0017204709203891833,0.029396938137934425,DRAW,True,True,2.32,1.62,0.3455283723342665,-0.06563914035608892,0.06563914035608898
2024-02-17,Serie A,Atalanta,Sassuolo,3,0,1.36,5.58,8.03,pinnacle,0.6706458685545558,0.17728780436918687,0.15206632707625745,0.707667766950424,0.17247816542160874,0.11985406762796723,-0.037021898395868225,0.004809638947578132,0.03221225944829022,HOME,False,True,1.49,2.61,0.7044731642767911,0.06788779842313253,-0.06788779842313236
2024-02-18,Serie A,Lazio,Bologna,1,2,2.39,3.12,3.4,pinnacle,0.5152491460493092,0.2755612022993507,0.20918965165134001,0.40502771965728424,0.3102616185836248,0.284710661759091,0.11022142639202492,-0.03470041628427406,-0.07552101010775097,AWAY,True,True,2.47,1.53,0.3887438020879935,0.006243802087993466,-0.006243802087993688
2024-02-18,Serie A,Empoli,Fiorentina,1,1,3.65,3.38,2.16,pinnacle,0.21552293570636877,0.28128033890088433,0.5031967253927467,0.26527334694678406,0.28646382140703014,0.44826283164618597,-0.04975041124041529,-0.005183482506145809,0.05493389374656077,DRAW,True,False,2.08,1.76,0.37627619691316533,-0.08205713642016799,0.08205713642016776
2024-02-18,Serie A,Udinese,Cagliari,1,1,1.85,3.65,4.48,pinnacle,0.5580106967436538,0.24904998279623228,0.192939320460114,0.5208887473122561,0.2640121048021024,0.2150991478856415,0.03712194943139768,-0.014962122005870132,-0.022159827425527495,DRAW,True,False,2.04,1.79,0.46225274119151216,-0.005110183090472176,0.005110183090472176
2024-02-18,Serie A,Frosinone,AS Roma,0,3,3.88,3.83,1.93,pinnacle,0.28285827064368374,0.24792687685536244,0.46921485250095385,0.2485449232869435,0.2517896350792012,0.49966544163385535,0.03431334735674024,-0.0038627582238387748,-0.030450589132901495,AWAY,False,True,1.74,2.11,0.5491050171051594,0.0010530690532113418,-0.0010530690532113418
2024-02-18,Serie A,Monza,AC Milan,4,2,4.63,3.78,1.8,pinnacle,0.2912768981794707,0.2635262451473859,0.44519685667314335,0.20845971433298405,0.25533557602161805,0.5362047096453979,0.08281718384648667,0.008190669125767824,-0.09100785297225455,HOME,True,True,1.91,1.9,0.48872993021179134,-0.00995773383020343,0.009957733830203375
2024-02-22,Serie A,Torino,Lazio,0,2,2.51,2.97,3.36,pinnacle,0.2628939415948977,0.32808344827683406,0.40902261012826824,0.38578138590895916,0.32603073354595535,0.28818788054508554,-0.12288744431406146,0.002052714730878702,0.1208347295831827,AWAY,False,False,2.67,1.47,0.2751999461005359,-0.07987251766758013,0.07987251766758008
2024-02-23,Serie A,Bologna,Verona,2,0,1.59,3.9,6.83,pinnacle,0.6233587409645436,0.23853132826733947,0.138109930768117,0.6095744169601603,0.2485188007606808,0.14190678227915887,0.01378432400438323,-0.009987472493341337,-0.0037968515110418655,HOME,False,False,2.15,1.72,0.4201585079677366,-0.024285936476707792,0.02428593647670796
2024-02-24,Serie A,Sassuolo,Empoli,2,3,2.28,3.35,3.37,pinnacle,0.5135896806332721,0.255118410267117,0.2312919090996109,0.4242402606431151,0.28873665500486634,0.2870230843520185,0.08934941999015705,-0.033618244737749325,-0.055731175252407616,AWAY,True,True,1.97,1.86,0.4801646860111845,-0.005475000672888586,0.005475000672888752
2024-02-24,Serie A,Salernitana,Monza,0,2,2.99,3.27,2.55,pinnacle,0.3305284739930556,0.2655296804882143,0.40394184551873,0.3239472733418025,0.2962086688966329,0.3798440577615646,0.006581200651253116,-0.030678988408418595,0.024097787757165423,AWAY,False,False,2.11,1.75,0.4944221960927058,0.04105432044503743,-0.04105432044503732
2024-02-24,Serie A,Genoa,Udinese,2,0,2.38,2.92,3.69,pinnacle,0.42307170767311214,0.2869105348346194,0.29001775749226866,0.4064949861543917,0.33132125583816857,0.2621837580074397,0.016576721518720416,-0.04441072100354915,0.027833999484828953,HOME,False,False,2.57,1.51,0.4016527497568433,0.031554710541156994,-0.03155471054115688
2024-02-25,Serie A,Juventus,Frosinone,3,2,1.32,5.62,9.58,pinnacle,0.6982711482108589,0.1893899310584617,0.11233892073067933,0.7285111956657051,0.17110939115279908,0.1003794131814959,-0.03024004745484621,0.018280539905662613,0.011959507549183429,HOME,True,True,1.69,2.19,0.5515806576792462,-0.012852332011475398,0.012852332011475287
2024-02-25,Serie A,Cagliari,Napoli,1,1,4.31,3.73,1.87,pinnacle,0.11472423116273213,0.19509003122995122,0.6901857376073167,0.2241997229284725,0.2590618782363851,0.5167383988351424,-0.10947549176574038,-0.06397184700643388,0.17344733877217433,DRAW,True,False,1.85,1.98,0.5336232243159112,0.016651944942543184,-0.016651944942543018
2024-02-25,Serie A,Lecce,Inter Milan,0,4,7.69,4.77,1.43,pinnacle,0.15844751802499055,0.24075186250857386,0.6008006194664355,0.12515986502529397,0.20177764403448867,0.6730624909402174,0.033287652999696576,0.03897421847408519,-0.07226187147378194,AWAY,False,True,1.75,2.09,0.4450212216468592,-0.09924961168647406,0.09924961168647412
2024-02-25,Serie A,AC Milan,Atalanta,1,1,2.41,3.51,3.01,pinnacle,0.49511357948011214,0.2303244585814631,0.27456196193842486,0.40204655552299806,0.2760490594901497,0.3219043849868523,0.09306702395711408,-0.045724600908686575,-0.04734242304842745,DRAW,True,False,1.77,2.07,0.6222429086570846,0.08318040865708465,-0.08318040865708448
2024-02-26,Serie A,AS Roma,Torino,3,2,1.98,3.29,4.43,pinnacle,0.49864750728871,0.2938163551704748,0.2075361375408153,0.48809623480005226,0.2937478859890892,0.21815587921085858,0.010551272488657726,6.846918138558866e-05,-0.010619741670043287,HOME,True,True,2.39,1.58,0.3338415018746468,-0.06414338477522735,0.0641433847752273
2024-02-26,Serie A,Fiorentina,Lazio,2,1,2.32,3.19,3.46,pinnacle,0.35466883994961873,0.2981173673527231,0.34721379269765806,0.41705018628095547,0.30330922638614943,0.279640587332895,-0.06238134633133674,-0.005191859033426338,0.06757320536476308,HOME,True,True,2.2,1.67,0.37473940577669373,-0.05678514202692381,0.056785142026923974
2024-02-28,Serie A,Sassuolo,Napoli,1,6,4.33,4.01,1.8,pinnacle,0.16702786927258342,0.20162374637964933,0.6313483843477672,0.22294774102479356,0.24073908195445293,0.5363131770207534,-0.05591987175221014,-0.039115335574803595,0.09503520732701376,AWAY,True,True,1.7,2.17,0.6190843989682376,0.05836088475635126,-0.05836088475635132
2024-02-28,Serie A,Inter Milan,Atalanta,4,0,1.63,4.14,5.47,pinnacle,0.6203877879156394,0.20263676650300222,0.1769754455813583,0.5911182690726468,0.23273497067353,0.17614676025382342,0.02926951884299267,-0.030098204170527776,0.0008286853275348838,HOME,False,True,1.78,2.07,0.6322915102389921,0.09462917257665437,-0.09462917257665449
2024-03-01,Serie A,Lazio,AC Milan,0,1,3.67,3.3,2.21,pinnacle,0.4534069484452462,0.2713721213595337,0.27522093019522015,0.26505831428291066,0.29477697376311573,0.4401647119539737,0.18834863416233555,-0.023404852403582033,-0.16494378175875357,AWAY,False,False,2.14,1.73,0.4502877245536041,0.0032593007809942898,-0.0032593007809942343
2024-03-02,Serie A,Udinese,Salernitana,1,1,1.68,3.83,5.56,pinnacle,0.5355673245329746,0.23776432931496166,0.22666834615206385,0.5744483409765309,0.2519773401672511,0.17357431885621796,-0.03888101644355624,-0.014213010852289432,0.05309402729584589,DRAW,True,False,1.99,1.84,0.5456339149884558,0.0652161604192652,-0.0652161604192652
2024-03-02,Serie A,Monza,AS Roma,1,4,3.72,3.55,2.07,pinnacle,0.31446905593814767,0.2895507514465885,0.39598019261526385,0.26007878279519653,0.2725332597177834,0.4673879574870199,0.05439027314295114,0.017017491728805068,-0.07140776487175604,AWAY,True,True,1.99,1.84,0.3998531893247575,-0.08056456524443312,0.080564565244433
2024-03-02,Serie A,Torino,Fiorentina,0,0,2.75,3.06,2.92,pinnacle,0.32168024250372423,0.3136808546541551,0.36463890284212075,0.35205396332574207,0.31638836573391854,0.3315576709403393,-0.030373720822017836,-0.0027075110797634694,0.03308123190178147,DRAW,False,False,2.42,1.58,0.3249626591138652,-0.07003734088613484,0.07003734088613489
2024-03-03,Serie A,Verona,Sassuolo,1,0,2.31,3.46,3.21,pinnacle,0.33599297585763716,0.27100297444139226,0.39300404970097047,0.4188909380975549,0.27966418121541964,0.30144488068702546,-0.08289796223991774,-0.008661206774027375,0.09155916901394501,HOME,False,False,1.96,1.86,0.4732444979463509,-0.013666496818047102,0.01366649681804688
2024-03-03,Serie A,Empoli,Cagliari,0,1,2.16,3.34,3.69,pinnacle,0.42891310550368145,0.3008318396073986,0.2702550548889197,0.4480141333507819,0.28973369102924823,0.26225217561996994,-0.019101027847100438,0.01109814857815039,0.00800287926894977,AWAY,False,False,2.11,1.74,0.3497649940770226,-0.10218305787102938,0.10218305787102921
2024-03-03,Serie A,Frosinone,Lecce,1,1,2.33,3.38,3.25,pinnacle,0.4488721960595038,0.2691962160964523,0.2819315878440439,0.41558058328825065,0.2864801062312497,0.2979393104804997,0.03329161277125314,-0.01728389013479742,-0.016007722636455834,DRAW,True,False,1.91,1.91,0.4619755302941859,-0.03802446970581408,0.03802446970581397
2024-03-03,Serie A,Atalanta,Bologna,1,2,1.98,3.51,4.09,pinnacle,0.5017100014401646,0.2449518689529469,0.2533381296068883,0.48823115301031494,0.27541244528786996,0.23635640170181504,0.013478848429849699,-0.03046057633492305,0.01698172790507324,AWAY,True,True,2.07,1.77,0.5405367954578026,0.07959929545780264,-0.07959929545780259
2024-03-03,Serie A,Napoli,Juventus,2,1,2.43,3.14,3.3,pinnacle,0.44474963573313997,0.29133592660746993,0.26391443765939,0.39836685735375527,0.3082902749584794,0.2933428676877653,0.046382778379384704,-0.01695434835100945,-0.029428430028375308,HOME,True,True,2.35,1.6,0.37597951435514126,-0.02908377678409929,0.029083776784099125
2024-03-04,Serie A,Inter Milan,Genoa,2,1,1.27,5.96,11.92,pinnacle,0.7156915645605235,0.18303239640998287,0.10127603902949339,0.7577876668785759,0.16147488874761604,0.08073744437380802,-0.042096102318052386,0.02155750766236683,0.020538594655685374,HOME,True,True,1.76,2.07,0.5484154855218935,0.007945511631553992,-0.00794551163155438
2024-03-08,Serie A,Napoli,Torino,1,1,1.78,3.65,5.14,pinnacle,0.6313377926686077,0.23776936245195732,0.13089284487943492,0.5452637819991165,0.265909460810528,0.18882675719035552,0.08607401066949116,-0.028140098358570703,-0.0579339123109206,DRAW,True,False,2.23,1.68,0.4104347093010607,-0.019232809880525004,0.019232809880525115
2024-03-09,Serie A,Cagliari,Salernitana,4,2,1.85,3.66,4.52,pinnacle,0.39422162571121666,0.26264753459386275,0.34313083969492075,0.5222596144739584,0.26398368491170027,0.21375670061434143,-0.12803798876274175,-0.0013361503178375145,0.12937413908057932,HOME,True,True,1.97,1.86,0.5089205840210234,0.023280897336950268,-0.023280897336950157
2024-03-09,Serie A,Sassuolo,Frosinone,1,0,2.27,3.67,3.11,pinnacle,0.45922541676664363,0.22412880369201493,0.3166457795413415,0.42581600713318385,0.2633793831586723,0.31080460970814383,0.033409409633459786,-0.03925057946665739,0.005841169833197657,HOME,False,False,1.66,2.25,0.6769452169611602,0.10149764662867933,-0.10149764662867922
2024-03-09,Serie A,Bologna,Inter Milan,0,1,3.51,3.32,2.24,pinnacle,0.2501366248685007,0.2556302073649668,0.4942331677665327,0.275923479912735,0.291714281474006,0.43236223861325884,-0.025786855044234336,-0.036084074109039244,0.06187092915327386,AWAY,False,False,2.12,1.74,0.4941988247889198,0.04342162271638095,-0.043421622716380726
2024-03-09,Serie A,Genoa,Monza,2,3,2.18,3.11,3.94,pinnacle,0.39431979699372766,0.29785537757387526,0.3078248254323969,0.4436037418906395,0.31095053290083413,0.24544572520852642,-0.04928394489691185,-0.013095155326958874,0.0623791002238705,AWAY,True,True,2.47,1.56,0.37076854396330355,-0.016328230230244822,0.016328230230244767
2024-03-10,Serie A,Lecce,Verona,0,1,2.34,3.09,3.55,pinnacle,0.4760299030233177,0.3091250986453194,0.21484499833136306,0.41383252034360607,0.31338773385243957,0.2727797458039544,0.062197382679711644,-0.004262635207120169,-0.057934747472591364,AWAY,False,False,2.36,1.61,0.29916413597290864,-0.10637742573993775,0.1063774257399378
2024-03-10,Serie A,AC Milan,Empoli,1,0,1.45,4.74,7.19,pinnacle,0.7038024798720768,0.19156182002456734,0.10463570010335602,0.6633164068658267,0.202913246826044,0.13377034630812915,0.04048607300625007,-0.01135142680147666,-0.02913464620477313,HOME,False,False,1.73,2.12,0.5219912095835106,-0.02865814106583997,0.028658141065840248
2024-03-10,Serie A,Juventus,Atalanta,2,2,2.32,3.27,3.37,pinnacle,0.5278365038302695,0.25532648359347987,0.21683701257625074,0.41703027848944363,0.2958746929955685,0.28709502851498786,0.11080622534082585,-0.04054820940208864,-0.07025801593873712,DRAW,True,True,2.13,1.72,0.4655080914219693,0.01875484466872257,-0.01875484466872246
2024-03-10,Serie A,Fiorentina,AS Roma,2,2,2.69,3.27,2.81,pinnacle,0.41682381376927236,0.28059888439873515,0.3025773018319927,0.35972189054921144,0.2959180078218283,0.34436010162896036,0.05710192322006091,-0.015319123423093162,-0.04178279979696764,DRAW,True,True,2.01,1.8,0.4281968872684777,-0.04424405761341205,0.044244057613412324
2024-03-11,Serie A,Lazio,Udinese,1,2,1.95,3.38,4.42,pinnacle,0.6076994360403035,0.24106770800421462,0.15123285595548186,0.4955156950672645,0.28587443946188335,0.21860986547085198,0.11218374097303901,-0.044806731457668725,-0.06737700951537012,AWAY,True,True,2.2,1.68,0.43280925832396444,-0.0001804323976850597,0.00018043239768494868
2024-03-15,Serie A,Empoli,Bologna,0,1,4.04,3.28,2.08,pinnacle,0.24295662269333546,0.29355985034162935,0.4634835269650352,0.2395774806157995,0.29508933588043595,0.46533318350376435,0.0033791420775359515,-0.0015294855388066075,-0.0018496565387291497,AWAY,False,False,2.37,1.6,0.35801746808903046,-0.04500520193615842,0.04500520193615842
2024-03-16,Serie A,Monza,Cagliari,1,0,2.09,3.46,3.75,pinnacle,0.5732473089683735,0.24968070069040368,0.1770719903412228,0.462667460659894,0.2794725412656585,0.2578599980744476,0.1105798483084795,-0.02979184057525483,-0.08078800773322478,HOME,False,False,1.95,1.88,0.4399966478090311,-0.050864970989924596,0.050864970989924596
2024-03-16,Serie A,Udinese,Torino,0,2,2.94,2.96,2.82,pinnacle,0.37547792916569556,0.31228780186768684,0.3122342689666176,0.3294028507837287,0.3271771558460008,0.34341999337027035,0.04607507838196684,-0.01488935397831398,-0.031185724403652748,AWAY,False,False,2.6,1.5,0.3277745906716707,-0.03807906786491472,0.03807906786491444
2024-03-16,Serie A,Salernitana,Lecce,0,1,3.02,3.19,2.57,pinnacle,0.3814733310757936,0.284157307544473,0.3343693613797333,0.32032742688573274,0.3032566862679978,0.3764158868462696,0.061145904190060885,-0.019099378723524796,-0.04204652546653631,AWAY,False,False,2.15,1.72,0.4225629701643311,-0.021881474280113333,0.021881474280113222
2024-03-16,Serie A,Frosinone,Lazio,2,3,3.41,3.61,2.16,pinnacle,0.2323003242892183,0.24892895876185916,0.5187707169489225,0.28382465885059305,0.26810030101953536,0.4480750401298715,-0.05152433456137476,-0.019171342257676194,0.07069567681905103,AWAY,True,True,1.84,1.99,0.5053770331937446,-0.014205212237064835,0.01420521223706489
2024-03-17,Serie A,Juventus,Genoa,0,0,1.52,4.08,7.37,pinnacle,0.6193732889737944,0.24864675584334262,0.13197995518286315,0.6333962454922315,0.23597115028141954,0.13063260422634895,-0.014022956518437102,0.01267560556192307,0.0013473509565141983,DRAW,False,False,2.23,1.67,0.37855172937527204,-0.0496533988298562,0.04965339882985609
2024-03-17,Serie A,Verona,AC Milan,1,3,5.2,3.81,1.72,pinnacle,0.17051655947819924,0.23694303030133426,0.5925404102204664,0.185594689202814,0.2533050876258879,0.5611002231712982,-0.015078129724614753,-0.01636205732455362,0.03144018704916829,AWAY,True,True,2.0,1.84,0.4770408729586252,-0.0021257937080415013,0.0021257937080414457
2024-03-17,Serie A,AS Roma,Sassuolo,1,0,1.4,5.15,7.67,pinnacle,0.6330035860785348,0.20592808336279927,0.16106833055866587,0.6875810508542434,0.18691523712542538,0.12550371202033125,-0.05457746477570857,0.019012846237373898,0.03556461853833462,HOME,False,False,1.59,2.37,0.5884806030512844,-0.01000424543356404,0.01000424543356404
2024-03-17,Serie A,Inter Milan,Napoli,1,1,1.57,4.33,5.89,pinnacle,0.4604928857321712,0.2555806334136245,0.28392648085420474,0.613820756646955,0.2225631842807666,0.16361605907227836,-0.15332787091478384,0.03301744913285792,0.12031042178192639,DRAW,True,False,1.73,2.12,0.517286370455078,-0.03336298019427264,0.03336298019427303
2024-03-30,Serie A,Napoli,Atalanta,0,3,2.13,3.61,3.48,pinnacle,0.5922029576193706,0.21662069822640803,0.1911763441542213,0.45411267147427214,0.26793905546819935,0.2779482730575286,0.13809028614509844,-0.05131835724179132,-0.08677192890330732,AWAY,False,True,1.8,2.04,0.5918762291713319,0.06062622917133187,-0.060626229171331814
2024-03-30,Serie A,Genoa,Frosinone,1,1,1.95,3.56,4.14,pinnacle,0.4673275026414385,0.2548238207020642,0.2778486766564972,0.4953517917280042,0.2713303353566315,0.23331787291536427,-0.02802428908656568,-0.01650651465456726,0.04453080374113294,DRAW,True,False,2.02,1.81,0.5168457630400708,0.04426090664320392,-0.04426090664320392
2024-03-30,Serie A,Torino,Monza,1,0,1.85,3.49,4.8,pinnacle,0.40763717253610476,0.3172531513380818,0.2751096761258136,0.5220561883540833,0.27673465571778055,0.2012091559281363,-0.11441901581797853,0.04051849562030124,0.07390052019767732,HOME,False,False,2.3,1.63,0.30572346665205336,-0.10903480306804841,0.10903480306804869
2024-03-30,Serie A,Lazio,Juventus,1,0,3.23,3.09,2.5,pinnacle,0.3611356581944697,0.32457111479116324,0.3142932270143671,0.2996427560151586,0.31321880321325646,0.38713844077158494,0.06149290217931108,0.011352311577906782,-0.07284521375721781,HOME,False,False,2.41,1.58,0.2944550834221513,-0.10153489151519207,0.10153489151519202
2024-03-30,Serie A,Fiorentina,AC Milan,1,2,2.89,3.34,2.58,pinnacle,0.3968477793812403,0.2616476751928006,0.3415045454259592,0.33496074010728444,0.28983129907486593,0.37520796081784963,0.061887039273955835,-0.028183623882065356,-0.03370341539189042,AWAY,True,True,1.94,1.87,0.5129044754433968,0.022090827149433445,-0.02209082714943361
2024-04-01,Serie A,Bologna,Salernitana,3,0,1.3,5.59,11.37,pinnacle,0.6293270582104549,0.211167802292355,0.15950513949719025,0.7424488618244218,0.17266252600567952,0.08488861216989872,-0.11312180361396695,0.038505276286675466,0.07461652732729153,HOME,False,True,1.79,2.04,0.5626225044254026,0.029985428707386963,-0.029985428707386852
2024-04-01,Serie A,Cagliari,Verona,1,1,2.2,3.19,3.76,pinnacle,0.4130438202652967,0.300399832640655,0.2865563470940484,0.43960651507821313,0.3031769069504918,0.25721657797129494,-0.026562694812916454,-0.0027770743098368134,0.02933976912275349,DRAW,True,False,2.14,1.72,0.3569702222218293,-0.08862563270045054,0.08862563270045054
2024-04-01,Serie A,Sassuolo,Udinese,1,1,2.93,3.24,2.61,pinnacle,0.41696227271864406,0.25076548590398656,0.3322722413773694,0.33036813051580466,0.2987588340775641,0.3708730354066313,0.0865941422028394,-0.04799334817357753,-0.03860079402926192,DRAW,True,False,2.03,1.8,0.5584286319573789,0.0884547416179533,-0.08845474161795325
2024-04-01,Serie A,Lecce,AS Roma,0,0,4.45,3.45,1.92,pinnacle,0.258296908701061,0.301690604819841,0.44001248647909813,0.2170344522534034,0.2799429891384479,0.5030225586081486,0.04126245644765758,0.021747615681393107,-0.06301007212905047,DRAW,False,False,2.03,1.79,0.342135206369829,-0.12645118106472603,0.12645118106472608
2024-04-01,Serie A,Inter Milan,Empoli,2,0,1.2,7.59,13.3,pinnacle,0.7926639495256056,0.14588675352974984,0.061449296944644606,0.801071301035591,0.12665158909653612,0.07227710986787286,-0.008407351509985395,0.019235164433213714,-0.010827812923228257,HOME,False,False,1.51,2.55,0.57282975845297,-0.055249059281020085,0.05524905928102003
2024-04-05,Serie A,Salernitana,Sassuolo,2,2,3.33,3.51,2.26,pinnacle,0.4028669701050351,0.23481445349566035,0.3623185763993047,0.29221231309882967,0.27722706627324867,0.4305606206279216,0.11065465700620541,-0.042412612777588315,-0.0682420442286169,DRAW,True,True,1.87,1.96,0.6390680733757393,0.1273187261172537,-0.12731872611725364
2024-04-06,Serie A,AC Milan,Lecce,3,0,1.38,5.19,8.25,pinnacle,0.6343523680871554,0.22412542674276956,0.14152220517007486,0.697754572254081,0.1855301174779637,0.11671531026795536,-0.06340220416692555,0.038595309264805866,0.0248068949021195,HOME,False,True,1.73,2.13,0.47692371456783567,-0.07488975693475497,0.07488975693475491
2024-04-06,Serie A,AS Roma,Lazio,1,0,2.25,3.09,3.76,pinnacle,0.36132669628019937,0.30213149019811963,0.336541813521681,0.4298192069076501,0.3129751506609103,0.25720564243143956,-0.06849251062745071,-0.010843660462790672,0.07933617109024144,HOME,False,False,2.19,1.69,0.3611970038114681,-0.07437000649781028,0.07437000649781034
2024-04-06,Serie A,Empoli,Torino,3,2,3.59,3.12,2.3,pinnacle,0.2760340257164535,0.3375668994119996,0.3863990748715469,0.2694320750324775,0.31001959915595967,0.42054832581156276,0.00660195068397601,0.02754730025603991,-0.03414925094001586,HOME,True,True,2.5,1.54,0.257020954572328,-0.12416716423955326,0.12416716423955332
2024-04-07,Serie A,Frosinone,Bologna,0,0,4.32,3.59,1.9,pinnacle,0.3299827477595698,0.252957848683401,0.41705940355702936,0.22336252120323008,0.2687816411136362,0.5078558376831337,0.10662022655633974,-0.01582379243023524,-0.09079643412610433,DRAW,False,False,1.91,1.91,0.5480454503260708,0.04804545032607077,-0.04804545032607066
2024-04-07,Serie A,Monza,Napoli,2,4,4.32,3.75,1.86,pinnacle,0.2104793046925078,0.2562222591888974,0.533298436118595,0.2234846300247996,0.25745429378856916,0.5190610761866313,-0.01300532533229179,-0.0012320345996717497,0.014237359931963622,AWAY,True,True,1.8,2.04,0.45571310563367196,-0.07553689436632804,0.0755368943663281
2024-04-07,Serie A,Cagliari,Atalanta,2,1,4.86,3.98,1.72,pinnacle,0.19004616418906858,0.22362608501476106,0.5863277507961704,0.198149799117739,0.24196181500306824,0.5598883858791929,-0.008103634928670417,-0.01833572998830718,0.026439364916977515,HOME,True,True,1.76,2.09,0.5596173860861304,0.016760243228987504,-0.01676024322898756
2024-04-07,Serie A,Verona,Genoa,1,2,2.74,2.97,3.02,pinnacle,0.2920261810675755,0.31119628152336914,0.3967775374090553,0.3533764084784493,0.3260105586636199,0.32061303285793086,-0.061350227410873814,-0.014814277140250742,0.07616450455112445,AWAY,True,True,2.55,1.52,0.32684603032977594,-0.04661834313459756,0.04661834313459745
2024-04-07,Serie A,Juventus,Fiorentina,1,0,1.87,3.5,4.64,pinnacle,0.5145163491044286,0.2789996908948273,0.20648396000074426,0.5161815280753167,0.2757884164288121,0.2080300554958712,-0.001665178970888137,0.0032112744660152126,-0.0015460954951269368,HOME,False,False,2.18,1.7,0.375714337564334,-0.06242999233257318,0.0624299923325734
2024-04-08,Serie A,Udinese,Inter Milan,1,2,7.1,4.53,1.48,pinnacle,0.17980581994042438,0.22595046589517356,0.594243714164402,0.13578421643166436,0.21281852906508097,0.6513972545032546,0.04402160350876003,0.013131936830092589,-0.05715354033885256,AWAY,True,True,1.76,2.07,0.5344904797258472,-0.005979494164492283,0.005979494164492227
2024-04-12,Serie A,Lazio,Salernitana,4,1,1.35,5.28,9.85,pinnacle,0.7135587654734421,0.1831563665632381,0.1032848679633198,0.7180103129077015,0.1835821822775373,0.09840750481476111,-0.004451547434259351,-0.0004258157142991992,0.004877363148558689,HOME,True,True,1.78,2.06,0.5536305470399828,0.017172213706649453,-0.017172213706649453
2024-04-13,Serie A,Lecce,Empoli,1,0,2.28,3.06,3.71,pinnacle,0.45293910037853213,0.31781266550499826,0.22924823411646955,0.42379107218850093,0.31576589692476537,0.2604430308867337,0.029148028190031205,0.002046768580232894,-0.031194796770264155,HOME,False,False,2.3,1.63,0.286073999611872,-0.12868427010822975,0.1286842701082297
2024-04-13,Serie A,Torino,Juventus,0,0,3.87,3.06,2.23,pinnacle,0.23182914349388253,0.3289963698656095,0.43917448664050796,0.24999175706419596,0.3161660456988361,0.43384219723696793,-0.01816261357031343,0.012830324166773377,0.005332289403540025,DRAW,False,False,2.59,1.5,0.2618242015012807,-0.10492396475788801,0.10492396475788801
2024-04-13,Serie A,Bologna,Monza,0,0,1.54,4.13,6.8,pinnacle,0.4878740050665473,0.27392776298541194,0.2381982319480408,0.6252532493844092,0.23314527943147462,0.1416014711841162,-0.13737924431786186,0.04078248355393732,0.0965967607639246,DRAW,False,False,2.0,1.83,0.41759004886662643,-0.06021673964512292,0.060216739645122974
2024-04-14,Serie A,Napoli,Frosinone,2,2,1.35,5.56,8.42,pinnacle,0.7659802951697303,0.14537223550203884,0.08864746932823081,0.7126881235899294,0.17304477820978506,0.1142670982002856,0.05329217157980093,-0.027672542707746217,-0.025619628872054795,DRAW,True,True,1.51,2.54,0.6855547640182956,0.05839427019113508,-0.05839427019113497
2024-04-14,Serie A,Sassuolo,AC Milan,3,3,4.43,3.94,1.8,pinnacle,0.2445541307195027,0.21986392712517314,0.5355819421553244,0.2180798396073825,0.24520144402555946,0.536718716367058,0.026474291112120185,-0.025337516900386325,-0.0011367742117336377,DRAW,True,True,1.68,2.22,0.644212391959901,0.07498162272913178,-0.0749816227291315
2024-04-14,Serie A,Inter Milan,Cagliari,2,2,1.18,8.14,14.02,pinnacle,0.8345883622297511,0.11562728909368529,0.04978434867656375,0.8135845032066362,0.11793976827811187,0.06847572851525184,0.021003859023114857,-0.0023124791844265774,-0.018691379838688092,DRAW,True,True,1.42,2.83,0.6670982349625685,0.0012158820213920007,-0.0012158820213920007
2024-04-15,Serie A,Fiorentina,Genoa,1,1,1.92,3.49,4.42,pinnacle,0.5463696132414413,0.25958864577743673,0.19404174098112204,0.5038970372064155,0.2772155620161369,0.21888740077744748,0.042472576035025744,-0.017626916238700163,-0.024845659796325442,DRAW,True,False,2.05,1.78,0.4261894394236241,-0.03856251880091904,0.03856251880091899
2024-04-15,Serie A,Atalanta,Verona,2,2,1.47,4.72,6.93,pinnacle,0.709415723390033,0.18455203409305435,0.10603224251691279,0.6563566642787914,0.20441616451055583,0.13922717121065276,0.05305905911124165,-0.019864130417501485,-0.03319492869373997,DRAW,True,True,1.73,2.12,0.5553367180370772,0.004687367387726571,-0.004687367387726349
2024-04-19,Serie A,Genoa,Lazio,0,1,3.24,3.16,2.49,pinnacle,0.24557846912937176,0.29873801383265536,0.4556835170379727,0.3006143407298735,0.30822483036860443,0.3911608289015221,-0.05503587160050172,-0.009486816535949072,0.06452268813645062,AWAY,False,False,2.39,1.59,0.3443415734086249,-0.05515591402856107,0.05515591402856057
2024-04-19,Serie A,Cagliari,Juventus,2,2,5.16,3.58,1.79,pinnacle,0.13636006248435387,0.2422842496723408,0.6213556878433052,0.18782791185729278,0.27072402938090245,0.5414480587618049,-0.05146784937293891,-0.028439779708561652,0.07990762908150029,DRAW,True,True,2.27,1.65,0.4050918067812225,-0.015826560565716297,0.015826560565716297
2024-04-20,Serie A,Empoli,Napoli,1,0,5.1,4.06,1.68,pinnacle,0.1295480493373408,0.22677841732149676,0.6436735333411623,0.18896904817314408,0.23737491272981154,0.5736560390970444,-0.05942099883580329,-0.010596495408314782,0.07001749424411785,HOME,False,False,1.77,2.08,0.4449256075329548,-0.09533413272678554,0.09533413272678531
2024-04-20,Serie A,Verona,Udinese,1,0,2.63,3.05,3.08,pinnacle,0.29843062373105156,0.29731370754345604,0.4042556687254923,0.3681625966554188,0.3174647964602464,0.3143726068843348,-0.06973197292436722,-0.02015108891679035,0.08988306184115746,HOME,False,False,2.22,1.66,0.3701413399728374,-0.05769371157355435,0.057693711573554185
2024-04-21,Serie A,Sassuolo,Lecce,0,3,2.34,3.37,3.24,pinnacle,0.43900414457943393,0.2713761961075292,0.2896196593130369,0.4138072174091002,0.28733201446210516,0.29886076812879453,0.025196927170333727,-0.015955818354575935,-0.009241108815757626,AWAY,False,True,1.96,1.87,0.4573657393327349,-0.03088491340877958,0.030884913408779413
2024-04-21,Serie A,Torino,Frosinone,0,0,1.67,3.94,5.4,pinnacle,0.4830868704786089,0.2687715407810405,0.24814158874035064,0.5769950479744426,0.24456389089272054,0.17844106113283684,-0.09390817749583369,0.024207649888319943,0.0697005276075138,DRAW,False,False,1.94,1.88,0.44292706142646077,-0.04921953543217805,0.04921953543217794
2024-04-21,Serie A,Salernitana,Fiorentina,0,2,5.17,4.04,1.68,pinnacle,0.23649596232154152,0.2415294680248525,0.521974569653606,0.1866687202279453,0.23888051573724683,0.5744507640348079,0.04982724209359621,0.0026489522876056715,-0.05247619438120188,AWAY,False,False,1.8,2.02,0.5397888084187308,0.010992996900406116,-0.010992996900406116
2024-04-21,Serie A,Monza,Atalanta,1,2,4.09,3.68,1.93,pinnacle,0.32128475160346687,0.2608600048702133,0.41785524352631986,0.23637398368572216,0.2627091286072292,0.5009168877070486,0.08491076791774471,-0.0018491237370159008,-0.0830616441807287,AWAY,True,True,1.85,1.97,0.5114258094842891,-0.004280996798433412,0.004280996798433578
2024-04-22,Serie A,AS Roma,Bologna,1,3,2.41,3.16,3.31,pinnacle,0.4727519835358884,0.2743319119627607,0.252916104501351,0.40148470576494205,0.3061956142068071,0.2923196800282509,0.07126727777094632,-0.03186370224404639,-0.03940357552689988,AWAY,True,True,2.4,1.58,0.42637394739684736,0.029389022773731732,-0.029389022773731566
2024-04-22,Serie A,AC Milan,Inter Milan,1,2,3.96,3.68,1.96,pinnacle,0.3300472376570735,0.2486051009971789,0.42134766134574764,0.24411111712784966,0.2626847890832295,0.49320409378892077,0.08593612052922384,-0.014079688086050618,-0.07185643244317313,AWAY,True,True,1.73,2.13,0.5675016028724373,0.015688131369846703,-0.015688131369846592
2024-04-25,Serie A,Udinese,AS Roma,1,2,3.44,3.25,2.3,pinnacle,0.2959009769893494,0.2789951406223092,0.42510388238834135,0.2813640983174615,0.2978130763729439,0.42082282530959464,0.01453687867188791,-0.01881793575063473,0.004281057078746708,AWAY,True,True,2.06,1.78,0.43166519262079883,-0.0318764740458678,0.0318764740458678
2024-04-26,Serie A,Frosinone,Salernitana,3,0,1.42,5.12,7.63,pinnacle,0.5381059693823366,0.21709055936140859,0.24480347125625487,0.6833162499606441,0.18951349120002237,0.1271702588393335,-0.14521028057830754,0.02757706816138622,0.11763321241692137,HOME,False,True,1.58,2.4,0.6574021111442337,0.05438703576734938,-0.0543870357673496
2024-04-27,Serie A,Lecce,Monza,1,1,2.06,3.27,4.12,pinnacle,0.35016121038161974,0.3147140677925414,0.3351247218258391,0.4694903086862886,0.2957645369705671,0.2347451543431443,-0.11932909830466887,0.018949530821974314,0.10037956748269478,DRAW,True,False,2.22,1.67,0.32290704083391597,-0.10639887176248497,0.1063988717624853
2024-04-27,Serie A,Juventus,AC Milan,0,0,2.09,3.46,3.74,pinnacle,0.4904419400427513,0.26986730060096686,0.2396907593562819,0.4623486873133156,0.27927998742336113,0.25837132526332335,0.028093252729435747,-0.009412686822394267,-0.018680565907041452,DRAW,False,False,2.01,1.83,0.4328069039663368,-0.04375559603366319,0.04375559603366341
2024-04-27,Serie A,Lazio,Verona,1,0,1.66,3.96,5.53,pinnacle,0.6964467551486734,0.2113245621024516,0.0922286827488749,0.5816074492327142,0.24380514286017818,0.1745874079071077,0.11483930591595914,-0.032480580757726585,-0.0823587251582328,HOME,False,False,2.06,1.78,0.4180887236769329,-0.045452942989733736,0.04545294298973368
2024-04-28,Serie A,Inter Milan,Torino,2,0,1.54,4.12,6.94,pinnacle,0.6587183327556179,0.22030046014124993,0.1209812071031321,0.6266887597205053,0.2342477402838782,0.13906349999561646,0.03202957303511256,-0.013947280142628277,-0.018082292892484364,HOME,False,False,2.03,1.81,0.4508757384881195,-0.020478428178547115,0.02047842817854706
2024-04-28,Serie A,Bologna,Udinese,1,1,1.62,3.85,6.27,pinnacle,0.5202110452708126,0.25946356450948854,0.2203253902196986,0.5955385492143612,0.25059024668240654,0.1538712041032321,-0.07532750394354859,0.008873317827082006,0.0664541861164665,DRAW,True,False,2.09,1.75,0.45367091308148316,-0.0020582535851835226,0.0020582535851836337
2024-04-28,Serie A,Atalanta,Empoli,2,0,1.45,4.77,7.14,pinnacle,0.6844133891039179,0.19750017461282407,0.11808643628325786,0.6635416240480212,0.20170552512990164,0.13475285082207714,0.02087176505589672,-0.004205350517077572,-0.01666641453881927,HOME,False,False,1.69,2.18,0.5319423253616564,-0.0313651681783953,0.031365168178395075
2024-04-28,Serie A,Napoli,AS Roma,2,2,2.0,3.67,3.83,pinnacle,0.5638265443256032,0.24464072639180776,0.19153272928258896,0.48375728332432777,0.26362794731571,0.25261476935996224,0.08006926100127543,-0.01898722092390223,-0.06108204007737328,DRAW,True,True,1.88,1.94,0.4769254817557535,-0.030927921385607793,0.030927921385607737
2024-04-28,Serie A,Fiorentina,Sassuolo,5,1,1.74,3.98,4.8,pinnacle,0.6270704719075998,0.2057957977519427,0.16713373034045756,0.555652507765872,0.24292345816899935,0.20142403406512865,0.07141796414172774,-0.037127660417056646,-0.034290303724671095,HOME,True,True,1.76,2.09,0.6003315876036669,0.05747444474652397,-0.057474444746524134
2024-04-29,Serie A,Genoa,Cagliari,3,0,2.33,3.11,3.53,pinnacle,0.5457412372791408,0.26239717891677256,0.19186158380408663,0.41506644738085785,0.31096618083517646,0.2739673717839657,0.13067478989828296,-0.04856900191840391,-0.08210578797987905,HOME,False,True,2.3,1.62,0.4143321489692296,0.0010668428467806024,-0.0010668428467804913
2024-05-03,Serie A,Torino,Bologna,0,0,2.86,3.01,2.9,pinnacle,0.3527308221617602,0.3171809229183221,0.3300882549199178,0.340556188454876,0.3235849498275566,0.33585886171756735,0.012174633706884208,-0.006404026909234473,-0.005770606797649569,DRAW,False,False,2.69,1.47,0.3156659232077395,-0.03769946140764513,0.03769946140764524
2024-05-04,Serie A,Monza,Lazio,2,2,4.51,3.65,1.85,pinnacle,0.26340622408042735,0.2973687829070171,0.43922499301255535,0.2139744910084766,0.26439039847896695,0.5216351105125564,0.049431733071950756,0.03297838442805018,-0.08241011750000105,DRAW,True,True,1.97,1.86,0.35716768174770275,-0.12847200493637034,0.12847200493637023
2024-05-04,Serie A,Sassuolo,Inter Milan,1,0,6.04,4.79,1.51,pinnacle,0.15319937279573645,0.1870149339928241,0.6597856932114394,0.15971990663554517,0.20140046682227405,0.6388796265421807,-0.006520533839808718,-0.01438553282944996,0.02090606666925876,HOME,False,False,1.52,2.52,0.6599494517940214,0.03618707555639755,-0.03618707555639761
2024-05-05,Serie A,Cagliari,Lecce,1,1,2.2,3.18,3.77,pinnacle,0.32735768416149924,0.31018725133175007,0.3624550645067509,0.4394873637210121,0.30404786169378195,0.25646477458520606,-0.11212967955951286,0.006139389637968118,0.10599028992154486,DRAW,True,False,2.2,1.68,0.33568767136616734,-0.09730201935548216,0.09730201935548233
2024-05-05,Serie A,Empoli,Frosinone,0,0,2.43,3.26,3.17,pinnacle,0.3482246173796353,0.27341189279711364,0.37836348982325124,0.3980954655592836,0.2967398715671961,0.3051646628735203,-0.04987084817964832,-0.02332797877008247,0.07319882694973096,DRAW,False,False,1.87,1.9,0.46520988075614167,-0.038768899084707154,0.03876889908470704
2024-05-05,Serie A,Verona,Fiorentina,2,1,3.2,3.26,2.42,pinnacle,0.20014009521225526,0.27175514110469073,0.5281047636830541,0.30267176158249315,0.29710111566379693,0.40022712275371,-0.10253166637023789,-0.0253459745591062,0.12787764092934417,HOME,True,True,2.13,1.72,0.39244648059165366,-0.05430676616159308,0.054306766161593245
2024-05-05,Serie A,AC Milan,Genoa,3,3,1.49,4.59,6.64,pinnacle,0.6118113446934017,0.22463036063914193,0.1635582946674564,0.6455709876870089,0.2095644382687676,0.1448645740442234,-0.03375964299360723,0.015065922370374324,0.01869372062323299,DRAW,True,True,1.76,2.07,0.5138251599441888,-0.026644813946150703,0.026644813946150647
2024-05-05,Serie A,AS Roma,Juventus,1,1,2.88,3.12,2.74,pinnacle,0.3211311785723528,0.3089160926517394,0.3699527287759078,0.3362280536152539,0.31036435718331123,0.3534075892014347,-0.015096875042901081,-0.001448264531571819,0.016545139574473067,DRAW,True,False,2.42,1.57,0.3388365194401208,-0.05464718983306216,0.05464718983306216
2024-05-06,Serie A,Salernitana,Atalanta,1,2,8.73,5.45,1.35,pinnacle,0.22441963827437897,0.21505116751755554,0.5605291942080655,0.11027180144331288,0.1766372158899305,0.7130909826667565,0.1141478368310661,0.03841395162762504,-0.15256178845869106,AWAY,True,True,1.51,2.53,0.6441555714059428,0.01791794764356669,-0.017917947643566634
2024-05-06,Serie A,Udinese,Napoli,1,1,3.74,3.73,2.0,pinnacle,0.19265038809889218,0.24045983260036202,0.5668897793007459,0.2582190500584973,0.25891132633211267,0.48286962360939006,-0.06556866195960515,-0.018451493731750646,0.08402015569135585,DRAW,True,False,1.81,1.98,0.49437735249497705,-0.02805008813826837,0.028050088138268314
2024-05-10,Serie A,Frosinone,Inter Milan,0,5,4.6,4.06,1.76,pinnacle,0.15931819302431088,0.18970667121664841,0.6509751357590406,0.2106752836285586,0.23869613416043586,0.5506285822110054,-0.05135709060424773,-0.04898946294378745,0.10034655354803523,AWAY,False,True,1.71,2.16,0.6597867404959601,0.10164720561223917,-0.10164720561223911
2024-05-11,Serie A,Napoli,Bologna,0,2,2.14,3.45,3.42,pinnacle,0.6145355182423797,0.2263604076353606,0.15910407412225952,0.4452318420575982,0.27617279478355367,0.278595363158848,0.16930367618478154,-0.049812387148193055,-0.11949128903658846,AWAY,False,False,1.92,1.88,0.4994851463684793,0.004748304263216152,-0.004748304263216152
2024-05-11,Serie A,AC Milan,Cagliari,5,1,1.41,4.95,6.91,pinnacle,0.749750545032206,0.16050155144060535,0.08974790352718855,0.6716365157254193,0.19131464387330122,0.13704884040127946,0.07811402930678668,-0.030813092432695866,-0.04730093687409091,HOME,True,True,1.57,2.42,0.6141224145044687,0.0076061237776516855,-0.00760612377765163
2024-05-12,Serie A,Lazio,Empoli,2,0,1.58,3.95,5.8,pinnacle,0.672935708157814,0.22522552623651076,0.10183876560567538,0.5979381443298969,0.23917525773195875,0.16288659793814433,0.07499756382791711,-0.013949731495447981,-0.06104783233246895,HOME,False,False,1.96,1.86,0.39530536712477593,-0.09160562763962204,0.0916056276396221
2024-05-12,Serie A,Genoa,Sassuolo,2,1,2.21,3.44,3.26,pinnacle,0.4763023818867807,0.2540228717782701,0.2696747463349493,0.4309683568140069,0.2768721129531847,0.2921595302328084,0.04533402507277379,-0.022849241174914603,-0.022484783897859073,HOME,True,True,1.89,1.93,0.514921905144184,0.009686303049943223,-0.009686303049943112
2024-05-12,Serie A,Verona,Torino,1,2,3.07,3.01,2.56,pinnacle,0.26092036570998534,0.33125611012575795,0.40782352416425655,0.31064078530970957,0.3168329604321622,0.3725262542581282,-0.04972041959972423,0.01442314969359576,0.03529726990612836,AWAY,True,True,2.45,1.56,0.2672856511174555,-0.12174178030399085,0.12174178030399074
2024-05-12,Serie A,Juventus,Salernitana,1,1,1.13,8.5,17.59,pinnacle,0.7421264389148869,0.17162628161692386,0.08624727946818916,0.8352947288972367,0.11104506395927968,0.05366020714348365,-0.09316828998234972,0.06058121765764418,0.032587072324705514,DRAW,True,False,1.48,2.63,0.5514439169048743,-0.0884587594941525,0.0884587594941525
2024-05-12,Serie A,Atalanta,AS Roma,2,1,1.97,3.56,3.8,pinnacle,0.44805757092819753,0.25477082080765423,0.2971716082641482,0.48267397385397043,0.26709767654278704,0.2502283496032426,-0.03461640292577289,-0.012326855735132813,0.046943258660905596,HOME,True,True,1.85,1.97,0.527651873696396,0.011945067413673516,-0.011945067413673405
2024-05-13,Serie A,Lecce,Udinese,0,2,2.65,2.93,2.93,pinnacle,0.37641076926253814,0.30505100672106766,0.31853822401639426,0.3560145808019442,0.321992709599028,0.321992709599028,0.020396188460593934,-0.01694170287796032,-0.003454485582633726,AWAY,False,False,2.29,1.63,0.3501812041783678,-0.06563512235224445,0.06563512235224445
2024-05-13,Serie A,Fiorentina,Monza,2,1,1.55,4.3,5.58,pinnacle,0.529447020379203,0.26096727542298503,0.20958570419781175,0.610410094637224,0.2200315457413249,0.1695583596214511,-0.08096307425802096,0.04093572968166012,0.040027344576360646,HOME,True,True,1.72,2.14,0.437796742619472,-0.1166074024582483,0.11660740245824819
2024-05-17,Serie A,Fiorentina,Napoli,2,2,2.33,3.58,3.13,pinnacle,0.2973527680451447,0.27095220892148614,0.43169502303336904,0.41749348912245665,0.2717206228087497,0.3107858880687936,-0.12014072107731194,-0.0007684138872635637,0.12090913496457545,DRAW,True,True,1.75,2.11,0.4622901262398518,-0.08434199811247978,0.08434199811247983
2024-05-18,Serie A,Lecce,Atalanta,0,2,4.68,3.83,1.76,pinnacle,0.26166618208078773,0.2700208124400559,0.4683130054791564,0.20487508358154521,0.2503434441675278,0.544781472250927,0.05679109849924252,0.019677368272528084,-0.0764684667717706,AWAY,False,False,1.88,1.95,0.44741846725785606,-0.06171991394318832,0.061719913943188154
2024-05-18,Serie A,Torino,AC Milan,3,1,2.85,3.21,2.66,pinnacle,0.2927286043768293,0.2901035204153397,0.41716787520783116,0.33792014437175727,0.30002255808707423,0.36205729754116855,-0.045191539994927976,-0.00991903767173452,0.05511057766666261,HOME,True,True,2.14,1.73,0.3918630709306636,-0.055165352841946236,0.055165352841946236
2024-05-19,Serie A,Sassuolo,Cagliari,0,2,2.38,3.47,3.07,pinnacle,0.5557752803320359,0.22988926824283434,0.21433545142512977,0.4063185356681071,0.27868533570319737,0.3149961286286954,0.14945674466392883,-0.048796067460363024,-0.10066067720356564,AWAY,False,False,1.83,2.0,0.5651977105377006,0.04300449904945003,-0.043004499049449973
2024-05-19,Serie A,Monza,Frosinone,0,1,3.0,3.63,2.36,pinnacle,0.49533405595240776,0.24601778350774117,0.25864816053985107,0.32282716830966807,0.26679931265261825,0.4103735190377137,0.1725068876427397,-0.020781529144877076,-0.15172535849786262,AWAY,False,False,1.71,2.15,0.5403258276271233,-0.016668991025726387,0.016668991025726443
2024-05-19,Serie A,Udinese,Empoli,1,1,2.06,3.34,4.02,pinnacle,0.5153645685137089,0.2772546002390006,0.2073808312472904,0.4696590225406108,0.2896699360579815,0.24067104140140758,0.045705545973098116,-0.01241533581898091,-0.03329021015411718,DRAW,True,False,2.26,1.65,0.3818602996437399,-0.04013458526674596,0.04013458526674607
2024-05-19,Serie A,Inter Milan,Lazio,1,1,1.68,4.28,4.85,pinnacle,0.5175720557408767,0.2619794364477085,0.2204485078114149,0.5750711982358352,0.22572888155051474,0.19919992021365013,-0.057499142494958466,0.036250554897193754,0.021248587597764768,DRAW,True,False,1.73,2.13,0.4446904459016029,-0.10712302560098774,0.10712302560098791
2024-05-19,Serie A,AS Roma,Genoa,1,0,1.49,4.5,6.93,pinnacle,0.5516694085713956,0.26081343419601166,0.18751715723259263,0.6467810277565191,0.21415638474604742,0.13906258749743342,-0.09511161918512356,0.04665704944996424,0.048454569735159214,HOME,False,False,1.79,2.0,0.4147647853812153,-0.11293970010691123,0.1129397001069114
2024-05-20,Serie A,Salernitana,Verona,1,2,5.1,3.98,1.69,pinnacle,0.4776209321694149,0.2672467637788109,0.25513230405177423,0.18870920680522513,0.24181330520267535,0.5694774879920994,0.2889117253641898,0.025433458576135548,-0.3143451839403252,AWAY,True,True,1.88,1.94,0.4533782343306263,-0.054475168810735,0.054475168810735
2024-05-20,Serie A,Bologna,Juventus,3,3,2.48,3.1,3.26,pinnacle,0.28193591175378185,0.3034126228563836,0.41465146538983455,0.39051269765213226,0.3124101581217058,0.29707714422616194,-0.1085767858983504,-0.00899753526532221,0.11757432116367261,DRAW,True,True,2.39,1.58,0.3464084383265442,-0.051576448323329915,0.05157644832332964
2024-05-23,Serie A,Cagliari,Fiorentina,2,3,4.42,3.85,1.84,pinnacle,0.2013124778588477,0.25348655590574176,0.5452009662354105,0.21976931047533957,0.252306585013247,0.5279241045114135,-0.018456832616491864,0.001179970892494775,0.017276861723997006,AWAY,True,True,1.71,2.17,0.4557966822554449,-0.10348166826001903,0.10348166826001903
2024-05-24,Serie A,Genoa,Bologna,2,0,3.52,3.33,2.2,pinnacle,0.3361462426388806,0.2948422764545477,0.36901148090657154,0.2734439152570209,0.28904582033174575,0.43751026441123336,0.06270232738185971,0.005796456122801941,-0.06849878350466182,HOME,False,False,2.23,1.68,0.3851448843507759,-0.044522634830809815,0.04452263483080987
2024-05-25,Serie A,Juventus,Monza,2,0,1.33,5.57,8.68,pinnacle,0.6055632464959538,0.2515567386851289,0.1428800148189175,0.7183882341928169,0.17153614927763852,0.11007561652954453,-0.11282498769686311,0.08002058940749038,0.032804398289372955,HOME,False,False,1.61,2.33,0.38628129044184495,-0.2050892679337895,0.2050892679337895
2024-05-25,Serie A,AC Milan,Salernitana,3,3,1.17,8.69,13.1,pinnacle,0.7392695596029386,0.15602138820014205,0.10470905219691917,0.8170265112503615,0.11000241866086571,0.07297107008877274,-0.07775695164742291,0.04601896953927634,0.031737982108146434,DRAW,True,True,1.26,3.78,0.6859804912695479,-0.06401950873045215,0.06401950873045203
2024-05-26,Serie A,Atalanta,Torino,3,0,3.54,3.44,2.14,pinnacle,0.5330623498161647,0.26004396978919453,0.20689368039464068,0.27149748476846597,0.27938985351173534,0.4491126617197988,0.26156486504769877,-0.019345883722540813,-0.24221898132515812,HOME,False,True,1.92,1.9,0.4383159037992821,-0.059066295153597514,0.0590662951535974
2024-05-26,Serie A,Napoli,Lecce,0,0,1.43,4.95,6.9,pinnacle,0.7051427729541629,0.19847343779186757,0.09638378925396932,0.6683887633193414,0.19309008718114304,0.13852114949951566,0.03675400963482156,0.0053833506107245355,-0.042137360245546346,DRAW,False,False,1.57,2.41,0.4731550841870378,-0.132372554003917,0.132372554003917
2024-05-26,Serie A,Empoli,AS Roma,2,1,1.99,3.8,3.64,pinnacle,0.20843040162268595,0.2830784134902612,0.5084911848870528,0.4830013688297903,0.2529401905187586,0.26405844065145123,-0.27457096720710433,0.030138222971502593,0.24443274423560157,HOME,True,True,1.85,1.98,0.3650825488485445,-0.15188873052482355,0.1518887305248236
2024-05-26,Serie A,Frosinone,Udinese,0,1,2.46,3.11,3.22,pinnacle,0.4273168126906582,0.2492215142128738,0.3234616730964678,0.3913937309466114,0.30959118267802704,0.2990150863753615,0.03592308174404679,-0.06036966846515324,0.024446586721106278,AWAY,False,False,1.96,1.86,0.5626494699422658,0.07573847517786786,-0.07573847517786814
2024-05-26,Serie A,Lazio,Sassuolo,1,1,1.36,5.44,7.98,pinnacle,0.6738520034297567,0.19736531718762584,0.12878267938261734,0.7040141155712395,0.17600352889280987,0.11998235553595059,-0.03016211214148279,0.02136178829481597,0.00880032384666675,DRAW,True,False,1.51,2.56,0.5580588805962329,-0.0709337483963961,0.07093374839639616
2024-05-26,Serie A,Verona,Inter Milan,2,2,5.69,4.47,1.55,pinnacle,0.10757856699336728,0.19651753002907732,0.6959039029775556,0.16823975348632786,0.2141575385541847,0.6176027079594875,-0.06066118649296058,-0.017640008525107387,0.07830119501806809,DRAW,True,True,1.64,2.28,0.5096581521334396,-0.07197450092778479,0.0719745009277849
2024-06-02,Serie A,Atalanta,Fiorentina,2,3,1.47,4.86,6.26,pinnacle,0.4615932553618713,0.2497352724231366,0.2886714722149922,0.6504939063502245,0.1967543296985247,0.1527517639512508,-0.18890065098835324,0.0529809427246119,0.13591970826374136,AWAY,True,True,1.54,2.48,0.5447207390322799,-0.0721946838532922,0.0721946838532922
2024-08-17,Serie A,Genoa,Inter Milan,2,2,6.6,4.18,1.55,pinnacle,0.18259316213302867,0.23998316590087393,0.5774236719660975,0.14626272659548054,0.2309411472560219,0.6227961261484977,0.03633043553754814,0.009042018644852018,-0.04537245418240021,DRAW,True,True,1.88,1.96,0.4827972041874806,-0.02761946247918612,0.027619462479186008
2024-08-17,Serie A,Empoli,Monza,0,0,2.53,3.13,3.14,pinnacle,0.29314880372268626,0.30894923804154684,0.3979019582357671,0.3825497347351049,0.3092175172139985,0.30823274805089657,-0.08940093101241864,-0.00026827917245164645,0.08966921018487051,DRAW,False,False,2.11,1.75,0.3335298027709882,-0.11983807287668019,0.11983807287668025
2024-08-17,Serie A,AC Milan,Torino,2,2,1.62,4.06,5.76,pinnacle,0.5560348266685973,0.25785786883471745,0.18610730449668528,0.595144296839212,0.2374713696747595,0.16738433348602838,-0.039109470170614724,0.020386499159957938,0.018722971010656897,DRAW,True,True,1.92,1.91,0.4230474611591399,-0.07564705581213949,0.07564705581213949
2024-08-18,Serie A,Bologna,Udinese,1,1,1.95,3.29,4.57,pinnacle,0.5202110452708126,0.25946356450948854,0.2203253902196986,0.4951963454678993,0.2935054327241348,0.21129822180796576,0.02501469980291332,-0.034041868214646276,0.009027168411732844,DRAW,True,False,2.34,1.61,0.45367091308148316,0.046075976372622396,-0.046075976372622285
2024-08-18,Serie A,Verona,Napoli,3,0,4.99,3.67,1.78,pinnacle,0.11760238654065128,0.21387079352527436,0.6685268199340746,0.19368419804258166,0.26334717935489993,0.5429686226025184,-0.07608181150193039,-0.049476385829625574,0.12555819733155615,HOME,False,True,1.9,1.93,0.4669042307175183,-0.037012218368643546,0.03701221836864371
2024-08-18,Serie A,Cagliari,AS Roma,0,0,4.04,3.53,1.99,pinnacle,0.19448473190979698,0.2546423819205137,0.5508728861696893,0.23954237779407003,0.2741504833677176,0.4863071388382125,-0.04505764588427305,-0.019508101447203885,0.0645657473314768,DRAW,False,False,1.94,1.86,0.443898552159209,-0.04557513205131741,0.04557513205131736
2024-08-19,Serie A,Lecce,Atalanta,0,4,4.44,3.62,1.88,pinnacle,0.26166618208078773,0.2700208124400559,0.4683130054791564,0.21794937487189997,0.2673191227710597,0.5147315023570405,0.043716807208887765,0.002701689668996199,-0.046418496877884075,AWAY,False,True,1.93,1.9,0.44741846725785606,-0.048665083655982155,0.04866508365598199
2024-08-24,Serie A,Udinese,Lazio,2,1,3.38,3.11,2.4,pinnacle,0.2463861980078103,0.284072392819089,0.4695414091731006,0.28611074908577955,0.3109499459517475,0.4029393049624728,-0.03972455107796924,-0.026877553132658494,0.06660210421062779,HOME,True,True,2.39,1.59,0.3894583164133777,-0.010039171023808302,0.010039171023808136
2024-08-24,Serie A,Inter Milan,Lecce,2,0,1.2,7.01,15.07,pinnacle,0.7320207194936095,0.1806172079170662,0.08736207258932431,0.7994803865996352,0.13685826874744111,0.06366134465292382,-0.06745966710602569,0.04375893916962509,0.02370072793640049,HOME,False,False,1.58,2.39,0.5171020779605648,-0.08491303538956119,0.08491303538956108
2024-08-24,Serie A,Monza,Genoa,0,1,2.68,3.11,2.96,pinnacle,0.4360958935093052,0.2925460496489128,0.2713580568417821,0.36138372878162145,0.3114174897539375,0.32719878146444104,0.07471216472768377,-0.018871440105024728,-0.05584072462265893,AWAY,False,False,2.31,1.63,0.37559781375290896,-0.03810777000343624,0.038107770003436126
2024-08-25,Serie A,Torino,Atalanta,2,1,3.32,3.26,2.35,pinnacle,0.3213059092181864,0.2861290352105522,0.39256505557126126,0.2914457015468193,0.2968097328636319,0.4117445655895489,0.0298602076713671,-0.010680697653079663,-0.01917951001828766,HOME,True,True,2.08,1.77,0.4132742689362969,-0.04646599080396285,0.04646599080396263
2024-08-25,Serie A,Napoli,Bologna,3,0,1.94,3.62,4.11,pinnacle,0.6145355182423797,0.2263604076353606,0.15910407412225952,0.4980250649385427,0.2668974104919262,0.23507752456953107,0.11651045330383702,-0.04053700285656561,-0.07597345044727155,HOME,False,True,1.99,1.84,0.4994851463684793,0.01906739179928868,-0.019067391799288846
2024-08-25,Serie A,AS Roma,Empoli,1,2,1.5,4.45,6.8,pinnacle,0.642059278038048,0.2325946927194653,0.12534602924248672,0.6419857855097062,0.21639970298079986,0.14161451150949403,7.349252834176756e-05,0.016194989738665455,-0.016268482267007306,AWAY,True,True,1.84,1.98,0.4174390756072664,-0.10088553172257658,0.10088553172257653
2024-08-26,Serie A,Verona,Juventus,0,3,5.23,3.77,1.72,pinnacle,0.13733957407133737,0.2630305403782578,0.5996298855504049,0.18423108722025391,0.25557787431350876,0.5601910384662372,-0.04689151314891654,0.007452666064749036,0.03943884708416767,AWAY,False,True,2.06,1.78,0.3455283723342665,-0.11801329433240015,0.11801329433240026
2024-08-30,Serie A,Inter Milan,Atalanta,4,0,1.58,4.43,5.79,pinnacle,0.6203877879156394,0.20263676650300222,0.1769754455813583,0.6136688254982976,0.21887059690458477,0.1674605775971175,0.006718962417341823,-0.01623383040158255,0.00951486798424081,HOME,False,True,1.62,2.34,0.6322915102389921,0.041382419329901166,-0.04138241932990128
2024-08-31,Serie A,Bologna,Empoli,1,1,1.66,3.79,5.89,pinnacle,0.5984000007934142,0.2507886513591743,0.15081134784741146,0.5814533794889025,0.25467351186057474,0.16387310865052263,0.016946621304511633,-0.0038848605014004667,-0.013061760803111166,DRAW,True,False,2.15,1.72,0.40019717247947095,-0.04424727196497347,0.044247271964973356
2024-08-31,Serie A,Lecce,Cagliari,1,0,2.33,3.18,3.45,pinnacle,0.4925248264544364,0.289241623726072,0.21823354981949158,0.4152708856159795,0.3042708061274315,0.2804583082565891,0.07725394083845688,-0.015029182401359531,-0.06222475843709749,HOME,False,False,2.35,1.61,0.3545795514770883,-0.05198610508856827,0.05198610508856827
2024-08-31,Serie A,Lazio,AC Milan,2,2,2.97,3.44,2.46,pinnacle,0.4534069484452462,0.2713721213595337,0.27522093019522015,0.32565979357639285,0.28116557759357175,0.3931746288300353,0.12774715486885335,-0.009793456234038045,-0.11795369863481514,DRAW,True,True,1.88,1.95,0.4502877245536041,-0.05885065664744027,0.058850656647440325
2024-09-01,Serie A,Fiorentina,Monza,2,2,1.7,3.86,5.24,pinnacle,0.529447020379203,0.26096727542298503,0.20958570419781175,0.5666229647807622,0.24954897412624247,0.18382806109299538,-0.03717594440155925,0.011418301296742567,0.025757643104816375,DRAW,True,True,2.0,1.84,0.437796742619472,-0.041369924047194695,0.04136992404719464
2024-09-01,Serie A,Genoa,Verona,0,2,2.02,3.29,4.25,pinnacle,0.527772333697365,0.2815994026443453,0.19062826365828955,0.47863473144081636,0.2938729962037839,0.22749227235539976,0.04913760225654862,-0.012273593559438578,-0.03686400869711021,AWAY,False,False,2.35,1.61,0.3538648595859337,-0.05270079697972285,0.05270079697972285
2024-09-01,Serie A,Juventus,AS Roma,0,0,1.76,3.73,5.02,pinnacle,0.5009083891658452,0.2861911579256675,0.2129004529084872,0.5487126589029615,0.2589099945493866,0.19237734654765182,-0.04780426973711627,0.027281163376280892,0.020523106360835375,DRAW,False,False,2.06,1.78,0.3594704190437417,-0.10407124762292491,0.10407124762292475
2024-09-14,Serie A,Empoli,Juventus,0,0,5.54,3.68,1.7,pinnacle,0.14905202716133178,0.2754463633744971,0.5755016094641711,0.17348285692101204,0.2611671269952192,0.5653500160837687,-0.02443082975968025,0.014279236379277915,0.01015159338040239,DRAW,False,False,2.19,1.7,0.3273574337209645,-0.10966056113764733,0.10966056113764744
2024-09-15,Serie A,Genoa,AS Roma,1,1,3.37,3.28,2.29,pinnacle,0.2937992985998074,0.292497888737491,0.4137028126627016,0.28579147024020146,0.29363330936264603,0.42057522039715245,0.00800782835960595,-0.001135420625155037,-0.006872407734450858,DRAW,True,False,2.19,1.69,0.38430312276312895,-0.05126388754614941,0.05126388754614952
2024-09-15,Serie A,Atalanta,Fiorentina,3,2,1.83,3.85,4.29,pinnacle,0.4615932553618713,0.2497352724231366,0.2886714722149922,0.5257905242147284,0.24992121021115662,0.22428826557411494,-0.06419726885285709,-0.00018593778802003524,0.06438320664087724,HOME,True,True,1.74,2.12,0.5447207390322799,-0.004502058895181293,0.004502058895181182
2024-09-15,Serie A,Torino,Lecce,0,0,1.84,3.34,5.07,pinnacle,0.44469865741139625,0.3289919754133677,0.22630936717523598,0.5225159064681161,0.2878530742219562,0.1896310193099277,-0.07781724905671983,0.0411389011914115,0.03667834786530827,DRAW,False,False,2.37,1.6,0.25945126191217793,-0.14357140811301095,0.14357140811301095
2024-09-15,Serie A,Cagliari,Napoli,0,4,4.43,3.73,1.83,pinnacle,0.11472423116273213,0.19509003122995122,0.6901857376073167,0.216993518074051,0.2577161622166343,0.5252903197093146,-0.10226928691131888,-0.06262613098668307,0.1648954178980021,AWAY,False,True,1.86,1.97,0.5336232243159112,0.01926291099998434,-0.01926291099998423
2024-09-15,Serie A,Monza,Inter Milan,1,1,7.58,4.97,1.41,pinnacle,0.19788288337126053,0.24217094476384624,0.5599461718648931,0.12656565784269283,0.19303172765545507,0.6804026145018521,0.0713172255285677,0.04913921710839117,-0.12045644263695898,DRAW,True,False,1.68,2.22,0.494361545564115,-0.07486922366665422,0.07486922366665444
2024-09-16,Serie A,Lazio,Verona,2,1,1.62,3.97,5.78,pinnacle,0.6964467551486734,0.2113245621024516,0.0922286827488749,0.5922987176575051,0.24169368327585852,0.16600759906663637,0.1041480374911683,-0.030369121173406927,-0.07377891631776147,HOME,True,True,2.01,1.82,0.4180887236769329,-0.05710709877737524,0.05710709877737519
2024-09-20,Serie A,Cagliari,Empoli,0,2,2.17,3.35,3.72,pinnacle,0.390230841759108,0.3057840692934097,0.30398508894748216,0.44821050284312636,0.2903333704983833,0.26145612665849033,-0.057979661084018363,0.015450698795026363,0.042528962288991834,AWAY,False,False,2.2,1.69,0.3453541775916438,-0.08909312317956447,0.08909312317956442
2024-09-20,Serie A,Verona,Torino,2,3,2.85,3.02,2.9,pinnacle,0.26092036570998534,0.33125611012575795,0.40782352416425655,0.34170893484198206,0.32247366367538044,0.33581740148263756,-0.08078856913199672,0.008782446450377512,0.07200612268161899,AWAY,True,True,2.57,1.52,0.2672856511174555,-0.10435249069183544,0.10435249069183528
2024-09-21,Serie A,Juventus,Napoli,0,0,2.26,3.28,3.49,pinnacle,0.3855137282212894,0.29886025726367793,0.3156260145150326,0.42797430778318646,0.2948847364603662,0.27714095575644737,-0.04246057956189708,0.003975520803311705,0.03848505875858521,DRAW,False,False,2.2,1.69,0.369131646589943,-0.06531565418126523,0.06531565418126517
2024-09-22,Serie A,Fiorentina,Lazio,2,1,2.32,3.43,3.23,pinnacle,0.35466883994961873,0.2981173673527231,0.34721379269765806,0.4175973705338465,0.2824565305068582,0.2999460989592953,-0.06292853058422776,0.01566083684586489,0.04726769373836276,HOME,True,True,2.04,1.81,0.37473940577669373,-0.09539046435317639,0.09539046435317644
2024-09-22,Serie A,Monza,Bologna,1,2,3.21,3.23,2.43,pinnacle,0.35866323228962016,0.2900950347165921,0.35124173299378747,0.30167771692130296,0.29980974344191413,0.3985125396367829,0.0569855153683172,-0.009714708725322041,-0.04727080664299543,AWAY,True,True,2.28,1.64,0.4024308473082021,-0.015936499630573364,0.01593649963057331
2024-09-22,Serie A,AS Roma,Udinese,3,0,1.63,4.07,5.59,pinnacle,0.5684237030479724,0.24602642300459499,0.18554987394743283,0.5909873730748549,0.2366853607154824,0.17232726620966254,-0.022563670026882532,0.009341062289112578,0.013222607737770287,HOME,False,True,2.01,1.83,0.4641180652605189,-0.012444434739481092,0.012444434739481203
2024-09-22,Serie A,Inter Milan,AC Milan,1,2,1.66,4.11,5.25,pinnacle,0.5795573253302053,0.21910000209473407,0.20134267257506083,0.5813671524527753,0.2348100907716805,0.18382275677554416,-0.0018098271225699403,-0.015710088676946427,0.017519915799516672,AWAY,True,True,1.65,2.26,0.5955971133351129,0.017591998245598872,-0.01759199824559876
2024-09-27,Serie A,AC Milan,Lecce,3,0,1.33,5.73,9.55,pinnacle,0.6343523680871554,0.22412542674276956,0.14152220517007486,0.7291931789259354,0.16925426317129041,0.10155255790277423,-0.09484081083877993,0.05487116357147914,0.03996964726730062,HOME,False,True,1.52,2.52,0.47692371456783567,-0.1468386616697882,0.14683866166978798
2024-09-28,Serie A,Udinese,Inter Milan,2,3,7.07,4.52,1.48,pinnacle,0.17980581994042438,0.22595046589517356,0.594243714164402,0.1362177659765097,0.21306628439246098,0.6507159496310294,0.043588053963914686,0.012884181502712588,-0.056472235466627385,AWAY,True,True,1.76,2.1,0.5344904797258472,-0.00955097105135494,0.00955097105135494
2024-09-28,Serie A,Genoa,Juventus,0,3,5.56,3.6,1.73,pinnacle,0.21476888430077218,0.2968540172391897,0.488377098460038,0.17366184458547576,0.26821107108201253,0.5581270843325117,0.04110703971529642,0.028642946157177163,-0.06974998587247366,AWAY,False,True,2.35,1.61,0.3307701234329562,-0.07579553313270038,0.07579553313270027
2024-09-28,Serie A,Bologna,Atalanta,1,1,3.03,3.28,2.52,pinnacle,0.3902005298063713,0.2585532158271902,0.3512462543664384,0.31988111271072306,0.29549993033947897,0.384618956949798,0.07031941709564826,-0.03694671451228876,-0.03337270258335956,DRAW,True,False,1.99,1.85,0.5277112992633831,0.04594046593004969,-0.04594046593004997
2024-09-29,Serie A,Torino,Lazio,2,3,2.91,3.24,2.63,pinnacle,0.2628939415948977,0.32808344827683406,0.40902261012826824,0.3328216725449071,0.29892316885977765,0.36825515859531543,-0.06992773095000937,0.0291602794170564,0.0407674515329528,AWAY,True,True,2.22,1.68,0.2751999461005359,-0.15556928466869485,0.15556928466869502
2024-09-29,Serie A,Empoli,Fiorentina,0,0,3.48,3.27,2.27,pinnacle,0.21552293570636877,0.28128033890088433,0.5031967253927467,0.2779893716224567,0.295841900075275,0.4261687283022684,-0.062466435916087915,-0.01456156117439067,0.07702799709047836,DRAW,False,False,2.2,1.69,0.37627619691316533,-0.058171103858042916,0.058171103858042694
2024-09-29,Serie A,Napoli,Monza,2,0,1.36,5.16,9.29,pinnacle,0.6741743579786268,0.20429950960434082,0.12152613241703245,0.7092400471086755,0.1869314852844571,0.10382846760686748,-0.035065689130048705,0.017368024319883713,0.017697664810164965,HOME,False,False,1.75,2.1,0.512385089898391,-0.03306945555615448,0.03306945555615448
2024-10-05,Serie A,Udinese,Lecce,1,0,2.3,3.22,3.47,pinnacle,0.4459227195879216,0.2961804624080529,0.25789681800402564,0.42067890543817116,0.30048493245583646,0.2788361621059924,0.025243814149750465,-0.00430447004778356,-0.02093934410196674,HOME,False,False,2.15,1.72,0.35814358748694153,-0.08630085695750289,0.086300856957503
2024-10-05,Serie A,Atalanta,Genoa,5,1,1.47,4.63,7.16,pinnacle,0.5880263412668525,0.2286738885434874,0.18329977018966004,0.6566842504570928,0.20849370370883938,0.13482204583406793,-0.06865790919024028,0.020180184834648035,0.04847772435559211,HOME,True,True,1.8,2.04,0.5285245033528446,-0.0027254966471553788,0.0027254966471554343
2024-10-05,Serie A,Inter Milan,Torino,3,2,1.32,5.52,9.87,pinnacle,0.6587183327556179,0.22030046014124993,0.1209812071031321,0.7284015979207779,0.17418299080714256,0.09741541127207971,-0.06968326516515999,0.046117469334107375,0.02356579583105238,HOME,True,True,1.69,2.21,0.4508757384881195,-0.11579092817854714,0.11579092817854703
2024-10-06,Serie A,Juventus,Cagliari,1,1,1.38,4.94,9.15,pinnacle,0.7455368567892889,0.1794779917961032,0.07498515141460796,0.6992166471756603,0.1953277273486662,0.10545562547567335,0.04632020961362859,-0.015849735552563027,-0.030470474061065386,DRAW,True,False,1.95,1.88,0.4826553441588605,-0.008206274640095157,0.008206274640095157
2024-10-06,Serie A,Lazio,Empoli,2,1,1.59,3.99,6.38,pinnacle,0.672935708157814,0.22522552623651076,0.10183876560567538,0.6069019776132747,0.24184815649250793,0.15124986589421738,0.06603373054453932,-0.016622630255997167,-0.049411100288541995,HOME,True,True,2.0,1.84,0.39530536712477593,-0.08386129954189075,0.08386129954189081
2024-10-06,Serie A,Monza,AS Roma,1,1,4.29,3.38,1.98,pinnacle,0.31446905593814767,0.2895507514465885,0.39598019261526385,0.2254335260115607,0.2861271676300578,0.48843930635838156,0.08903552992658698,0.0034235838165306842,-0.09245911374311772,DRAW,True,False,2.16,1.71,0.3998531893247575,-0.042007275791521526,0.042007275791521526
2024-10-06,Serie A,Fiorentina,AC Milan,2,1,3.35,3.55,2.21,pinnacle,0.3968477793812403,0.2616476751928006,0.3415045454259592,0.28905918980159534,0.27277416502404067,0.438166645174364,0.10778858957964493,-0.011126489831240094,-0.09666209974840478,HOME,True,True,1.73,2.13,0.5129044754433968,-0.038908996059193846,0.038908996059193846
2024-10-19,Serie A,Genoa,Bologna,2,2,3.85,3.16,2.19,pinnacle,0.3361462426388806,0.2948422764545477,0.36901148090657154,0.2514872137772141,0.3064005610893273,0.4421122251334586,0.08465902886166649,-0.011558284634779592,-0.07310074422688706,DRAW,True,True,2.33,1.62,0.3851448843507759,-0.024981697927705215,0.024981697927705104
2024-10-19,Serie A,AC Milan,Udinese,1,0,1.38,5.23,8.24,pinnacle,0.6293400216439107,0.21059051006062432,0.1600694682954649,0.6986469705173806,0.18434661937169886,0.11700641011092051,-0.06930694887346989,0.026243890688925464,0.04306305818454438,HOME,False,False,1.59,2.39,0.5661605123281648,-0.034342000234649395,0.03434200023464917
2024-10-19,Serie A,Juventus,Lazio,1,0,2.05,3.34,4.05,pinnacle,0.43481333716662934,0.3150058375679187,0.25018082526545193,0.47171028542534826,0.2895227799766359,0.2387669345980158,-0.03689694825871892,0.02548305759128283,0.011413890667436144,HOME,False,False,2.22,1.68,0.3025340400338544,-0.12823519073537631,0.12823519073537637
2024-10-20,Serie A,Empoli,Napoli,0,1,5.58,3.79,1.68,pinnacle,0.1295480493373408,0.22677841732149676,0.6436735333411623,0.1726005562513215,0.25411902477107495,0.5732804189776036,-0.043052506913980715,-0.027340607449578197,0.07039311436355866,AWAY,False,False,2.07,1.77,0.4449256075329548,-0.016011892467045208,0.01601189246704504
2024-10-20,Serie A,Lecce,Fiorentina,0,6,3.3,3.27,2.35,pinnacle,0.26684760792491946,0.29895541964752925,0.4341969724275515,0.29296048493166355,0.2956481958025962,0.4113913192657403,-0.026112877006744084,0.0033072238449330382,0.022805653161811212,AWAY,False,True,2.02,1.82,0.35393137628888965,-0.12002695704444377,0.12002695704444377
2024-10-20,Serie A,Cagliari,Torino,3,2,2.85,3.18,2.72,pinnacle,0.2676470994331334,0.3112471807348462,0.42110571983202044,0.3396715440258241,0.3044226102118235,0.35590584576235246,-0.0720244445926907,0.0068245705230227105,0.06519987406966798,HOME,True,True,2.12,1.74,0.3192479553170571,-0.13152924675548178,0.13152924675548194
2024-10-20,Serie A,AS Roma,Inter Milan,0,1,4.31,3.86,1.83,pinnacle,0.29212543154773385,0.26548296781649305,0.442391600635773,0.22362501859901165,0.2496952927880156,0.5266796886129727,0.0685004129487222,0.015787675028477444,-0.08428808797719967,AWAY,False,False,1.74,2.1,0.48134717926780285,-0.06552782073219704,0.06552782073219704
2024-10-21,Serie A,Verona,Monza,0,3,2.38,3.01,3.56,pinnacle,0.27617081871188487,0.3031098742697382,0.42071930701837706,0.40663018647399457,0.32152154279339107,0.27184827073261436,-0.1304593677621097,-0.01841166852365289,0.1488710362857627,AWAY,False,True,2.3,1.63,0.34530329041017344,-0.06945497930992833,0.06945497930992839
2024-10-25,Serie A,Udinese,Cagliari,2,0,2.29,3.21,3.58,pinnacle,0.5580106967436538,0.24904998279623228,0.192939320460114,0.4249784585572226,0.3031777788461183,0.2718437625966591,0.13303223818643117,-0.05412779604988602,-0.0789044421365451,HOME,False,False,2.1,1.76,0.46225274119151216,0.00629419196871428,-0.00629419196871428
2024-10-26,Serie A,Napoli,Lecce,1,0,1.29,5.73,11.33,pinnacle,0.7051427729541629,0.19847343779186757,0.09638378925396932,0.7468327345640027,0.1681351182526289,0.08503214718336836,-0.04168996160983973,0.030338319539238684,0.01135164207060095,HOME,False,False,1.74,2.12,0.4731550841870378,-0.07606771374042343,0.07606771374042337
2024-10-26,Serie A,Atalanta,Verona,6,1,1.4,5.17,7.65,pinnacle,0.709415723390033,0.18455203409305435,0.10603224251691279,0.6878527265928677,0.18626572867118274,0.12588154473594965,0.021562996797165335,-0.001713694578128394,-0.019849302219036857,HOME,True,True,1.52,2.52,0.5553367180370772,-0.06842565820054669,0.06842565820054669
2024-10-27,Serie A,Lazio,Genoa,3,0,1.52,4.36,6.57,pinnacle,0.5892585564837431,0.25704783997360175,0.15369360354265527,0.6329200067169258,0.22065101151599245,0.14642898176708175,-0.043661450233182686,0.036396828457609304,0.007264621775573521,HOME,False,True,1.84,2.0,0.38478288782880293,-0.13605044550453044,0.13605044550453044
2024-10-27,Serie A,Inter Milan,Juventus,4,4,1.76,3.58,5.3,pinnacle,0.4687471158085412,0.2789854459884929,0.252267438202966,0.5483371287872658,0.2695735605211139,0.18208931069162035,-0.07959001297872459,0.009411885467378978,0.07017812751134564,DRAW,True,True,2.2,1.69,0.4099237470640882,-0.02452355370712006,0.024523553707120005
2024-10-27,Serie A,Fiorentina,AS Roma,5,1,2.6,3.24,2.95,pinnacle,0.41682381376927236,0.28059888439873515,0.3025773018319927,0.3726025261188211,0.2990020271323873,0.3283954467487915,0.044221287650451246,-0.018403142733652178,-0.02581814491679879,HOME,True,True,2.04,1.8,0.4281968872684777,-0.040553112731522234,0.04055311273152251
2024-10-29,Serie A,Cagliari,Bologna,0,2,3.25,3.19,2.46,pinnacle,0.22975131920774897,0.26713106361158634,0.5031176171806647,0.29940594966024286,0.30503740952846065,0.39555664081129643,-0.0696546304524939,-0.03790634591687431,0.10756097636936829,AWAY,False,False,2.16,1.72,0.4345675986348504,-0.008731370437314534,0.008731370437314534
2024-10-29,Serie A,Lecce,Verona,1,0,2.34,3.25,3.41,pinnacle,0.4760299030233177,0.3091250986453194,0.21484499833136306,0.41559011358650616,0.2992248817822844,0.28518500463120944,0.06043978943681155,0.009900216863034994,-0.07034000629984638,HOME,False,False,2.24,1.67,0.29916413597290864,-0.12794583845164376,0.12794583845164376
2024-10-29,Serie A,AC Milan,Napoli,0,2,2.59,3.4,2.88,pinnacle,0.3443897413989123,0.25735705240509066,0.3982532061959969,0.37578864958629477,0.2862625301260304,0.33794882028767476,-0.031398908187382446,-0.028905477720939765,0.060304385908322156,AWAY,False,False,1.91,1.93,0.5319370322244512,0.02933286555778447,-0.029332865557784693
2024-10-30,Serie A,Empoli,Inter Milan,0,3,7.59,4.64,1.45,pinnacle,0.11926877268729863,0.20959382674465024,0.6711374005680513,0.12706062763568648,0.20784270770578891,0.6650966646585245,-0.007791854948387855,0.0017511190388613262,0.0060407359095268065,AWAY,False,True,1.79,2.04,0.4865661910446095,-0.04607088467340614,0.04607088467340614
2024-10-30,Serie A,Atalanta,Monza,2,0,1.31,5.69,10.11,pinnacle,0.5697977474910086,0.23114276421881996,0.19905948829017137,0.7354005617209063,0.1693101468988378,0.09528929138025592,-0.16560281422989764,0.06183261731998216,0.10377019690991544,HOME,False,False,1.61,2.35,0.5404081524061805,-0.05302619102816297,0.05302619102816297
2024-10-31,Serie A,Genoa,Fiorentina,0,1,4.64,3.74,1.81,pinnacle,0.30345310976745055,0.28943622648064926,0.4071106637519002,0.20815217057076266,0.25824226509313863,0.5336055643360987,0.09530093919668789,0.031193961387510627,-0.12649490058419854,AWAY,False,False,1.98,1.85,0.3974497188438506,-0.08557900178278127,0.08557900178278144
2024-10-31,Serie A,AS Roma,Torino,1,0,1.69,3.88,5.28,pinnacle,0.49864750728871,0.2938163551704748,0.2075361375408153,0.569591957027036,0.24809546581847702,0.1823125771544869,-0.07094444973832603,0.04572088935199775,0.025223560386328392,HOME,False,False,1.95,1.88,0.3338415018746468,-0.1570201169243089,0.15702011692430895
2024-11-02,Serie A,Bologna,Lecce,1,0,1.65,3.58,5.9,pinnacle,0.5288814132550299,0.2779205966003428,0.19319799014462735,0.5745294309650746,0.2647970841040148,0.1606734849309107,-0.045648017710044675,0.013123512496327983,0.032524505213716665,HOME,False,False,2.22,1.68,0.3669500605838716,-0.06381917018535915,0.06381917018535932
2024-11-02,Serie A,Udinese,Juventus,0,2,4.24,3.14,2.01,pinnacle,0.2146795716680674,0.281451726242659,0.5038687020892736,0.22422674918464938,0.3027775211920106,0.4729957296233401,-0.00954717751658199,-0.021325794949351606,0.030872972465933513,AWAY,False,False,2.35,1.61,0.3750734933086888,-0.0314921632569678,0.03149216325696791
2024-11-02,Serie A,Monza,AC Milan,0,1,4.96,3.75,1.71,pinnacle,0.2912768981794707,0.2635262451473859,0.44519685667314335,0.191451628794325,0.2532266876852938,0.5553216835203812,0.09982526938514572,0.010299557462092046,-0.1101248268472379,AWAY,False,False,1.88,1.96,0.48872993021179134,-0.0216867364548754,0.02168673645487529
2024-11-03,Serie A,Napoli,Atalanta,0,3,2.11,3.31,3.64,pinnacle,0.5922029576193706,0.21662069822640803,0.1911763441542213,0.4510330214989762,0.2875165182365075,0.2614504602645164,0.14116993612039436,-0.07089582001009945,-0.0702741161102951,AWAY,False,True,1.89,1.94,0.5918762291713319,0.08534881402772876,-0.0853488140277287
2024-11-03,Serie A,Torino,Fiorentina,0,1,3.33,3.15,2.32,pinnacle,0.32168024250372423,0.3136808546541551,0.36463890284212075,0.2863288550372016,0.30269050389647023,0.4109806410663282,0.03535138746652261,0.010990350757684841,-0.04634173822420745,AWAY,False,False,2.1,1.75,0.3249626591138652,-0.1295827954315894,0.12958279543158935
2024-11-03,Serie A,Verona,AS Roma,3,2,4.69,3.58,1.78,pinnacle,0.19349338335354702,0.2732485952950499,0.5332580213514031,0.20222907701486476,0.26493138860327253,0.5328395343818628,-0.00873569366131774,0.008317206691777379,0.0004184869695402771,HOME,True,True,1.98,1.85,0.38132794296630235,-0.10170077766032953,0.10170077766032959
2024-11-04,Serie A,Lazio,Cagliari,2,1,1.51,4.14,6.57,pinnacle,0.7198960798610389,0.19083245779583116,0.08927146234313013,0.6271295470108527,0.2287356560353593,0.14413479695378803,0.09276653285018621,-0.037903198239528146,-0.0548633346106579,HOME,True,True,1.81,2.01,0.482529691612351,-0.043648318858853175,0.04364831885885323
2024-11-08,Serie A,Lecce,Empoli,1,1,2.48,2.97,3.48,pinnacle,0.45293910037853213,0.31781266550499826,0.22924823411646955,0.3925169758009388,0.32775828282367947,0.2797247413753816,0.06042212457759333,-0.00994561731868121,-0.05047650725891206,DRAW,True,False,2.74,1.46,0.286073999611872,-0.06154504800717564,0.06154504800717542
2024-11-09,Serie A,Cagliari,AC Milan,3,3,5.61,4.15,1.62,pinnacle,0.16934360817405208,0.2195676830556466,0.6110887087703012,0.17197584203700436,0.23247818646448057,0.5955459714985151,-0.002632233862952277,-0.012910503408833957,0.015542737271786122,DRAW,True,True,1.68,2.2,0.544296344587602,-0.02271396469074849,0.02271396469074838
2024-11-09,Serie A,Juventus,Torino,2,0,1.57,3.95,6.84,pinnacle,0.5633007421335712,0.28744870798074507,0.14925054988568376,0.6146279542202497,0.24429516155083342,0.14107688422891698,-0.051327212086678564,0.04315354642991165,0.008173665656766776,HOME,False,False,2.24,1.67,0.29810056380365635,-0.12900941062089605,0.12900941062089588
2024-11-10,Serie A,Atalanta,Udinese,2,1,1.37,5.13,8.64,pinnacle,0.6047054658021698,0.2151863018031618,0.18010823239466828,0.7014485322394565,0.18732641114387047,0.11122505661667306,-0.0967430664372867,0.027859890659291342,0.06888317577799521,HOME,True,True,1.64,2.27,0.580909112236383,0.00034645238983566085,-0.0003464523898355498
2024-11-10,Serie A,Fiorentina,Verona,3,1,1.46,4.65,7.21,pinnacle,0.6630221378785881,0.21903407858209595,0.11794378353931595,0.6594239813068304,0.20704494896945644,0.13353106972371323,0.0035981565717576602,0.01198912961263951,-0.015587286184397281,HOME,True,True,1.78,2.05,0.4490800397597857,-0.08616800201567121,0.08616800201567115
2024-11-10,Serie A,AS Roma,Bologna,2,3,2.14,3.31,3.78,pinnacle,0.4727519835358884,0.2743319119627607,0.252916104501351,0.45194405513574426,0.2921934374593634,0.2558625074048923,0.020807928400144116,-0.017861525496602693,-0.002946402903541312,AWAY,True,True,2.18,1.7,0.42637394739684736,-0.011770382500059795,0.011770382500060017
2024-11-10,Serie A,Monza,Lazio,0,1,4.58,3.49,1.88,pinnacle,0.26340622408042735,0.2973687829070171,0.43922499301255535,0.21059321217879176,0.27636587730053475,0.5130409105206736,0.05281301190163559,0.02100290560648238,-0.07381591750811822,AWAY,False,False,2.14,1.72,0.35716768174770275,-0.08842817317457707,0.08842817317457685
2024-11-10,Serie A,Inter Milan,Napoli,1,1,1.88,3.72,4.25,pinnacle,0.4604928857321712,0.2555806334136245,0.28392648085420474,0.513418372648862,0.2594695001558765,0.22711212719526133,-0.052925486916690856,-0.003888866742251973,0.05681435365894341,DRAW,True,False,1.87,1.96,0.517286370455078,0.005537023196592328,-0.005537023196592161
2024-11-23,Serie A,Verona,Inter Milan,0,5,8.24,5.24,1.38,pinnacle,0.10757856699336728,0.19651753002907732,0.6959039029775556,0.1170475882162512,0.18405956620265457,0.6988928455810943,-0.009469021222883928,0.012457963826422752,-0.002988942603538769,AWAY,False,True,1.59,2.39,0.5096581521334396,-0.0908443604293746,0.09084436042937438
2024-11-23,Serie A,AC Milan,Juventus,0,0,2.21,3.27,3.63,pinnacle,0.36207445544571804,0.28587051408372005,0.3520550304705619,0.4377025786253969,0.2958173390709869,0.2664800823036163,-0.07562812317967887,-0.009946824987266845,0.08557494816694561,DRAW,False,False,2.17,1.71,0.4177091280271955,-0.023012521457340562,0.02301252145734045
2024-11-24,Serie A,Genoa,Cagliari,2,2,2.68,3.15,2.92,pinnacle,0.5457412372791408,0.26239717891677256,0.19186158380408663,0.3611931389796431,0.3073008293541091,0.3315060316662478,0.1845480982994977,-0.04490365043733652,-0.13964444786216118,DRAW,True,True,2.2,1.69,0.4143321489692296,-0.020115151801978648,0.020115151801978648
2024-11-24,Serie A,Torino,Monza,1,1,2.09,2.99,4.51,pinnacle,0.40763717253610476,0.3172531513380818,0.2751096761258136,0.46244671620958927,0.32324870798596705,0.2143045758044438,-0.054809543673484507,-0.0059955566478852584,0.06080510032136982,DRAW,True,False,2.71,1.46,0.30572346665205336,-0.04439643742468524,0.044396437424685464
2024-11-24,Serie A,Napoli,AS Roma,1,0,1.75,3.66,5.2,pinnacle,0.5638265443256032,0.24464072639180776,0.19153272928258896,0.5510611807626604,0.2634855372499059,0.18545328198743377,0.012765363562942778,-0.018844810858098165,0.006079447295155194,HOME,False,False,2.06,1.78,0.4769254817557535,0.01338381508908687,-0.013383815089086815
2024-11-24,Serie A,Lazio,Bologna,3,0,1.91,3.35,4.68,pinnacle,0.5152491460493092,0.2755612022993507,0.20918965165134001,0.505492450500237,0.2882061434195381,0.20630140608022493,0.009756695549072214,-0.01264494112018738,0.0028882455711150834,HOME,False,True,2.12,1.74,0.3887438020879935,-0.06203339998454538,0.06203339998454516
2024-11-25,Serie A,Empoli,Udinese,1,1,2.94,2.85,2.92,pinnacle,0.31635264419597864,0.30218359148316465,0.3814637643208566,0.3291175284151579,0.339510713523005,0.33137175806183705,-0.012764884219179262,-0.037327122039840344,0.05009200625901955,DRAW,True,False,2.74,1.45,0.35872516987775,0.012663117371783439,-0.012663117371783605
2024-11-29,Serie A,Cagliari,Verona,1,0,1.96,3.49,4.19,pinnacle,0.4130438202652967,0.300399832640655,0.2865563470940484,0.4927601184799787,0.2767363416105324,0.23050353990948882,-0.07971629821468201,0.023663491030122608,0.0560528071845596,HOME,False,False,1.89,1.93,0.3569702222218293,-0.1482653798724115,0.14826537987241173
2024-11-30,Serie A,AC Milan,Empoli,3,0,1.37,5.1,8.92,pinnacle,0.7038024798720768,0.19156182002456734,0.10463570010335602,0.7031286225220017,0.1888796495794397,0.10799172789855856,0.00067385735007508,0.0026821704451276407,-0.0033560277952025402,HOME,False,True,1.75,2.11,0.5219912095835106,-0.02464091476882091,0.02464091476882113
2024-12-01,Serie A,Udinese,Genoa,0,2,2.04,3.33,4.1,pinnacle,0.41900067203908015,0.2874244663050974,0.29357486165582264,0.4738946623070996,0.29031384717912406,0.2357914905137764,-0.054893990268019444,-0.0028893808740266813,0.057783371142046236,AWAY,False,False,2.22,1.67,0.40117757393883097,-0.028128338657569973,0.02812833865757014
2024-12-01,Serie A,Torino,Napoli,0,1,5.07,3.52,1.81,pinnacle,0.21583011541987385,0.28659517338940005,0.49757471119072605,0.19078705048466352,0.2747983937378535,0.534414555777483,0.02504306493521033,0.011796779651546574,-0.03683984458675693,AWAY,False,False,2.34,1.61,0.36053313685176036,-0.047061799857100406,0.04706179985710035
2024-12-01,Serie A,Lecce,Juventus,1,1,5.67,3.64,1.7,pinnacle,0.18819392442617233,0.30245574315335916,0.5093503324204685,0.16969324682305062,0.2643298652435981,0.5659768879333512,0.018500677603121712,0.038125877909761074,-0.05662655551288276,DRAW,True,False,2.3,1.63,0.2972247731075995,-0.11753349661250229,0.11753349661250223
2024-12-02,Serie A,AS Roma,Atalanta,0,2,3.33,3.51,2.23,pinnacle,0.4409821725918509,0.25563951561053033,0.30337831179761865,0.29052948054117256,0.2756305328211124,0.43383998663771506,0.15045269205067835,-0.01999101721058205,-0.1304616748400964,AWAY,False,False,1.84,1.99,0.526837273897402,0.007255028466592539,-0.007255028466592595
2024-12-06,Serie A,Atalanta,AC Milan,2,1,2.21,3.53,3.43,pinnacle,0.42515034529612594,0.23875288590189145,0.33609676880198247,0.4404554466250751,0.2757525600683898,0.2837919933065352,-0.015305101328949133,-0.036999674166498325,0.052304775495447264,HOME,True,True,1.75,2.12,0.6147206052870826,0.06691698771602317,-0.06691698771602339
2024-12-07,Serie A,Genoa,Torino,0,0,2.54,3.08,3.18,pinnacle,0.36850554616043624,0.3268402025812876,0.3046542512582763,0.3811821847222006,0.3143515419462304,0.30446627333156906,-0.012676638561764375,0.012488660635057214,0.0001879779267072168,DRAW,False,False,2.45,1.56,0.2874930606151217,-0.10153437080632466,0.10153437080632477
2024-12-07,Serie A,Juventus,Bologna,2,2,1.7,3.63,5.78,pinnacle,0.5484085564688806,0.2703894223863301,0.18120202114478917,0.5673961015079073,0.2657226921662376,0.16688120632585507,-0.018987545039026665,0.004666730220092508,0.014320814818934102,DRAW,True,True,2.32,1.62,0.37743875928186155,-0.03372875340849385,0.033728753408493795
2024-12-07,Serie A,AS Roma,Lecce,4,1,1.59,4.0,6.29,pinnacle,0.5735095971986003,0.26308712769097115,0.1634032751104287,0.6059569712748458,0.24086789608175121,0.153175132643403,-0.03244737407624554,0.02221923160921993,0.01022814246702572,HOME,True,True,2.03,1.81,0.37901374577666447,-0.09234042089000216,0.09234042089000238
2024-12-08,Serie A,Fiorentina,Cagliari,1,0,1.53,4.54,6.18,pinnacle,0.6848538120356547,0.1999117776328253,0.11523441033152003,0.6310831601392749,0.2126778050689627,0.15623903479176227,0.05377065189637975,-0.01276602743613739,-0.04100462446024224,HOME,False,False,1.66,2.24,0.5151317327322832,-0.05922724162669113,0.05922724162669124
2024-12-08,Serie A,Verona,Empoli,1,4,2.61,2.81,3.4,pinnacle,0.3766739075092143,0.32528871723811925,0.2980373752526665,0.3708548604345142,0.34445949670252035,0.2846856428629653,0.005819047074700101,-0.0191707794644011,0.013351732389701165,AWAY,True,True,2.42,1.57,0.2904004557305388,-0.10308325354264414,0.10308325354264414
2024-12-08,Serie A,Napoli,Lazio,0,1,1.93,3.47,4.35,pinnacle,0.492050021267255,0.27541657215664395,0.2325334065761009,0.5000314703962951,0.2781154864163832,0.22185304318732177,-0.007981449129040141,-0.002698914259739227,0.010680363388779118,AWAY,False,False,2.14,1.72,0.4083353398338407,-0.03726051508843914,0.03726051508843897
2024-12-09,Serie A,Monza,Udinese,1,2,2.74,3.07,2.92,pinnacle,0.4486311372691358,0.2786728664224908,0.2726959963083735,0.35324900500453166,0.3152776135871065,0.3314733814083619,0.09538213226460412,-0.0366047471646157,-0.05877738509998842,AWAY,True,True,2.42,1.57,0.4225629001857694,0.029079190912586483,-0.029079190912586372
2024-12-13,Serie A,Empoli,Torino,0,1,2.75,2.89,3.15,pinnacle,0.2760340257164535,0.3375668994119996,0.3863990748715469,0.3540358177610983,0.3368852937173081,0.30907888852159376,-0.0780017920446448,0.0006816056946915006,0.07732018634995313,AWAY,False,False,2.86,1.41,0.257020954572328,-0.0731898182613957,0.07318981826139592
2024-12-14,Serie A,Cagliari,Atalanta,0,1,6.01,4.43,1.55,pinnacle,0.19004616418906858,0.22362608501476106,0.5863277507961704,0.16040863143976475,0.2176198363325025,0.6219715322277328,0.029637532749303835,0.006006248682258547,-0.03564378143156244,AWAY,False,False,1.62,2.32,0.5596173860861304,-0.029215101223514228,0.029215101223514228
2024-12-14,Serie A,Udinese,Napoli,1,3,5.31,3.6,1.75,pinnacle,0.19265038809889218,0.24045983260036202,0.5668897793007459,0.18151173343705435,0.26772980681965514,0.5507584597432905,0.011138654661837832,-0.027269974219293114,0.016131319557455392,AWAY,True,True,2.21,1.68,0.49437735249497705,0.06250074581117243,-0.06250074581117238
2024-12-15,Serie A,Lecce,Monza,2,1,2.6,3.08,3.1,pinnacle,0.35016121038161974,0.3147140677925414,0.3351247218258391,0.37273579013116803,0.3146470955652717,0.3126171143035603,-0.022574579749548296,6.697222726970153e-05,0.02250760752227876,HOME,True,True,2.43,1.56,0.32290704083391597,-0.06807040277510662,0.06807040277510679
2024-12-15,Serie A,Bologna,Fiorentina,1,0,2.79,3.11,2.83,pinnacle,0.3893667523102798,0.2818315542643818,0.3288016934253385,0.34686429756560877,0.3111740804527487,0.34196162198164254,0.042502454744671014,-0.029342526188366913,-0.013159928556304046,HOME,False,False,2.14,1.71,0.430264702047676,-0.013891142108168164,0.01389114210816822
2024-12-15,Serie A,AC Milan,Genoa,0,0,1.36,5.27,8.67,pinnacle,0.6118113446934017,0.22463036063914193,0.1635582946674564,0.7067501117568171,0.18238712561466253,0.11086276262852035,-0.09493876706341542,0.04224323502447941,0.05269553203893604,DRAW,False,False,1.68,2.19,0.5138251599441888,-0.0520663129240283,0.0520663129240283
2024-12-16,Serie A,Lazio,Inter Milan,0,6,3.66,3.38,2.15,pinnacle,0.3392416299788823,0.28402338016530754,0.3767349898558101,0.26418921866592987,0.2860747160702081,0.449736065263862,0.07505241131295243,-0.0020513359049005864,-0.0730010754080519,AWAY,False,True,1.94,1.87,0.42363773783676206,-0.06717591045720128,0.06717591045720128
2024-12-20,Serie A,Verona,AC Milan,0,1,5.76,4.18,1.62,pinnacle,0.17051655947819924,0.23694303030133426,0.5925404102204664,0.16853328554788996,0.232237254726279,0.599229459725831,0.0019832739303092817,0.004705775575055249,-0.0066890495053645305,AWAY,False,False,1.72,2.14,0.4770408729586252,-0.0773632721190951,0.077363272119095
2024-12-21,Serie A,Torino,Bologna,0,2,3.43,2.91,2.51,pinnacle,0.3527308221617602,0.3171809229183221,0.3300882549199178,0.28206930375713946,0.3324734405109926,0.38545725573186795,0.07066151840462076,-0.015292517592670474,-0.055369000811950175,AWAY,False,False,2.61,1.49,0.3156659232077395,-0.047748710938601946,0.04774871093860211
2024-12-21,Serie A,Genoa,Napoli,1,2,5.53,3.72,1.7,pinnacle,0.19473247826449028,0.25472722637067985,0.5505402953648298,0.1742311952083666,0.2590049756726525,0.5667638291189808,0.02050128305612367,-0.0042777493019726665,-0.016223533754150976,AWAY,True,True,2.17,1.7,0.4438825329940419,0.004606047205928165,-0.004606047205928276
2024-12-21,Serie A,Lecce,Lazio,1,2,5.08,3.67,1.76,pinnacle,0.2154852086635315,0.30581944323625565,0.4786953481002132,0.18973316570515453,0.26262792419133113,0.5476389101035143,0.025752042958376964,0.04319151904492452,-0.0689435620033011,AWAY,True,True,2.04,1.78,0.3077859053798131,-0.1581826810076214,0.15818268100762167
2024-12-22,Serie A,Atalanta,Empoli,3,2,1.28,5.97,11.28,pinnacle,0.6844133891039179,0.19750017461282407,0.11808643628325786,0.7530797928017391,0.1614643441852975,0.0854558630129633,-0.06866640369782118,0.03603583042752656,0.03263057327029456,HOME,True,True,1.67,2.2,0.5319423253616564,-0.03653312683472598,0.036533126834725815
2024-12-22,Serie A,Monza,Juventus,1,2,5.98,3.71,1.67,pinnacle,0.23074017802874605,0.2965688737174891,0.472690948253765,0.16148050072846976,0.26028393378874637,0.578235565482784,0.0692596773002763,0.03628493992874271,-0.10554461722901898,AWAY,True,True,2.3,1.63,0.3419894719843892,-0.07276879773571254,0.07276879773571265
2024-12-23,Serie A,Fiorentina,Udinese,1,2,1.62,4.04,5.83,pinnacle,0.5627863420409047,0.24508423516460462,0.19212942279449058,0.5956411566260185,0.2388462063698391,0.16551263700414237,-0.032854814585113745,0.00623802879476551,0.026616785790348207,AWAY,True,True,1.87,1.94,0.47600552182517525,-0.03318082988086152,0.03318082988086135
2024-12-28,Serie A,Empoli,Genoa,1,2,2.57,2.9,3.34,pinnacle,0.308991255217489,0.3162377929552627,0.37477095182724823,0.37655309686348293,0.33370395135832803,0.289742951778189,-0.06756184164599394,-0.017466158403065313,0.08502800004905925,AWAY,True,True,2.65,1.47,0.31614736446224356,-0.040648752042610814,0.04064875204261087
2024-12-28,Serie A,Cagliari,Inter Milan,0,3,7.54,4.82,1.43,pinnacle,0.10412620685753544,0.17831809803071183,0.7175556951117528,0.12759915286869467,0.19960531382364266,0.6727955333076628,-0.02347294601115922,-0.02128721579293083,0.044760161804089926,AWAY,False,True,1.64,2.26,0.5773732192036747,-0.0021139602835048565,0.00211396028350469
2024-12-28,Serie A,Lazio,Atalanta,1,1,2.99,3.39,2.48,pinnacle,0.49030017021054273,0.2590227723343106,0.25067705745514673,0.3238707937669742,0.28565595084461737,0.39047325538840844,0.16642937644356853,-0.026633178510306776,-0.1397961979332617,DRAW,True,False,1.83,1.99,0.48132574681103407,-0.0396166615659293,0.039616661565929356
2024-12-29,Serie A,Udinese,Torino,2,2,2.27,3.13,3.64,pinnacle,0.37547792916569556,0.31228780186768684,0.3122342689666176,0.4257373575824611,0.30876159799111397,0.2655010444264249,-0.05025942841676556,0.0035262038765728754,0.046733224540192686,DRAW,True,True,2.47,1.54,0.3277745906716707,-0.05626530957770581,0.05626530957770581
2024-12-29,Serie A,Juventus,Fiorentina,2,2,1.96,3.32,4.45,pinnacle,0.5145163491044286,0.2789996908948273,0.20648396000074426,0.4924141424914675,0.2907023250853242,0.21688353242320815,0.022102206612961084,-0.011702634190496886,-0.010399572422463893,DRAW,True,True,2.12,1.72,0.375714337564334,-0.07220232910233265,0.07220232910233282
2024-12-29,Serie A,AC Milan,AS Roma,1,1,2.26,3.51,3.27,pinnacle,0.4755560278189291,0.2559699953769296,0.2684739768041412,0.4282643980522751,0.2757485867800974,0.29598701516762743,0.047291629766653964,-0.01977859140316779,-0.02751303836348623,DRAW,True,False,1.88,1.92,0.5061607078615221,0.0008975499667853715,-0.000897549966785316
2024-12-30,Serie A,Bologna,Verona,2,3,1.51,4.28,6.99,pinnacle,0.6233587409645436,0.23853132826733947,0.138109930768117,0.6374190634261498,0.2248838284517491,0.137697108122101,-0.014060322461606267,0.01364749981559038,0.00041282264601599783,AWAY,True,True,1.97,1.84,0.4201585079677366,-0.06278112457819512,0.06278112457819529
2025-01-04,Serie A,Fiorentina,Napoli,0,3,2.97,3.2,2.6,pinnacle,0.2973527680451447,0.27095220892148614,0.43169502303336904,0.3256869960072027,0.302278243169185,0.37203476082361225,-0.02833422796205798,-0.031326034247698864,0.05966026220975679,AWAY,False,True,2.12,1.72,0.4622901262398518,0.014373459573185143,-0.014373459573185143
2025-01-04,Serie A,Verona,Udinese,0,0,3.21,3.06,2.53,pinnacle,0.29843062373105156,0.29731370754345604,0.4042556687254923,0.30140506196054606,0.31617981989978855,0.3824151181396653,-0.0029744382294945027,-0.01886611235633251,0.021840550585827012,DRAW,False,False,2.1,1.74,0.3701413399728374,-0.08298366002716256,0.08298366002716262
2025-01-05,Serie A,Monza,Cagliari,1,2,2.49,3.26,3.08,pinnacle,0.5732473089683735,0.24968070069040368,0.1770719903412228,0.38876541967058237,0.2969404585827455,0.31429412174667215,0.18448188929779114,-0.0472597578923418,-0.13722213140544934,AWAY,True,True,2.0,1.82,0.4399966478090311,-0.036443142766885206,0.036443142766885206
2025-01-05,Serie A,Lecce,Genoa,0,0,2.72,3.02,2.99,pinnacle,0.36616785830072396,0.31947049569606567,0.3143616460032105,0.3558261417819285,0.3204791740552469,0.3236946841628246,0.010341716518795452,-0.0010086783591812254,-0.009333038159614115,DRAW,False,False,2.4,1.57,0.3080088391622668,-0.08745715579994989,0.08745715579994995
2025-01-05,Serie A,AS Roma,Lazio,2,0,2.58,3.21,2.99,pinnacle,0.36132669628019937,0.30213149019811963,0.336541813521681,0.3750073259643899,0.3014077573171732,0.3235849167184368,-0.013680629684190537,0.0007237328809464594,0.012956896803244189,HOME,False,False,1.99,1.82,0.3611970038114681,-0.11649328490244276,0.1164932849024427
2025-01-11,Serie A,Empoli,Lecce,1,3,2.08,3.12,4.3,pinnacle,0.33387779571148635,0.3333217846366782,0.33280041965183543,0.4650324441240086,0.31002162941600575,0.22494592645998557,-0.13115464841252228,0.02330015522067247,0.10785449319184987,AWAY,True,True,2.45,1.55,0.27326706938613615,-0.11423293061386386,0.11423293061386386
2025-01-11,Serie A,Udinese,Atalanta,0,0,5.24,4.1,1.66,pinnacle,0.30001556897741954,0.2508361839001579,0.44914824712242246,0.18400363357160623,0.2351656194915163,0.5808307469368776,0.11601193540581331,0.01567056440864159,-0.13168249981445518,DRAW,False,False,1.79,2.03,0.5459083265907123,0.014494714025267252,-0.014494714025267419
2025-01-11,Serie A,Torino,Juventus,1,1,5.1,3.25,1.88,pinnacle,0.23182914349388253,0.3289963698656095,0.43917448664050796,0.18932234375484153,0.2970904471229821,0.5135872091221765,0.04250679973904101,0.03190592274262738,-0.07441272248166853,DRAW,True,False,2.53,1.51,0.2618242015012807,-0.11193817473634304,0.11193817473634315
2025-01-11,Serie A,AC Milan,Cagliari,1,1,1.32,5.67,9.6,pinnacle,0.749750545032206,0.16050155144060535,0.08974790352718855,0.7297649500458516,0.16989236932284374,0.1003426806313046,0.019985594986354327,-0.00939081788223839,-0.010594777104116049,DRAW,True,False,1.6,2.34,0.6141224145044687,0.020213785062844325,-0.020213785062844325
2025-01-12,Serie A,Bologna,AS Roma,2,2,2.81,3.27,2.69,pinnacle,0.37759189930235804,0.28624414292317135,0.3361639577744706,0.3443601016289603,0.29591800782182826,0.35972189054921133,0.033231797673397734,-0.009673864898656903,-0.02355793277474072,DRAW,True,True,2.15,1.71,0.415204001839867,-0.02780117950728328,0.027801179507283225
2025-01-12,Serie A,Napoli,Verona,2,0,1.24,6.38,12.18,pinnacle,0.7890020386903601,0.14985745283291338,0.0611405084767267,0.7715075434757572,0.14994817459403434,0.07854428193020845,0.01749449521460289,-9.072176112095987e-05,-0.017403773453481743,HOME,False,False,1.64,2.25,0.5534922851710649,-0.024913884494744964,0.024913884494745075
2025-01-13,Serie A,Monza,Fiorentina,2,1,4.28,3.68,1.88,pinnacle,0.3247130186830904,0.286219136318631,0.3890678449982784,0.22524352763452624,0.26196801583580764,0.5127884565296661,0.09946949104856415,0.024251120482823352,-0.12372061153138769,HOME,True,True,1.99,1.82,0.4135994168099076,-0.06409087190400325,0.06409087190400298
2025-01-14,Serie A,Atalanta,Juventus,1,1,2.15,3.22,3.98,pinnacle,0.33675326229482544,0.2787896912261986,0.38445704647897594,0.45291847495723725,0.30241450967641614,0.24466701536634672,-0.11616521266241181,-0.023624818450217522,0.13979003111262922,DRAW,True,False,2.29,1.63,0.4429250896732847,0.027108763142672465,-0.027108763142672188
2025-01-15,Serie A,Inter Milan,Bologna,2,2,1.49,4.5,6.91,pinnacle,0.6422506118157008,0.21065815977392413,0.1470912284103752,0.6465208053077289,0.21407022220189245,0.1394089724903786,-0.004270193492028174,-0.003412062427968321,0.007682255919996606,DRAW,True,True,1.77,2.06,0.5409916723166874,0.003132664483789238,-0.0031326644837891826
2025-01-17,Serie A,AS Roma,Genoa,3,1,1.51,4.22,7.57,pinnacle,0.5516694085713956,0.26081343419601166,0.18751715723259263,0.642140535455483,0.22977066553027942,0.12808879901423767,-0.09047112688408743,0.031042768665732245,0.05942835821835496,HOME,True,True,1.98,1.84,0.4147647853812153,-0.06691060728894183,0.06691060728894171
2025-01-18,Serie A,Bologna,Monza,3,1,1.61,3.91,6.24,pinnacle,0.4878740050665473,0.27392776298541194,0.2381982319480408,0.5988821769321966,0.2465985434426692,0.15451927962513404,-0.11100817186564926,0.027329219542742728,0.08367895232290676,HOME,True,True,2.01,1.81,0.41759004886662643,-0.05623194066216941,0.05623194066216941
2025-01-18,Serie A,Juventus,AC Milan,2,0,2.22,3.25,3.64,pinnacle,0.4904419400427513,0.26986730060096686,0.2396907593562819,0.4361161698456819,0.29790089140228126,0.26598293875203677,0.05432577019706941,-0.0280335908013144,-0.026292179395754872,HOME,False,False,2.14,1.7,0.4328069039663368,-0.009901429366996561,0.009901429366996561
2025-01-18,Serie A,Atalanta,Napoli,2,3,2.37,3.26,3.28,pinnacle,0.316113024774309,0.24909371164145172,0.4347932635842392,0.4082374411093209,0.29678611516229775,0.2949764437283813,-0.0921244163350119,-0.04769240352084603,0.13981681985585792,AWAY,True,True,2.1,1.73,0.5605656868417661,0.10886855890442931,-0.10886855890442942
2025-01-19,Serie A,Fiorentina,Torino,1,1,1.74,3.53,5.61,pinnacle,0.4936407225789211,0.29182462428069733,0.2145346531403815,0.55460709274678,0.27337573410181226,0.17201717315140772,-0.060966370167858885,0.01844889017888507,0.04251747998897379,DRAW,True,False,2.2,1.67,0.34450071391645626,-0.08702383388716128,0.0870238338871614
2025-01-19,Serie A,Cagliari,Lecce,4,1,1.96,3.5,4.19,pinnacle,0.32735768416149924,0.31018725133175007,0.3624550645067509,0.49315004001694834,0.27616402240949106,0.23068593757356054,-0.1657923558554491,0.03402322892225901,0.13176912693319037,HOME,True,True,2.0,1.82,0.33568767136616734,-0.14075211920974895,0.14075211920974906
2025-01-19,Serie A,Verona,Lazio,0,3,4.83,3.74,1.78,pinnacle,0.1592740243098861,0.27071459050470503,0.5700113851854086,0.1998031141577728,0.25803450304332687,0.5421623827989004,-0.040529089847886696,0.012680087461378164,0.027849002386508226,AWAY,False,True,1.99,1.82,0.35193451050911634,-0.1257557782047945,0.1257557782047941
2025-01-19,Serie A,Inter Milan,Empoli,3,1,1.22,6.93,12.09,pinnacle,0.7926639495256056,0.14588675352974984,0.061449296944644606,0.7831123274457625,0.1378639306614474,0.07902374189278993,0.009551622079843058,0.008022822868302443,-0.017574444948145328,HOME,True,True,1.57,2.39,0.57282975845297,-0.030705595082383574,0.030705595082383352
2025-01-24,Serie A,Torino,Cagliari,2,0,2.25,3.21,3.69,pinnacle,0.551886827401719,0.27588319520407234,0.1722299773942089,0.43277103679589624,0.3033441846700207,0.2638847785340831,0.11911579060582278,-0.027460989465948382,-0.0916548011398742,HOME,False,False,2.29,1.63,0.3518675803758165,-0.06394874615479573,0.06394874615479607
2025-01-25,Serie A,Napoli,Juventus,2,1,2.16,3.12,3.99,pinnacle,0.44474963573313997,0.29133592660746993,0.26391443765939,0.44769549456240293,0.3099430346970482,0.24236147074054898,-0.0029458588292629595,-0.018607108089578273,0.02155296691884101,HOME,True,True,2.49,1.53,0.37597951435514126,-0.004617500570231803,0.004617500570231803
2025-01-25,Serie A,Empoli,Bologna,1,1,4.03,3.28,2.08,pinnacle,0.24295662269333546,0.29355985034162935,0.4634835269650352,0.24002927186242223,0.29491401390413463,0.4650567142334431,0.0029273508309132223,-0.001354163562505284,-0.001573187268407883,DRAW,True,False,2.31,1.61,0.35801746808903046,-0.0526968176252553,0.05269681762525524
2025-01-26,Serie A,Udinese,AS Roma,1,2,3.39,3.35,2.27,pinnacle,0.2959009769893494,0.2789951406223092,0.42510388238834135,0.2852796524648957,0.28868597667343177,0.42603437086167245,0.01062132452445369,-0.009690836051122587,-0.0009304884733311036,AWAY,True,True,2.08,1.75,0.43166519262079883,-0.02525386743142055,0.02525386743142044
2025-01-26,Serie A,Lecce,Inter Milan,0,4,9.34,5.47,1.34,pinnacle,0.15844751802499055,0.24075186250857386,0.6008006194664355,0.10333092738161026,0.17643708624209137,0.7202319863762983,0.05511659064338029,0.06431477626648249,-0.11943136690986278,AWAY,False,True,1.65,2.24,0.4450212216468592,-0.1308142539315469,0.13081425393154705
2025-01-26,Serie A,Lazio,Fiorentina,1,2,2.0,3.53,3.97,pinnacle,0.48041718122253857,0.2822634807935324,0.23731933798392907,0.48300998480049356,0.2736600480456054,0.24332996715390104,-0.002592803577954994,0.00860343274792702,-0.0060106291699719705,AWAY,True,True,1.99,1.83,0.38936705346603817,-0.08969053815699846,0.08969053815699835
2025-01-27,Serie A,Genoa,Monza,2,0,2.28,3.08,3.7,pinnacle,0.39431979699372766,0.29785537757387526,0.3078248254323969,0.4243624880838895,0.31413846520495714,0.2614990467111535,-0.030042691090161833,-0.016283087631081883,0.04632577872124344,HOME,False,False,2.43,1.56,0.37076854396330355,-0.020208899645719036,0.020208899645718814
2025-02-01,Serie A,Monza,Verona,0,1,2.38,3.09,3.46,pinnacle,0.5544610305702903,0.2687126554948865,0.17682631393482323,0.4068202919285856,0.3133437847216938,0.27983592334972074,0.14764073864170468,-0.04463112922680729,-0.10300960941489751,AWAY,False,False,2.21,1.67,0.377742374733835,-0.05266999640018566,0.05266999640018566
2025-02-01,Serie A,Atalanta,Torino,1,1,1.45,4.57,7.66,pinnacle,0.5330623498161647,0.26004396978919453,0.20689368039464068,0.6637542496449543,0.21060036367290674,0.12564538668213887,-0.1306918998287896,0.049443606116287786,0.0812482937125018,DRAW,True,False,1.9,1.92,0.4383159037992821,-0.0643018972478383,0.06430189724783819
2025-02-02,Serie A,Juventus,Empoli,4,1,1.38,4.89,9.12,pinnacle,0.6987633962007778,0.2146419763063489,0.08659462749287314,0.6975814398738632,0.19686347382943378,0.10555508629670299,0.001181956326914535,0.01777850247691512,-0.01896045880382985,HOME,True,True,1.95,1.87,0.3944794215294706,-0.09504937428204785,0.09504937428204763
2025-02-02,Serie A,Fiorentina,Genoa,2,1,1.68,3.84,5.52,pinnacle,0.5463696132414413,0.25958864577743673,0.19404174098112204,0.5741029641185648,0.2511700468018721,0.17472698907956322,-0.027733350877123475,0.008418598975564628,0.01931475190155882,HOME,True,True,2.05,1.78,0.4261894394236241,-0.03856251880091904,0.03856251880091899
2025-02-02,Serie A,AC Milan,Inter Milan,1,1,4.03,3.67,1.94,pinnacle,0.3300472376570735,0.2486051009971789,0.42134766134574764,0.2394973106253006,0.2629902348283274,0.49751245454637194,0.09054992703177289,-0.014385133831148506,-0.0761647932006243,DRAW,True,False,1.81,2.0,0.5675016028724373,0.0425672196703375,-0.04256721967033761
2025-02-02,Serie A,AS Roma,Napoli,1,1,3.16,3.23,2.46,pinnacle,0.30506124588686345,0.2759460475548394,0.4189927065582973,0.30647761723661776,0.2998356874513041,0.39368669531207817,-0.0014163713497543085,-0.0238896398964647,0.025306011246219118,DRAW,True,False,2.05,1.77,0.446176004297814,-0.017174781042500142,0.017174781042500364
2025-02-03,Serie A,Cagliari,Lazio,1,2,3.83,3.55,2.04,pinnacle,0.1590835649560553,0.2507279499075445,0.5901884851364001,0.2527598711420264,0.2726958609785807,0.4745442678793928,-0.09367630618597111,-0.021967911071036184,0.1156442172570073,AWAY,True,True,1.89,1.92,0.4121252412566294,-0.09181176661738633,0.09181176661738638
2025-02-06,Serie A,Fiorentina,Inter Milan,3,0,3.82,3.56,2.03,pinnacle,0.2840901428774784,0.2602746298072642,0.4556352273152575,0.2528568329566209,0.2713239050264865,0.4758192620168926,0.031233309920857488,-0.011049275219222332,-0.0201840347016351,HOME,False,True,1.79,2.02,0.4981374588938662,-0.032046268140254464,0.032046268140254686
2025-02-08,Serie A,Verona,Atalanta,0,5,6.08,4.38,1.55,pinnacle,0.1904977186045368,0.24037393358318077,0.5691283478122825,0.15846081310073432,0.21996386841380472,0.621575318485461,0.032036905503802476,0.020410065169376046,-0.052446970673178495,AWAY,False,True,1.75,2.1,0.4919030986738153,-0.053551446780730205,0.053551446780730094
2025-02-08,Serie A,Empoli,AC Milan,0,2,6.15,3.7,1.65,pinnacle,0.185762458910267,0.24778243803378444,0.5664551030559486,0.15650836377619687,0.2601422803307056,0.5833493558930974,0.029254095134070124,-0.012359842296921136,-0.01689425283714885,AWAY,False,False,1.92,1.91,0.45796870367888476,-0.04072581329239461,0.040725813292394775
2025-02-08,Serie A,Torino,Genoa,1,1,2.31,2.98,3.77,pinnacle,0.4231066053095587,0.31972517131451966,0.25716822337592143,0.4187780266968848,0.32462323545966576,0.25659873784344933,0.0043285786126738834,-0.004898064145146097,0.0005694855324721027,DRAW,True,False,2.61,1.48,0.2934274377320045,-0.06843075297704199,0.06843075297704171
2025-02-09,Serie A,Lazio,Monza,5,1,1.36,5.16,8.94,pinnacle,0.5744049449435805,0.2594044593690588,0.16619059568736055,0.7063687479328213,0.1861747087574878,0.10745654330969096,-0.13196380298924082,0.07322975061157103,0.0587340523776696,HOME,True,True,1.74,2.11,0.3938017177904184,-0.15425023026152962,0.1542502302615295
2025-02-09,Serie A,Lecce,Bologna,0,0,4.51,3.44,1.91,pinnacle,0.2966319735013808,0.3069817009707468,0.3963863255278725,0.21402721270143232,0.2805996306056569,0.5053731566929108,0.0826047607999485,0.026382070365089882,-0.10898683116503832,DRAW,False,False,2.24,1.66,0.340117044920345,-0.08552398072068057,0.08552398072068079
2025-02-09,Serie A,Napoli,Udinese,1,1,1.44,4.51,8.04,pinnacle,0.7077163651531535,0.18495124093597892,0.10733239391086755,0.6673807893632528,0.2130883229895974,0.1195308876471498,0.04033557578990066,-0.02813708205361848,-0.012198493736282248,DRAW,True,False,1.95,1.88,0.5572193538116852,0.06635773501272951,-0.06635773501272968
2025-02-10,Serie A,Inter Milan,Fiorentina,2,1,1.5,4.6,6.54,pinnacle,0.6058460154855126,0.2224590855705811,0.17169489894390638,0.6429029362738813,0.20964226182843956,0.14745480189767918,-0.03705692078836864,0.012816823742141548,0.024240097046227205,HOME,True,True,1.69,2.18,0.5361312699642738,-0.02717622357577787,0.02717622357577798
2025-02-14,Serie A,Bologna,Torino,3,2,1.81,3.4,5.47,pinnacle,0.4549070069318202,0.30404106885463006,0.24105192421354996,0.5366969961936588,0.28571222444427136,0.17759077936206993,-0.08178998926183867,0.018328844410358702,0.06346114485148002,HOME,True,True,2.49,1.55,0.3271172990308047,-0.056546067305828895,0.05654606730582923
2025-02-15,Serie A,Atalanta,Cagliari,0,0,1.44,4.9,7.12,pinnacle,0.7306228225277775,0.1671627796866582,0.10221439778556429,0.6683934647334703,0.19642583453391776,0.13518070073261196,0.06222935779430727,-0.02926305484725955,-0.032966302947047665,DRAW,False,False,1.62,2.33,0.6232632335595636,0.03338981583804457,-0.033389815838044457
2025-02-15,Serie A,Lazio,Napoli,2,2,2.71,3.19,2.85,pinnacle,0.35069856212805145,0.29312377738371137,0.35617766048823696,0.3570909547955805,0.3033594004689728,0.33954964473544674,-0.0063923926675290565,-0.010235623085261436,0.016628015752790215,DRAW,True,True,2.13,1.74,0.3917816989197451,-0.057830704181030035,0.05783070418102987
2025-02-15,Serie A,AC Milan,Verona,1,0,1.33,5.52,9.32,pinnacle,0.7280364159670574,0.17829023043121622,0.09367335360172643,0.7227282688709197,0.17413561550694262,0.10313611562213768,0.005308147096137694,0.004154614924273603,-0.009462762020411242,HOME,False,False,1.58,2.38,0.5462226757737939,-0.054787425236307086,0.05478742523630714
2025-02-16,Serie A,Monza,Lecce,0,0,2.8,3.14,2.8,pinnacle,0.4613077837689401,0.3004662376189719,0.23822597861208805,0.34581497797356825,0.3083700440528634,0.34581497797356825,0.11549280579537186,-0.007903806433891492,-0.1075889993614802,DRAW,False,False,2.31,1.63,0.3354449635495195,-0.07826062020682567,0.07826062020682578
2025-02-16,Serie A,Udinese,Empoli,3,0,1.81,3.54,4.95,pinnacle,0.5153645685137089,0.2772546002390006,0.2073808312472904,0.5327775396094242,0.2724088549980389,0.19481360539253692,-0.01741297109571527,0.0048457452409617074,0.012567225854753478,HOME,False,True,2.16,1.72,0.3818602996437399,-0.06143866942842502,0.06143866942842502
2025-02-16,Serie A,Juventus,Inter Milan,1,0,3.54,3.26,2.25,pinnacle,0.3750834383457567,0.2907591358934457,0.3341574257607975,0.27328206733133636,0.2967541467340278,0.4299637859346358,0.10180137101442033,-0.005995010840582071,-0.09580636017383831,HOME,False,False,2.1,1.75,0.3989651152800099,-0.0555803392654447,0.05558033926544459
2025-02-21,Serie A,Lecce,Udinese,0,1,3.03,3.1,2.67,pinnacle,0.37641076926253814,0.30505100672106766,0.31853822401639426,0.3213108644764578,0.31405545785924743,0.36463367766429483,0.055099904786080345,-0.00900445113817977,-0.046095453647900575,AWAY,False,False,2.3,1.64,0.3501812041783678,-0.06606245064396726,0.06606245064396721
2025-02-22,Serie A,Torino,AC Milan,2,1,4.0,3.43,2.03,pinnacle,0.2927286043768293,0.2901035204153397,0.41716787520783116,0.24174301893212144,0.28191605706369843,0.4763409240041802,0.050985585444707854,0.008187463351641278,-0.05917304879634905,HOME,True,True,2.11,1.75,0.3918630709306636,-0.06150480471700481,0.061504804717004924
2025-02-22,Serie A,Inter Milan,Genoa,1,0,1.26,6.13,11.46,pinnacle,0.7156915645605235,0.18303239640998287,0.10127603902949339,0.7601706249756527,0.15625040578618637,0.08357896923816077,-0.04447906041512917,0.026781990623796492,0.01769706979133262,HOME,False,False,1.67,2.23,0.5484154855218935,-0.02337938627297842,0.023379386272977976
2025-02-23,Serie A,Verona,Fiorentina,1,0,4.29,3.61,1.91,pinnacle,0.20014009521225526,0.27175514110469073,0.5281047636830541,0.22550767107427744,0.2679855703348062,0.5065067585909163,-0.02536757586202218,0.003769570769884545,0.02159800509213783,HOME,False,False,1.99,1.85,0.39244648059165366,-0.08932435274167977,0.08932435274167971
2025-02-23,Serie A,Empoli,Atalanta,0,5,5.89,4.27,1.58,pinnacle,0.20694645855890875,0.25034825311969217,0.5427052883213992,0.1637401069337016,0.2258616463324362,0.6103982467338622,0.04320635162520714,0.024486606787255977,-0.06769295841246303,AWAY,False,True,1.79,2.05,0.47369674018663305,-0.06015742648003358,0.06015742648003375
2025-02-23,Serie A,Cagliari,Juventus,0,1,4.08,3.53,1.97,pinnacle,0.13636006248435387,0.2422842496723408,0.6213556878433052,0.23658149084340058,0.27344262964336385,0.4899758795132357,-0.10022142835904671,-0.031158379971023054,0.13137980833006951,AWAY,False,False,2.01,1.83,0.4050918067812225,-0.07147069321877753,0.07147069321877764
2025-02-24,Serie A,AS Roma,Monza,4,0,1.33,5.42,9.88,pinnacle,0.5351367592103207,0.26232484048428595,0.2025384003053934,0.7246361906720832,0.17781662981436727,0.09754717951354966,-0.1894994314617625,0.08450821066991868,0.10499122079184375,HOME,False,True,1.72,2.14,0.4259145733858098,-0.1284895716919105,0.12848957169191044
2025-02-27,Serie A,Bologna,AC Milan,2,1,2.91,3.33,2.58,pinnacle,0.3561544215433751,0.2647870539785144,0.3790585244781104,0.3331355784330832,0.2911184784505322,0.37574594311638454,0.023018843110291898,-0.026331424472017806,0.0033125813617258526,HOME,True,True,1.99,1.84,0.5013404417943313,0.020922687225140735,-0.020922687225140624
2025-02-28,Serie A,Fiorentina,Lecce,1,0,1.81,3.56,5.08,pinnacle,0.5690199753467728,0.26194002547892425,0.16903999917430268,0.536271765431513,0.2726550268064715,0.19107320776201545,0.03274820991525984,-0.010715001327547269,-0.022033208587712766,HOME,False,False,2.27,1.65,0.38942722734689483,-0.03149114000004394,0.03149114000004383
2025-03-01,Serie A,Napoli,Inter Milan,1,1,3.31,3.18,2.4,pinnacle,0.4243730435985189,0.2600236026840443,0.31560335371743675,0.2923936280256534,0.30434682665563295,0.4032595453187137,0.13197941557286552,-0.044323223971588666,-0.08765619160127697,DRAW,True,False,2.16,1.71,0.5131047250250544,0.07124425990877542,-0.07124425990877548
2025-03-02,Serie A,Monza,Torino,0,2,4.24,3.39,1.99,pinnacle,0.391101447008792,0.3193995511116114,0.28949900187959665,0.22823803256725073,0.2854658578422251,0.48629610959052416,0.1628634144415413,0.03393369326938628,-0.1967971077109275,AWAY,False,False,2.33,1.62,0.30390057811085697,-0.10622600416762412,0.10622600416762396
2025-03-02,Serie A,Bologna,Cagliari,2,1,1.56,4.07,6.55,pinnacle,0.6443391726404035,0.21936903810157246,0.1362917892580239,0.6167280113451025,0.23638714931163635,0.14688483934326108,0.027611161295301057,-0.017018111210063885,-0.010593050085237171,HOME,True,True,2.04,1.8,0.48492276326519623,0.016172763265196288,-0.01617276326519612
2025-03-02,Serie A,Genoa,Empoli,1,1,1.98,3.3,4.4,pinnacle,0.5034294700989475,0.2915473425115035,0.2050231873895492,0.4878048780487805,0.2926829268292683,0.2195121951219512,0.015624592050166974,-0.0011355843177647817,-0.014489007732401998,DRAW,True,False,2.32,1.62,0.33814664637415787,-0.07302086631619753,0.07302086631619764
2025-03-02,Serie A,AC Milan,Lazio,1,2,2.07,3.65,3.61,pinnacle,0.40686517614959017,0.2771780521189249,0.31595677173148495,0.46717391073119013,0.2649452041680996,0.2678808851007101,-0.060308734581599965,0.012232847950825299,0.04807588663077483,AWAY,True,True,1.83,2.01,0.4448220133788685,-0.07861548662113138,0.07861548662113149
2025-03-03,Serie A,Juventus,Verona,2,0,1.3,5.57,10.96,pinnacle,0.7215373274608744,0.20036893031605912,0.07809374222306636,0.7396415148746852,0.17262728354346335,0.08773120158185135,-0.018104187413810813,0.027741646772595774,-0.009637459358784989,HOME,False,False,1.8,2.03,0.41827855933129143,-0.11174755032928296,0.11174755032928296
2025-03-07,Serie A,Cagliari,Genoa,1,1,2.47,3.08,3.29,pinnacle,0.29946003295837564,0.2927314622805135,0.40780850476111075,0.39174086001136577,0.31415581955456934,0.2941033204340649,-0.09228082705299012,-0.02142435727405584,0.11370518432704585,DRAW,True,False,2.44,1.56,0.3852699084663401,-0.004730091533659886,0.004730091533659664
2025-03-08,Serie A,Lecce,AC Milan,2,3,4.83,3.77,1.78,pinnacle,0.2365497080093939,0.2703452796838636,0.49310501230674264,0.20021421901059458,0.2565078721011066,0.5432779088882989,0.03633548899879932,0.013837407582757033,-0.050172896581556214,AWAY,True,True,1.84,1.99,0.42873214997289566,-0.09085009545791378,0.09085009545791373
2025-03-08,Serie A,Inter Milan,Monza,3,2,1.13,9.61,18.68,pinnacle,0.7016715310008084,0.18750386780557948,0.11082460119361207,0.8488399749388247,0.09981156833307721,0.05134845672809806,-0.1471684439380163,0.08769229947250227,0.059476144465514004,HOME,True,True,1.5,2.57,0.555678764496894,-0.07577086695273738,0.07577086695273755
2025-03-09,Serie A,Verona,Bologna,1,2,5.18,3.54,1.78,pinnacle,0.22689621453154918,0.285320263995358,0.4877835214730928,0.18610228360130898,0.272319160749938,0.5415785556487531,0.040793930930240196,0.013001103245419976,-0.05379503417566034,AWAY,True,True,2.29,1.63,0.3725167355302665,-0.04329959100034575,0.04329959100034575
2025-03-09,Serie A,Napoli,Fiorentina,2,1,1.57,4.06,6.52,pinnacle,0.5783624802255282,0.23727088284363537,0.18436663693083638,0.6144404365648602,0.2376038141396135,0.14795574929552618,-0.036077956339332085,-0.0003329312959781394,0.036410887635310196,HOME,True,True,2.08,1.76,0.4956825783809113,0.03734924504757797,-0.03734924504757797
2025-03-09,Serie A,Empoli,AS Roma,0,1,4.01,3.53,1.99,pinnacle,0.20843040162268595,0.2830784134902612,0.5084911848870528,0.24090274658006372,0.27366006056262193,0.48543719285731424,-0.032472344957377774,0.009418352927639262,0.023053992029738568,AWAY,False,False,2.04,1.8,0.3650825488485445,-0.10366745115145543,0.10366745115145548
2025-03-09,Serie A,Juventus,Atalanta,0,4,2.57,3.31,2.92,pinnacle,0.5278365038302695,0.25532648359347987,0.21683701257625074,0.37642495219326777,0.2922695248147124,0.3313055229920199,0.1514115516370017,-0.03694304122123254,-0.11446851041576914,AWAY,False,True,1.99,1.84,0.4655080914219693,-0.014909663147221308,0.014909663147221308
2025-03-10,Serie A,Lazio,Udinese,1,1,1.77,3.73,4.93,pinnacle,0.6076994360403035,0.24106770800421462,0.15123285595548186,0.5453879485483626,0.2588033964961399,0.19580865495549735,0.06231148749194093,-0.017735688491925305,-0.04457579900001549,DRAW,True,False,1.9,1.92,0.43280925832396444,-0.06980854272315595,0.06980854272315584
2025-03-14,Serie A,Genoa,Lecce,2,1,2.13,3.01,4.3,pinnacle,0.4364554998909205,0.3103845142857174,0.25315998582336213,0.4539285175689941,0.3212185190770623,0.22485296335394359,-0.017473017678073632,-0.010834004791344887,0.028307022469418547,HOME,True,True,2.65,1.48,0.31581484239009633,-0.042538668505787414,0.04253866850578747
2025-03-15,Serie A,Udinese,Verona,0,1,1.76,3.59,5.23,pinnacle,0.5404053161351163,0.2673588762456301,0.19223580761925352,0.5474140570105747,0.26837012265699484,0.18421582033243047,-0.00700874087545833,-0.0010112464113647412,0.008019987286823044,AWAY,False,False,2.11,1.74,0.3985393105215295,-0.053408741426522466,0.05340874142652252
2025-03-15,Serie A,Torino,Empoli,1,0,1.85,3.4,4.99,pinnacle,0.5086353484645996,0.3076165379996237,0.18374811353577664,0.5222316275490573,0.284155444401693,0.1936129280492497,-0.013596279084457707,0.023461093597930693,-0.00986481451347307,HOME,False,False,2.29,1.62,0.28189578318711345,-0.13242646745227277,0.1324264674522726
2025-03-16,Serie A,Bologna,Lazio,5,0,2.4,3.15,3.34,pinnacle,0.31934408090591954,0.3000654400534214,0.3805904790406591,0.40314978733187723,0.3071617427290493,0.2896884699390735,-0.0838057064259577,-0.007096302675627886,0.09090200910158563,HOME,False,True,2.19,1.69,0.36590368100701903,-0.06966332930225932,0.06966332930225938
2025-03-16,Serie A,AS Roma,Cagliari,1,0,1.56,4.19,6.39,pinnacle,0.688714939488425,0.20004716438067194,0.11123789613090282,0.6186409543680639,0.2303293290725966,0.15102971655933958,0.07007398512036112,-0.030282164691924657,-0.039791820428436764,HOME,False,False,1.94,1.88,0.5048124201494049,0.012665823290766043,-0.012665823290766487
2025-03-16,Serie A,Fiorentina,Juventus,3,0,3.48,3.18,2.32,pinnacle,0.3145977574402467,0.3040823268541362,0.38131991570561685,0.27821522309711283,0.30446194225721784,0.4173228346456693,0.03638253434313388,-0.00037961540308162345,-0.036002918940052475,HOME,False,True,2.28,1.64,0.3525422693342389,-0.0658250776045366,0.06582507760453682
2025-03-16,Serie A,Atalanta,Inter Milan,0,2,2.57,3.38,2.87,pinnacle,0.3010785267749102,0.2394696525139928,0.45945182071109714,0.3765307746350401,0.28629706828758966,0.33717215707737036,-0.07545224786012988,-0.046827415773596864,0.12227966363372678,AWAY,False,False,1.91,1.92,0.5971197331448571,0.09581425011613653,-0.09581425011613631
2025-03-29,Serie A,Juventus,Genoa,1,0,1.54,4.06,7.08,pinnacle,0.6193732889737944,0.24864675584334262,0.13197995518286315,0.626242908558531,0.23754041359116698,0.13621667785030195,-0.0068696195847366415,0.011106342252175633,-0.004236722667438797,HOME,False,False,2.14,1.71,0.37855172937527204,-0.0656041147805721,0.06560411478057215
2025-03-29,Serie A,Lecce,AS Roma,0,1,5.02,3.58,1.79,pinnacle,0.258296908701061,0.301690604819841,0.44001248647909813,0.1920600858369099,0.26931330472103004,0.5386266094420601,0.06623682286415108,0.03237730009881096,-0.09861412296296196,AWAY,False,False,2.15,1.7,0.342135206369829,-0.09942323518861251,0.09942323518861274
2025-03-30,Serie A,Cagliari,Monza,3,0,1.68,3.75,5.78,pinnacle,0.28230512883687975,0.28493416039299363,0.4327607107701269,0.5751564266267573,0.25767007912878725,0.1671734942444554,-0.2928512977898775,0.027264081264206375,0.2655872165256715,HOME,False,True,2.11,1.73,0.40533715517971486,-0.04518367815361851,0.045183678153618456
2025-03-30,Serie A,Fiorentina,Atalanta,1,0,3.68,3.54,2.08,pinnacle,0.43297459757816564,0.25323706054064027,0.3137883418811941,0.2625513464171611,0.27293473299863075,0.4645139205842081,0.17042325116100454,-0.01969767245799048,-0.150725578703014,HOME,False,False,1.9,1.92,0.5414525212996903,0.038834720252569954,-0.03883472025256984
2025-03-30,Serie A,Inter Milan,Udinese,2,1,1.4,4.86,8.55,pinnacle,0.7348703288636373,0.16824404423886577,0.0968856268974968,0.6887960614650156,0.19841861852901682,0.11278532000596746,0.04607426739862175,-0.03017457429015105,-0.015899693108470656,HOME,True,True,1.8,2.02,0.6013179799383702,0.07252216842004555,-0.07252216842004561
2025-03-30,Serie A,Napoli,AC Milan,2,1,1.98,3.64,3.91,pinnacle,0.5520267049201281,0.23241162642790889,0.21556166865196313,0.48772163090187587,0.2652991288971742,0.24697924020094994,0.0643050740182522,-0.032887502469265334,-0.031417571548986806,HOME,True,True,1.98,1.85,0.5558377962535559,0.07280907562692401,-0.07280907562692385
2025-03-31,Serie A,Lazio,Torino,1,1,1.76,3.64,5.16,pinnacle,0.5343550316015222,0.29367574160707527,0.17196922679140278,0.5480648022783511,0.26499836593678505,0.1869368317848639,-0.01370977067682888,0.028677375670290217,-0.014967604993461114,DRAW,True,False,2.02,1.8,0.3050615538269479,-0.1661426346547275,0.16614263465472767
2025-04-04,Serie A,Genoa,Udinese,1,0,2.52,3.01,3.35,pinnacle,0.42307170767311214,0.2869105348346194,0.29001775749226866,0.38618267606766576,0.3233157288008365,0.2905015951314978,0.036889031605446376,-0.03640519396621705,-0.00048383763922915657,HOME,False,False,2.66,1.47,0.4016527497568433,0.04572054636701278,-0.045720546367012616
2025-04-05,Serie A,AC Milan,Fiorentina,2,2,1.91,3.75,4.08,pinnacle,0.48939503053828043,0.2503052353909206,0.26029973407079887,0.5056965225927358,0.2575680955072334,0.2367353819000307,-0.016301492054455358,-0.00726286011631283,0.02356435217076816,DRAW,True,True,1.75,2.08,0.5236203089855478,-0.01946063096223294,0.019460630962232717
2025-04-06,Serie A,Empoli,Cagliari,0,0,2.6,3.09,3.08,pinnacle,0.42891310550368145,0.3008318396073986,0.2702550548889197,0.3723590722714326,0.3133118407461893,0.3143290869823782,0.056554033232248835,-0.012480001138790664,-0.044074032093458504,DRAW,False,False,2.16,1.69,0.3497649940770226,-0.08919604488401633,0.08919604488401611
2025-04-06,Serie A,Torino,Verona,1,1,1.82,3.39,5.21,pinnacle,0.5321609151317954,0.29677040790562664,0.17106867696257794,0.530166086828621,0.2846319404212656,0.18520197275011333,0.001994828303174434,0.012138467484361037,-0.014133295787535388,DRAW,True,False,2.35,1.59,0.29685001876135075,-0.10670328073103502,0.10670328073103497
2025-04-06,Serie A,Atalanta,Lazio,0,1,1.72,4.04,4.81,pinnacle,0.38062395297553125,0.27256672287038936,0.3468093241540796,0.560748418671222,0.2387344752758668,0.200517106052911,-0.1801244656956908,0.03383224759452255,0.1462922181011686,AWAY,False,False,1.79,2.03,0.46845396819103874,-0.06295964437440632,0.06295964437440627
2025-04-06,Serie A,AS Roma,Juventus,1,1,2.55,3.15,3.09,pinnacle,0.3211311785723528,0.3089160926517394,0.3699527287759078,0.37954027022284614,0.30724688541849443,0.3132128443586594,-0.05840909165049335,0.0016692072332449848,0.056739884417248365,DRAW,True,False,2.2,1.67,0.3388365194401208,-0.09268802836349677,0.09268802836349677
2025-04-07,Serie A,Bologna,Napoli,1,1,3.01,3.07,2.67,pinnacle,0.2632752530880408,0.2676114039939573,0.46911334291800183,0.32177135387429684,0.3154826629190989,0.3627459832066043,-0.058496100786256056,-0.0478712589251416,0.10636735971139755,DRAW,True,False,2.45,1.54,0.45735747434699936,0.07139256206629763,-0.07139256206629774
2025-04-11,Serie A,Udinese,AC Milan,0,4,4.17,3.61,1.95,pinnacle,0.2708519064395211,0.25197720228460646,0.4771708912758722,0.2329055375239456,0.26903492838638593,0.4980595340896683,0.03794636891557551,-0.01705772610177947,-0.0208886428137961,AWAY,False,True,1.86,1.98,0.5241845774455396,0.008559577445539701,-0.00855957744553959
2025-04-12,Serie A,Inter Milan,Cagliari,3,1,1.35,5.42,8.93,pinnacle,0.8345883622297511,0.11562728909368529,0.04978434867656375,0.7141565016208496,0.17788030944430758,0.1079631889348429,0.12043186060890143,-0.06225302035062229,-0.05817884025827915,HOME,True,True,1.72,2.13,0.6670982349625685,0.11385148171581527,-0.11385148171581522
2025-04-12,Serie A,Juventus,Lecce,2,1,1.34,5.15,10.15,pinnacle,0.6354425861528867,0.2495213187881676,0.1150360950589458,0.7182804416382111,0.18689238675635012,0.09482717160543871,-0.08283785548532441,0.06262893203181749,0.020208923453507083,HOME,True,True,1.91,1.91,0.3492590777621002,-0.1507409222378998,0.15074092223789992
2025-04-13,Serie A,Atalanta,Bologna,2,0,2.04,3.59,3.77,pinnacle,0.5017100014401646,0.2449518689529469,0.2533381296068883,0.47407762875367343,0.2693923015759036,0.2565300696704228,0.027632372686491213,-0.024440432622956698,-0.003191940063534515,HOME,False,False,2.0,1.82,0.5405367954578026,0.06409700488188635,-0.06409700488188635
2025-04-13,Serie A,Verona,Genoa,0,0,3.07,2.92,2.74,pinnacle,0.2920261810675755,0.31119628152336914,0.3967775374090553,0.3152776135871065,0.3314733814083619,0.35324900500453166,-0.02325143251953099,-0.020277099884992766,0.043528532404523645,DRAW,False,False,2.7,1.45,0.32684603032977594,-0.02255156003166986,0.022551560031669693
2025-04-13,Serie A,Lazio,AS Roma,1,1,2.91,3.24,2.63,pinnacle,0.4671960928513889,0.28870531716463865,0.2440985899839727,0.3328216725449071,0.29892316885977765,0.36825515859531543,0.13437442030648183,-0.010217851695139002,-0.12415656861134272,DRAW,True,False,2.12,1.73,0.3734229337069171,-0.07592771564373219,0.07592771564373246
2025-04-14,Serie A,Napoli,Empoli,3,0,1.34,5.2,10.04,pinnacle,0.7673818794103531,0.16344209538083979,0.06917602520880728,0.7188253824886823,0.1852357716413143,0.09593884587000344,0.048556496921670744,-0.021793676260474515,-0.02676282066119616,HOME,False,True,1.89,1.92,0.5266759190912174,0.02273891121720162,-0.022738911217201452
2025-04-19,Serie A,Monza,Napoli,0,1,13.36,5.77,1.27,pinnacle,0.2104793046925078,0.2562222591888974,0.533298436118595,0.07227987528394997,0.16735860204394656,0.7603615226721036,0.13819942940855784,0.08886365714495084,-0.2270630865535086,AWAY,False,False,1.82,2.01,0.45571310563367196,-0.06909107191201991,0.06909107191201991
2025-04-19,Serie A,AS Roma,Verona,1,0,1.41,4.64,8.71,pinnacle,0.6665690734111334,0.21947452826122238,0.11395639832764418,0.6822389044851354,0.20731828778535363,0.11044280772951098,-0.015669831074001994,0.012156240475868746,0.0035135905981331927,HOME,False,False,2.02,1.8,0.43920818814027207,-0.03199600034140332,0.03199600034140326
2025-04-20,Serie A,Bologna,Inter Milan,1,0,3.32,3.19,2.39,pinnacle,0.2501366248685007,0.2556302073649668,0.4942331677665327,0.29155592607180963,0.3034375155355511,0.40500655839263927,-0.041419301203308945,-0.04780730817058432,0.08922660937389343,HOME,False,False,2.17,1.69,0.4941988247889198,0.05637499059202866,-0.05637499059202833
2025-04-20,Serie A,AC Milan,Atalanta,0,1,2.58,3.55,2.75,pinnacle,0.49511357948011214,0.2303244585814631,0.27456196193842486,0.3752426344819633,0.27271154844041284,0.35204581707762383,0.11987094499814882,-0.042387089858949734,-0.07748385513919898,AWAY,False,False,1.67,2.2,0.6222429086570846,0.053767456460702245,-0.05376745646070202
2025-04-23,Serie A,Cagliari,Fiorentina,1,2,3.12,3.21,2.5,pinnacle,0.2013124778588477,0.25348655590574176,0.5452009662354105,0.31056261174449107,0.3018552487983839,0.38758213945712494,-0.10925013388564336,-0.04836869289264212,0.15761882677828554,AWAY,True,True,2.15,1.7,0.4557966822554449,0.014238240697003357,-0.014238240697003302
2025-04-23,Serie A,Genoa,Lazio,0,2,3.48,3.18,2.32,pinnacle,0.24557846912937176,0.29873801383265536,0.4556835170379727,0.27821522309711283,0.30446194225721784,0.4173228346456693,-0.03263675396774107,-0.0057239284245624855,0.03836068239230339,AWAY,False,False,2.35,1.59,0.3443415734086249,-0.05921172608376085,0.059211726083760574
2025-04-23,Serie A,Torino,Udinese,2,0,2.43,3.08,3.38,pinnacle,0.4363058623949621,0.3044688701670692,0.25922526743796837,0.3987406255505933,0.3145908182103707,0.2866685562390361,0.0375652368443688,-0.01012194804330152,-0.027443288801067722,HOME,False,False,2.47,1.54,0.33463627931853734,-0.049403620930839165,0.049403620930839054
2025-04-27,Serie A,Fiorentina,Empoli,2,1,1.84,3.55,4.75,pinnacle,0.6383018773389154,0.23198455396291692,0.12971356869816772,0.524747545472934,0.27198182638597146,0.20327062814109445,0.1135543318659814,-0.039997272423054536,-0.07355705944292673,HOME,True,True,2.19,1.68,0.42739240060486566,-0.0067161265269172765,0.006716126526917221
2025-04-27,Serie A,Inter Milan,AS Roma,0,1,1.78,3.78,4.76,pinnacle,0.5910524765194413,0.22998070379858893,0.17896681968196987,0.542049768030367,0.25525094896668077,0.20269928300295234,0.04900270848907429,-0.025270245168091843,-0.023732463320982472,AWAY,False,False,1.97,1.85,0.5167687233528588,0.03247552963558137,-0.0324755296355812
2025-04-27,Serie A,Juventus,Monza,2,0,1.18,7.48,15.62,pinnacle,0.6055632464959538,0.2515567386851289,0.1428800148189175,0.8108339185929341,0.12791230266573023,0.061253778741335606,-0.20527067209698024,0.12364443601939867,0.08162623607758188,HOME,False,False,1.55,2.43,0.38628129044184495,-0.22427147337725056,0.2242714733772505
2025-04-27,Serie A,Atalanta,Lecce,1,1,1.23,6.63,12.53,pinnacle,0.6127087102289058,0.22869660459261662,0.15859468517847758,0.7790074521266271,0.1445217445121797,0.07647080336119325,-0.1662987418977213,0.08417486008043693,0.08212388181728433,DRAW,True,False,1.56,2.41,0.4895823858514619,-0.11747051087397892,0.11747051087397892
2025-04-27,Serie A,Napoli,Torino,2,0,1.43,4.53,8.36,pinnacle,0.6313377926686077,0.23776936245195732,0.13089284487943492,0.6726189313275374,0.21232783041906805,0.11505323825339454,-0.041281138658929684,0.025441532032889264,0.01583960662604038,HOME,False,False,2.01,1.81,0.4104347093010607,-0.06338728022773515,0.06338728022773521
2025-04-28,Serie A,Udinese,Bologna,0,0,4.69,3.51,1.86,pinnacle,0.3399920634693314,0.28168802720536096,0.3783199093253078,0.20585926045046493,0.27506550755347026,0.5190752319960648,0.1341328030188665,0.0066225196518907015,-0.14075532267075697,DRAW,False,False,2.26,1.64,0.4323845383398649,0.011871717827044326,-0.011871717827044326
2025-04-28,Serie A,Verona,Cagliari,0,2,2.7,2.76,3.33,pinnacle,0.41012852274778394,0.30077228258964867,0.28909919466256734,0.3585422372024436,0.350747840741521,0.2907099220560354,0.05158628554534034,-0.049975558151872324,-0.00161072739346807,AWAY,False,False,2.52,1.51,0.35663607287424054,-0.018053753428488972,0.018053753428489028
2025-05-03,Serie A,Cagliari,Udinese,1,2,2.25,3.18,3.64,pinnacle,0.30549246580767964,0.27974476696824396,0.41476276722407646,0.4299819466422984,0.3042325094167206,0.26578554394098114,-0.12448948083461875,-0.024487742448476624,0.14897722328309532,AWAY,True,True,2.34,1.6,0.43224428538364273,0.026152914825267104,-0.026152914825266937
2025-05-03,Serie A,Lecce,Napoli,0,1,6.82,4.11,1.54,pinnacle,0.16948055149222271,0.25676309020075433,0.5737563583070229,0.14108473911337777,0.23411141624166337,0.6248038446449588,0.028395812378844948,0.022651673959090957,-0.05104748633793588,AWAY,False,False,2.01,1.81,0.40637484697622767,-0.06744714255256817,0.067447142552568
2025-05-03,Serie A,Inter Milan,Verona,1,0,1.37,5.09,8.88,pinnacle,0.8134518781926011,0.1326979549469667,0.05385016686043209,0.7025261858836366,0.18908858048341498,0.10838523363294843,0.11092569230896454,-0.056390625536448274,-0.054535066772516336,HOME,False,False,1.84,1.98,0.6001558327451635,0.08183122541532051,-0.08183122541532073
2025-05-04,Serie A,Empoli,Lazio,0,1,4.63,3.68,1.83,pinnacle,0.17221922596281877,0.28213358294474544,0.5456471910924355,0.20884645084460873,0.26276061614416807,0.5283929330112231,-0.03662722488178996,0.019372966800577374,0.017254258081212392,AWAY,False,False,2.01,1.81,0.3347301355277756,-0.13909185400102025,0.13909185400101998
2025-05-04,Serie A,Monza,Atalanta,0,4,13.54,6.69,1.22,pinnacle,0.32128475160346687,0.2608600048702133,0.41785524352631986,0.07081011111959412,0.14331373760228763,0.7858761512781184,0.25047464048387275,0.11754626726792569,-0.3680209077517985,AWAY,False,True,1.47,2.59,0.5114258094842891,-0.1265052249984695,0.12650522499846967
2025-05-04,Serie A,AS Roma,Fiorentina,1,0,1.66,3.9,5.58,pinnacle,0.43636568914911406,0.2781490184189569,0.2854852924319288,0.5803385708342668,0.2470159045089443,0.172645524656789,-0.1439728816851527,0.031133113910012583,0.11283976777513982,HOME,False,False,1.98,1.84,0.430489369448303,-0.051186023221854116,0.05118602322185384
2025-05-04,Serie A,Bologna,Juventus,1,1,2.46,3.13,3.26,pinnacle,0.28193591175378185,0.3034126228563836,0.41465146538983455,0.39361652882360204,0.30935995556104184,0.29702351561535617,-0.11168061706982019,-0.005947332704658248,0.11762794977447838,DRAW,True,False,2.34,1.6,0.3464084383265442,-0.05968293223183141,0.0596829322318313
2025-05-05,Serie A,Genoa,AC Milan,1,2,4.59,3.76,1.81,pinnacle,0.27077327937078904,0.26467794433371866,0.4645487762954923,0.21023171330691126,0.2566392457656177,0.5331290409274712,0.06054156606387778,0.008038698568100966,-0.06858026463197886,AWAY,True,True,1.93,1.88,0.47312209411534123,-0.020316226094632572,0.020316226094632572
2025-05-09,Serie A,AC Milan,Bologna,3,1,2.36,3.45,3.13,pinnacle,0.5285810327756756,0.24381454320972917,0.22760442401459519,0.4101635944437903,0.28057567619923046,0.30926072935697924,0.11841743833188528,-0.03676113298950129,-0.08165630534238405,HOME,True,True,1.96,1.87,0.5214435834392707,0.033192930697756196,-0.033192930697756196
2025-05-10,Serie A,Lazio,Juventus,1,1,2.45,3.25,3.15,pinnacle,0.3611356581944697,0.32457111479116324,0.3142932270143671,0.3950033760972316,0.2977717758271438,0.30722484807562456,-0.033867717902761885,0.026799338964019426,0.00706837893874257,DRAW,True,False,2.19,1.67,0.2944550834221513,-0.13818740362448084,0.1381874036244808
2025-05-11,Serie A,Udinese,Monza,1,2,1.5,4.37,7.06,pinnacle,0.40091841211469803,0.28466349243666317,0.31441809544863897,0.6427916628469993,0.2206378705424483,0.13657046661055228,-0.24187325073230126,0.06402562189421487,0.1778476288380867,AWAY,True,True,1.85,1.97,0.41697026373596546,-0.09873654254675701,0.09873654254675729
2025-05-11,Serie A,Verona,Lecce,1,1,2.24,3.07,3.82,pinnacle,0.3174021455434175,0.3296205332210451,0.3529773212355376,0.43177349876661386,0.31503994698280624,0.25318655425057984,-0.11437135322319636,0.01458058623823888,0.09979076698495776,DRAW,True,False,2.25,1.64,0.2818564539486828,-0.13973737638550748,0.13973737638550754
2025-05-11,Serie A,Torino,Inter Milan,0,2,6.08,4.24,1.57,pinnacle,0.2047415595535591,0.27219292162634323,0.5230655188200974,0.15856470453722585,0.22737580273262573,0.6140594927301485,0.04617685501633326,0.044817118893717506,-0.09099397391005104,AWAY,False,False,1.95,1.87,0.39540978161007223,-0.0941190142014462,0.09411901420144586
2025-05-11,Serie A,Napoli,Genoa,2,2,1.3,5.34,12.49,pinnacle,0.6884181913786375,0.2001750470613122,0.11140676156005047,0.7420990791716551,0.18066082451744414,0.07724009631090085,-0.053680887793017606,0.01951422254386806,0.034166665249149616,DRAW,True,True,2.01,1.81,0.5047221690256694,0.030900179496873514,-0.03090017949687346
2025-05-12,Serie A,Atalanta,AS Roma,2,1,2.01,3.56,3.91,pinnacle,0.44805757092819753,0.25477082080765423,0.2971716082641482,0.4810760930798395,0.2716188053624936,0.24730510155766683,-0.03301852215164197,-0.01684798455483938,0.04986650670648135,HOME,True,True,1.81,2.01,0.527651873696396,0.0014738632251918293,-0.0014738632251917738
2025-05-17,Serie A,Genoa,Atalanta,2,3,4.68,3.81,1.79,pinnacle,0.29911393558098887,0.2629874519038268,0.4378986125151843,0.2064890592499069,0.2536401042754762,0.5398708364746169,0.09262487633108196,0.0093473476283506,-0.10197222395943256,AWAY,True,True,1.84,1.98,0.4944754003539768,-0.023849206975866177,0.023849206975866122
2025-05-18,Serie A,Fiorentina,Bologna,3,2,2.82,3.16,2.77,pinnacle,0.46623335870778837,0.2722290456284357,0.26153759566377605,0.3435888176229991,0.30662040053698014,0.34979078184002077,0.12264454108478928,-0.03439135490854445,-0.08825318617624472,HOME,True,True,2.29,1.63,0.43929517168733717,0.023478845156724937,-0.023478845156724826
2025-05-18,Serie A,Inter Milan,Lazio,2,2,1.65,4.17,5.17,pinnacle,0.5175720557408767,0.2619794364477085,0.2204485078114149,0.5831473712398465,0.2307417655985004,0.18611086316165312,-0.06557531549896978,0.031237670849208088,0.03433764464976177,DRAW,True,True,1.76,2.07,0.4446904459016029,-0.09577952798873657,0.09577952798873662
2025-05-18,Serie A,Juventus,Udinese,2,0,1.36,5.03,9.57,pinnacle,0.6388032163264221,0.23201105647643858,0.1291857271971392,0.7079703675814164,0.1914194234414963,0.10061020897708739,-0.06916715125499429,0.04059163303494229,0.028575518220051804,HOME,False,False,1.9,1.92,0.4263482246499279,-0.0762695763971925,0.07626957639719256
2025-05-18,Serie A,Lecce,Torino,1,0,1.88,3.46,4.62,pinnacle,0.32735176060300425,0.344436564634368,0.3282116747626277,0.5127471484109368,0.27860249682443966,0.20865035476462362,-0.18539538780793258,0.06583406780992834,0.11956131999800407,HOME,False,False,2.29,1.62,0.24726258060548326,-0.16705967003390296,0.16705967003390276
2025-05-18,Serie A,Monza,Empoli,1,3,4.86,3.68,1.74,pinnacle,0.5297050682650489,0.27931715888865644,0.19097777284629466,0.19555099497929418,0.25825484663026355,0.5461941583904424,0.33415407328575475,0.02106231225839289,-0.3552163855441477,AWAY,True,True,2.16,1.69,0.3607645618202577,-0.07819647714078126,0.07819647714078126
2025-05-18,Serie A,AS Roma,AC Milan,3,1,2.36,3.6,3.02,pinnacle,0.40481357348421526,0.2646815803193226,0.330504846196462,0.4103384764032731,0.2689996678643679,0.3206618557323591,-0.005524902919057828,-0.004318087545045313,0.009842990464102863,HOME,True,True,1.73,2.12,0.49792534174309705,-0.05272400890625356,0.052724008906253395
2025-05-23,Serie A,Napoli,Cagliari,2,0,1.2,7.2,15.68,pinnacle,0.8110388044476392,0.1317786826980411,0.05718251285431984,0.8043775649794802,0.13406292749658003,0.06155950752393981,0.006661239468158997,-0.0022842447985389203,-0.004376994669619966,HOME,False,False,1.52,2.5,0.6211948159945513,-0.0006957312691303619,0.0006957312691302509
2025-05-24,Serie A,Bologna,Genoa,1,3,1.5,4.55,6.56,pinnacle,0.5051056258994253,0.273723328700763,0.22117104539981203,0.6417130694644508,0.21155375916410468,0.14673317137144457,-0.13660744356502552,0.06216956953665831,0.07443787402836746,AWAY,True,True,1.72,2.13,0.4049344613335827,-0.14831229191317052,0.1483122919131709
2025-05-24,Serie A,AC Milan,Monza,2,0,1.22,7.48,11.05,pinnacle,0.5946155882193238,0.22760327887593104,0.1777811329047453,0.7852320811395717,0.12807261216447557,0.08669530669595271,-0.19061649292024785,0.09953066671145547,0.09108582620879258,HOME,False,False,1.31,3.31,0.5246049134947796,-0.1918453029554369,0.191845302955437
2025-05-25,Serie A,Empoli,Verona,1,2,2.0,3.29,4.33,pinnacle,0.4159028700555684,0.3201777384725377,0.263919391471894,0.48313928446670756,0.29370169268492863,0.22315902284836378,-0.06723641441113914,0.026476045787609093,0.040760368623530246,AWAY,True,True,2.39,1.57,0.29467258396744794,-0.10179206249719858,0.10179206249719852
2025-05-25,Serie A,Lazio,Lecce,0,1,1.55,3.74,7.99,pinnacle,0.60751937678053,0.25851177874412473,0.13396884447534524,0.6217239062002617,0.2576663247621405,0.12060976903759772,-0.014204529419731715,0.0008454539819842122,0.013359075437747517,AWAY,False,False,1.82,2.01,0.35323904152908536,-0.1715651360166065,0.1715651360166066
2025-05-25,Serie A,Torino,AS Roma,0,2,5.91,4.27,1.58,pinnacle,0.3117521985103902,0.3176056038951737,0.3706421975944361,0.16327646835317436,0.2259868683764076,0.610736663270418,0.14847573015721585,0.09161873551876612,-0.24009446567598186,AWAY,False,False,1.9,1.91,0.3127709861203561,-0.1885413498376492,0.18854134983764909
2025-05-25,Serie A,Udinese,Fiorentina,2,3,3.71,3.75,2.01,pinnacle,0.30575950680098146,0.276197371076142,0.41804312212287653,0.26074908932407603,0.2579677657046192,0.48128314497130464,0.04501041747690543,0.018229605371522795,-0.06324002284842811,AWAY,True,True,1.95,1.87,0.4454659155272426,-0.04406288028427585,0.04406288028427585
2024-01-12,Ligue 1,Olympique Marseille,Strasbourg,1,1,1.62,4.01,6.08,pinnacle,0.6067191489114537,0.23808274816656017,0.15519810292198627,0.5986456026282577,0.2418468519346079,0.1595075454371345,0.00807354628319601,-0.0037641037680477274,-0.004309442515148226,DRAW,True,False,2.06,1.79,0.5423486398347489,0.07741357489968392,-0.07741357489968392
2024-01-13,Ligue 1,AS Monaco,Reims,1,3,1.76,4.08,4.46,pinnacle,0.5124443737081823,0.2520029186221492,0.23555270766966846,0.5476477103096258,0.23624018876101502,0.21611210092935906,-0.03520333660144348,0.015762729861134167,0.019440606740309396,AWAY,True,True,1.61,2.35,0.5917244932152861,-0.0017098502190573406,0.001709850219057174
2024-01-13,Ligue 1,Stade Rennais,Nice,2,0,2.43,3.27,3.17,pinnacle,0.38321556982753524,0.3378981461712575,0.27888628400120735,0.3984570499440709,0.2961011105088967,0.3054418395470323,-0.015241480116535644,0.041797035662360815,-0.02655555554582495,HOME,False,False,2.28,1.65,0.32512184376043984,-0.094725484483835,0.094725484483835
2024-01-14,Ligue 1,Lille OSC,Lorient,3,0,1.38,5.04,8.5,pinnacle,0.6027346613962846,0.23504372040846325,0.162221618195252,0.6963000526613485,0.19065358584775016,0.11304636149090128,-0.09356539126506391,0.044390134560713085,0.04917525670435072,HOME,False,True,1.74,2.12,0.5655441806337348,0.01632138270627359,-0.016321382706273757
2024-01-14,Ligue 1,Brest,Montpellier,2,0,1.88,3.65,4.34,pinnacle,0.41293787046806,0.278285214460545,0.3087769150713949,0.5132816195864197,0.26437519036232027,0.22234319005126016,-0.10034374911835969,0.013910024098224727,0.08643372502013472,HOME,False,False,1.94,1.89,0.5346395652653935,0.041166980408996634,-0.04116698040899669
2024-01-14,Ligue 1,Metz,Toulouse,0,1,3.16,3.02,2.59,pinnacle,0.3435215126353681,0.3079696428811081,0.3485088444835237,0.30614417559707857,0.32033628969760547,0.373519534705316,0.03737733703828955,-0.012366646816497351,-0.02501069022179231,AWAY,False,False,2.28,1.64,0.430242552734137,0.011875205795361499,-0.011875205795361388
2024-01-14,Ligue 1,Nantes,Clermont,1,2,2.0,3.44,4.11,pinnacle,0.3581376852325432,0.32914888320280195,0.3127134315646546,0.48355587173032727,0.28113713472693447,0.2353069935427383,-0.12541818649778408,0.04801174847586748,0.0774064380219163,AWAY,True,True,2.15,1.72,0.35768556448553585,-0.08675887995890857,0.08675887995890852
2024-01-14,Ligue 1,Le Havre,Olympique Lyonnais,3,1,3.26,3.29,2.36,pinnacle,0.3457794801961765,0.32691264334712106,0.32730787645670245,0.29653902854480324,0.29383502524500255,0.4096259462101943,0.04924045165137325,0.03307761810211851,-0.08231806975349187,HOME,True,True,2.06,1.78,0.3659662882898657,-0.09757537837680091,0.09757537837680097
2024-01-14,Ligue 1,Lens,Paris Saint-Germain,0,2,3.81,4.06,1.9,pinnacle,0.3486199070925083,0.29194665842712697,0.35943343448036474,0.253569831961501,0.23795592605254162,0.5084742419859573,0.09505007513100727,0.05399073237458535,-0.1490408075055925,AWAY,False,False,1.62,2.34,0.48939979606277884,-0.1015092948463121,0.10150929484631199
2024-01-26,Ligue 1,Olympique Lyonnais,Stade Rennais,2,3,2.56,3.35,2.91,pinnacle,0.32017960563249476,0.2784329761851139,0.4013874181823913,0.37822853174310644,0.28903434067532907,0.33273712758156443,-0.05804892611061169,-0.010601364490215148,0.06865029060082689,AWAY,True,True,2.03,1.8,0.5373078943571031,0.06733400401767753,-0.06733400401767747
2024-01-27,Ligue 1,Nice,Metz,1,0,1.41,4.57,8.94,pinnacle,0.5644118451477947,0.2983029840111915,0.13728517084101388,0.6820109874150528,0.21042352128123074,0.1075654913037164,-0.1175991422672581,0.08787946272996075,0.029719679537297483,HOME,False,False,2.11,1.75,0.32321405342873766,-0.13015382221893074,0.1301538222189309
2024-01-27,Ligue 1,Olympique Marseille,AS Monaco,2,2,2.45,3.68,2.83,pinnacle,0.5077596472480246,0.24164612406709354,0.25059422868488196,0.39502501526708866,0.26299219766423027,0.34198278706868107,0.11273463198093592,-0.021346073597136722,-0.09138855838379911,DRAW,True,True,1.71,2.16,0.6446314863411364,0.0864919514574155,-0.0864919514574154
2024-01-28,Ligue 1,Montpellier,Lille OSC,0,0,3.93,3.59,1.99,pinnacle,0.3034868331341492,0.2733339735762601,0.4231791932895907,0.245725488847232,0.2689975407157721,0.48527697043699586,0.057761344286917204,0.004336432860488015,-0.062097777147405164,DRAW,False,False,1.96,1.84,0.5518826463600546,0.06767212004426515,-0.06767212004426504
2024-01-28,Ligue 1,Clermont,Strasbourg,1,1,2.83,3.27,2.67,pinnacle,0.35714637956076295,0.3121232194436602,0.3307304009955768,0.3418372740406639,0.2958408212645501,0.3623219046947861,0.015309105520099064,0.016282398179110147,-0.03159150369920927,DRAW,True,False,2.22,1.67,0.4151160330243852,-0.014189879572015729,0.014189879572015895
2024-01-28,Ligue 1,Lorient,Le Havre,3,3,3.0,3.12,2.63,pinnacle,0.35507541448060853,0.3193690968884157,0.32555548863097583,0.3223495026634611,0.30995144486871257,0.36769905246782636,0.03272591181714746,0.009417652019703127,-0.04214356383685053,DRAW,True,True,2.38,1.58,0.3902512521480959,-0.008738646841803144,0.008738646841803033
2024-01-28,Ligue 1,Reims,Nantes,0,0,1.83,3.76,4.5,pinnacle,0.4979658670244742,0.29754233732474433,0.20449179565078157,0.5281591219822822,0.2570561684115895,0.21478470960612814,-0.030193254957808002,0.04048616891315482,-0.010292913955346567,DRAW,False,False,1.88,1.92,0.4018016697990538,-0.10346148809568295,0.10346148809568312
2024-01-28,Ligue 1,Toulouse,Lens,0,2,3.54,3.63,2.1,pinnacle,0.18329002718668475,0.28510677948870994,0.5316031933246055,0.27315531475748195,0.2663828689370485,0.4604618163054695,-0.0898652875707972,0.01872391055166145,0.07114137701913598,AWAY,False,False,1.95,1.86,0.41910993240349415,-0.06907904397445869,0.06907904397445863
2024-01-28,Ligue 1,Paris Saint-Germain,Brest,2,2,1.4,5.45,6.98,pinnacle,0.6956075458034401,0.1935587987651312,0.11083365543142866,0.6861280955215265,0.17625308875782333,0.13761881572065002,0.009479450281913548,0.01730571000730788,-0.026785160289221357,DRAW,True,True,1.56,2.41,0.6217828405037771,0.014729943778336252,-0.01472994377833653
2024-02-02,Ligue 1,Strasbourg,Paris Saint-Germain,1,2,6.58,4.66,1.5,pinnacle,0.14444192876090473,0.20521423184434437,0.6503438393947507,0.1470872928362807,0.20768978258856804,0.6452229245751513,-0.0026453640753759666,-0.0024755507442236757,0.00512091481959942,AWAY,True,True,1.62,2.34,0.6500828489009634,0.05917375799187241,-0.059173757991872744
2024-02-03,Ligue 1,Stade Rennais,Montpellier,2,1,1.63,4.09,5.56,pinnacle,0.5584274180657398,0.23731784631563838,0.2042547356186218,0.5911218901010921,0.2355815845635159,0.1732965253353921,-0.03269447203535225,0.0017362617521224644,0.030958210283229703,HOME,True,True,1.81,1.98,0.6158938089946799,0.09346636836143452,-0.09346636836143457
2024-02-03,Ligue 1,Nantes,Lens,0,1,3.47,3.36,2.23,pinnacle,0.14676650413671216,0.27602713869716794,0.57720635716612,0.2786453006868699,0.2877676170784043,0.4335870822347258,-0.13187879655015772,-0.011740478381236374,0.1436192749313942,AWAY,False,False,2.04,1.8,0.3991055332368404,-0.06964446676315955,0.06964446676315972
2024-02-04,Ligue 1,AS Monaco,Le Havre,1,1,1.49,4.56,6.8,pinnacle,0.5032406953482016,0.2756894955517905,0.22106980910000773,0.6468840749023665,0.21137220868520312,0.1417437164124303,-0.14364337955416495,0.06431728686658739,0.07932609268757743,DRAW,True,False,1.74,2.12,0.49041118639580006,-0.058811611531661145,0.05881161153166087
2024-02-04,Ligue 1,Lille OSC,Clermont,4,0,1.42,4.81,7.95,pinnacle,0.5878695822808728,0.2657871861515234,0.14634323156760365,0.6785021655928898,0.20030625262825436,0.12119158177885578,-0.09063258331201696,0.06548093352326906,0.02515164978874787,HOME,False,True,1.81,2.02,0.430657773484651,-0.09675737011848223,0.09675737011848196
2024-02-04,Ligue 1,Metz,Lorient,1,2,2.28,3.11,3.66,pinnacle,0.35356761554437177,0.28949533606404715,0.3569370483915811,0.42443564445041054,0.311161822941137,0.2644025326084524,-0.07086802890603877,-0.02166648687708983,0.09253451578312866,AWAY,True,True,2.47,1.55,0.49889123205144775,0.11331909274796514,-0.11331909274796514
2024-02-04,Ligue 1,Reims,Toulouse,2,3,1.8,3.73,4.69,pinnacle,0.4483983665762013,0.2999095408292476,0.2516920925945511,0.5357997163833053,0.2585628658149998,0.20563741780169495,-0.08740134980710396,0.04134667501424777,0.04605467479285616,AWAY,True,True,1.92,1.9,0.43013471715600793,-0.06724748179687168,0.06724748179687168
2024-02-04,Ligue 1,Brest,Nice,0,0,2.51,3.15,3.15,pinnacle,0.27698906808594753,0.35512305939808114,0.3678878725159713,0.38555691554467564,0.3072215422276621,0.3072215422276621,-0.1085678474587281,0.04790151717041902,0.0606663302883092,DRAW,False,False,2.37,1.59,0.27933110116222637,-0.12218405035292507,0.12218405035292523
2024-02-04,Ligue 1,Olympique Lyonnais,Olympique Marseille,1,0,2.91,3.38,2.54,pinnacle,0.3013465508655073,0.28133661984384173,0.41731682929065084,0.3325998357378624,0.28635074615301176,0.3810494181091258,-0.03125328487235507,-0.0050141263091700305,0.036267411181525044,HOME,False,False,1.91,1.91,0.5205031752450495,0.02050317524504952,-0.020503175245049632
2024-02-09,Ligue 1,Olympique Marseille,Metz,1,1,1.43,4.64,8.45,pinnacle,0.6526775030235838,0.2280147633744016,0.11930773360201444,0.6768554051931147,0.20859983392805043,0.11454476087883479,-0.024177902169530863,0.019414929446351176,0.004762972723179645,DRAW,True,False,1.98,1.85,0.5090821618412658,0.026053441214633877,-0.026053441214633877
2024-02-10,Ligue 1,Lens,Strasbourg,3,1,1.67,3.82,5.68,pinnacle,0.6374025354770992,0.23929503147819944,0.1233024330447013,0.5776383956382146,0.25252778029209905,0.16983382406968636,0.05976413983888462,-0.013232748813899603,-0.04653139102498506,HOME,True,True,1.99,1.84,0.4774708099853341,-0.0029469445838565256,0.002946944583856359
2024-02-10,Ligue 1,Paris Saint-Germain,Lille OSC,3,1,1.63,4.28,5.3,pinnacle,0.5778700567049635,0.2374738761501032,0.18465606714493343,0.5922808190206634,0.22556489135600033,0.18215428962333613,-0.014410762315699932,0.011908984794102878,0.0025017775215973037,HOME,True,True,1.69,2.19,0.5901128970382449,0.025679907347523234,-0.025679907347523068
2024-02-11,Ligue 1,Le Havre,Stade Rennais,0,1,3.66,3.38,2.15,pinnacle,0.26460298570004076,0.32666475278802226,0.408732261511937,0.26418921866592987,0.2860747160702081,0.449736065263862,0.0004137670341108901,0.04059003671781414,-0.04100380375192503,AWAY,False,False,2.2,1.69,0.3524905704722214,-0.08195673029898687,0.08195673029898665
2024-02-11,Ligue 1,Clermont,Brest,1,1,3.81,3.39,2.1,pinnacle,0.3069242996152233,0.32637636415435384,0.36669933623042295,0.25392443260248465,0.2853840968187217,0.46069147057879356,0.05299986701273862,0.04099226733563216,-0.09399213434837062,DRAW,True,False,2.16,1.7,0.36542303662744635,-0.07499147114457433,0.07499147114457427
2024-02-11,Ligue 1,Lorient,Reims,2,0,3.73,3.57,2.06,pinnacle,0.35533917235715035,0.29204242071619885,0.35261840692665103,0.259369897122462,0.2709943182820121,0.46963578459552585,0.09596927523468834,0.021048102434186755,-0.11701737766887482,HOME,False,False,1.94,1.88,0.4891168787409617,-0.003029718117677105,0.0030297181176771604
2024-02-11,Ligue 1,Toulouse,Nantes,1,2,2.2,3.44,3.47,pinnacle,0.4585238615784799,0.29614077209556905,0.24533536632595104,0.4398425869972143,0.2812946777307766,0.27886273527200905,0.018681274581265617,0.01484609436479245,-0.03352736894605801,AWAY,True,True,2.07,1.76,0.43875571863537394,-0.020774307474286657,0.020774307474286435
2024-02-11,Ligue 1,Montpellier,Olympique Lyonnais,1,2,3.1,3.41,2.4,pinnacle,0.4064407315516393,0.2598926871991251,0.3336665812492355,0.31242603550295855,0.2840236686390532,0.4035502958579882,0.09401469604868073,-0.02413098143992809,-0.0698837146087527,AWAY,True,True,2.01,1.82,0.613750576936568,0.13855475448225985,-0.13855475448226
2024-02-11,Ligue 1,Nice,AS Monaco,2,3,2.38,3.39,3.14,pinnacle,0.43855715486393576,0.29628948057571347,0.26515336456035093,0.40649965630489576,0.2853891392347056,0.3081112044603987,0.03205749855904,0.010900341341007869,-0.042957839900047756,AWAY,True,True,2.01,1.82,0.45010011509771103,-0.025095707356597108,0.025095707356597163
2024-02-16,Ligue 1,Olympique Lyonnais,Nice,1,0,2.71,3.16,2.93,pinnacle,0.3052775135004775,0.33436080618231645,0.36036168031720617,0.3593877970864855,0.3082091550963214,0.33240304781719304,-0.054110283586008,0.026151651085995042,0.027958632500013125,HOME,False,False,2.24,1.67,0.3409302964085469,-0.08617967801600551,0.08617967801600546
2024-02-17,Ligue 1,Lille OSC,Le Havre,3,0,1.52,4.18,7.01,pinnacle,0.4978120037123123,0.31418857870192846,0.18799941758575917,0.6327233937802575,0.23008123410191186,0.13719537211783045,-0.13491139006794522,0.08410734460001659,0.050804045467928716,HOME,False,True,2.08,1.76,0.3379978995948101,-0.12033543373852323,0.12033543373852318
2024-02-17,Ligue 1,Nantes,Paris Saint-Germain,0,2,6.4,4.77,1.49,pinnacle,0.10708705470521934,0.19225369029413952,0.7006592550006412,0.1506700048546468,0.202156819930763,0.6471731752145903,-0.04358295014942745,-0.009903129636623487,0.05348607978605091,AWAY,False,False,1.59,2.38,0.6172521541660055,0.01775593250353702,-0.017755932503537075
2024-02-18,Ligue 1,Strasbourg,Lorient,1,3,1.72,3.85,5.13,pinnacle,0.43179956647709006,0.26954803611081984,0.2986523974120904,0.5611559235256179,0.2506982307698864,0.1881458457044957,-0.12935635704852788,0.018849805340933445,0.11050655170759469,AWAY,True,True,1.94,1.89,0.5646650879722563,0.0711925031158595,-0.07119250311585928
2024-02-18,Ligue 1,AS Monaco,Toulouse,1,2,1.52,4.67,6.01,pinnacle,0.5859761986084026,0.22244764614544255,0.19157615524615493,0.6335555289693298,0.2062107931548996,0.16023367787577059,-0.04757933036092721,0.01623685299054295,0.03134247737038434,AWAY,True,True,1.59,2.37,0.6579052704937516,0.059420422008903184,-0.05942042200890302
2024-02-18,Ligue 1,Montpellier,Metz,3,0,1.78,3.67,4.98,pinnacle,0.5432857610899159,0.25378481038916284,0.20292942852092127,0.5427575311223035,0.26324479711109,0.19399767176660643,0.0005282299676123703,-0.00945998672192716,0.008931756754314846,HOME,False,True,2.17,1.7,0.5515097425418349,0.1122332567537212,-0.11223325675372126
2024-02-18,Ligue 1,Stade Rennais,Clermont,3,1,1.52,4.41,6.44,pinnacle,0.6042477051878172,0.25209909166839567,0.14365320314378713,0.6326326950664256,0.21805027131541196,0.14931703361816254,-0.02838498987860838,0.034048820352983705,-0.005663830474375409,HOME,True,True,1.78,2.05,0.47191940694813694,-0.06332863482731999,0.06332863482731982
2024-02-18,Ligue 1,Reims,Lens,1,1,2.75,3.3,2.73,pinnacle,0.21774154733723886,0.3155240135389402,0.46673443912382107,0.3520309477756286,0.29335912314635715,0.35460992907801414,-0.13428940043838974,0.02216489039258307,0.11212451004580692,DRAW,True,False,2.0,1.83,0.3586361438786168,-0.11917064463313254,0.11917064463313287
2024-02-18,Ligue 1,Brest,Olympique Marseille,1,0,2.58,3.23,2.97,pinnacle,0.2731611491976085,0.29885617504176126,0.4279826757606301,0.3748900899210992,0.29944781176360247,0.32566209831529824,-0.1017289407234907,-0.0005916367218412044,0.10232057744533185,HOME,False,False,2.12,1.73,0.445268333335839,-0.004082316014810294,0.004082316014810128
2024-02-23,Ligue 1,Metz,Olympique Lyonnais,1,2,4.31,3.44,1.98,pinnacle,0.27397446053753033,0.2896561796841002,0.43636935977836944,0.22575021377861154,0.28284401784471386,0.4914057683766746,0.04822424675891879,0.0068121618393863215,-0.055036408598305164,AWAY,True,True,2.22,1.68,0.47804185069700716,0.04727261992777643,-0.04727261992777643
2024-02-24,Ligue 1,Lorient,Nantes,0,1,2.61,3.19,2.97,pinnacle,0.47345201165321027,0.2773174840661995,0.24923050428059018,0.3707865168539326,0.30337078651685395,0.32584269662921345,0.10266549479927767,-0.02605330245065446,-0.07661219234862326,AWAY,False,False,2.17,1.71,0.5076381468242331,0.06691649733969707,-0.06691649733969712
2024-02-24,Ligue 1,Strasbourg,Brest,0,3,3.01,3.21,2.57,pinnacle,0.3554857083982244,0.3010858018408161,0.3434284897609594,0.3216570815868993,0.30161614192416414,0.37672677648893654,0.03382862681132509,-0.0005303400833480132,-0.03329828672797713,AWAY,False,True,2.21,1.68,0.45508156389057663,0.023204957206772014,-0.02320495720677196
2024-02-25,Ligue 1,Lens,AS Monaco,2,3,2.48,3.55,2.87,pinnacle,0.5533233492295262,0.24810724897674113,0.19856940179373256,0.3902129827155009,0.27259949215054713,0.337187525133952,0.16311036651402527,-0.024492243173805994,-0.13861812334021945,AWAY,True,True,1.76,2.08,0.5676879899830564,0.026021323316389622,-0.02602132331638979
2024-02-25,Ligue 1,Le Havre,Reims,1,2,3.02,3.3,2.51,pinnacle,0.3557884645814854,0.3524888062410584,0.29172272917745634,0.32068356743530574,0.2934740526226131,0.38584237994208104,0.03510489714617965,0.05901475361844527,-0.0941196507646247,AWAY,True,True,2.16,1.71,0.2887543379626936,-0.1531061271535854,0.15310612715358551
2024-02-25,Ligue 1,Nice,Clermont,0,0,1.47,4.31,7.88,pinnacle,0.5299703155025004,0.31989983522020526,0.15012984927729445,0.6546149828168096,0.2232677551602576,0.12211726202293276,-0.12464466731430923,0.09663208005994767,0.02801258725436169,DRAW,False,False,2.09,1.76,0.2862314985075692,-0.170911358635288,0.17091135863528795
2024-02-25,Ligue 1,Toulouse,Lille OSC,3,1,4.07,3.62,1.95,pinnacle,0.24424575760158726,0.28876289106889014,0.4669913513295224,0.23744571780321505,0.26696245067930535,0.4955918315174797,0.006800039798372209,0.021800440389584785,-0.0286004801879573,HOME,True,True,1.97,1.86,0.4632758106972753,-0.022363875986797788,0.022363875986797788
2024-02-25,Ligue 1,Paris Saint-Germain,Stade Rennais,1,1,1.47,4.65,6.94,pinnacle,0.5862988864445724,0.22745825080492044,0.1862428627505071,0.6544739932222364,0.20689823011541666,0.1386277766623469,-0.06817510677766403,0.020560020689503772,0.0476150860881602,DRAW,True,False,1.6,2.35,0.6310889668723836,0.03615225801162403,-0.03615225801162436
2024-02-25,Ligue 1,Olympique Marseille,Montpellier,4,1,1.73,3.96,4.85,pinnacle,0.5736826240847598,0.2361019648818882,0.19021541103335202,0.5575473259152387,0.2435749681397381,0.1988777059450233,0.016135298169521084,-0.007473003257849914,-0.008662294911671281,HOME,True,True,1.8,2.02,0.6029319736950481,0.07413616217672347,-0.07413616217672359
2024-03-01,Ligue 1,AS Monaco,Paris Saint-Germain,0,0,3.51,3.93,2.05,pinnacle,0.24137803882736567,0.21383605502809513,0.5447859061445393,0.2773675132460933,0.24772518358620546,0.47490730316770124,-0.03598947441872766,-0.033889128558110326,0.06987860297683801,DRAW,False,False,1.52,2.53,0.7450433579983908,0.12035199997369939,-0.12035199997369933
2024-03-02,Ligue 1,Reims,Lille OSC,0,1,2.78,3.33,2.69,pinnacle,0.2842707751471415,0.31179715104673866,0.4039320738061198,0.3486395285930573,0.2910564232698796,0.36030404813706296,-0.0643687534459158,0.020740727776859036,0.043628025669056825,AWAY,False,False,1.9,1.88,0.4062451011965559,-0.0911093961579415,0.09110939615794156
2024-03-02,Ligue 1,Clermont,Olympique Marseille,1,5,4.2,3.65,1.91,pinnacle,0.20246497273244307,0.29020713250232827,0.5073278947652287,0.22990419971309375,0.2645472982999983,0.5055485019869078,-0.027439226980650683,0.02565983420232998,0.001779392778320843,AWAY,True,True,1.88,1.94,0.42319333926134883,-0.08466006388001246,0.08466006388001246
2024-03-03,Ligue 1,Toulouse,Nice,2,1,3.41,3.19,2.34,pinnacle,0.23875929939317442,0.3364836313470117,0.4247570692598138,0.28358895064566003,0.303146809310878,0.4132642400434619,-0.044829651252485614,0.033336822036133695,0.011492829216351919,HOME,True,True,2.31,1.63,0.3134871365860535,-0.10021844717029171,0.10021844717029171
2024-03-03,Ligue 1,Brest,Le Havre,1,0,1.61,3.91,6.28,pinnacle,0.38818729851812706,0.3445508441507922,0.2672618573310806,0.5994721769891628,0.24684148464259645,0.15368633836824078,-0.21128487847103572,0.09770935950819573,0.11357551896283982,HOME,False,False,2.03,1.8,0.3036865569829156,-0.16628733335651003,0.16628733335651003
2024-03-03,Ligue 1,Montpellier,Strasbourg,2,2,2.04,3.53,3.82,pinnacle,0.485157286115418,0.25519499428136155,0.25964771960322064,0.47349939954913517,0.27363704676493933,0.2528635536859256,0.011657886566282805,-0.018442052483577775,0.006784165917295026,DRAW,True,True,1.96,1.86,0.5986458250310368,0.11173483026663883,-0.11173483026663877
2024-03-03,Ligue 1,Nantes,Metz,0,2,1.78,3.58,5.15,pinnacle,0.3873394028771895,0.317466490544987,0.29519410657782347,0.5426413628283162,0.2698049234174309,0.18755371375425295,-0.15530195995112672,0.04766156712755609,0.10764039282357052,AWAY,False,False,2.32,1.62,0.3911494102943505,-0.020018102396004878,0.020018102396004878
2024-03-03,Ligue 1,Stade Rennais,Lorient,1,2,1.45,4.59,7.78,pinnacle,0.6186626377229241,0.2223824345779391,0.15895492769913677,0.6656551101931713,0.21028320474511947,0.12406168506170928,-0.04699247247024718,0.012099229832819636,0.03489324263742749,AWAY,True,True,1.78,2.05,0.6088030108376673,0.07355496906221037,-0.07355496906221037
2024-03-03,Ligue 1,Olympique Lyonnais,Lens,0,3,2.63,3.33,2.85,pinnacle,0.24352050396002714,0.2954727471298528,0.4610067489101199,0.36865043757938776,0.29115635160173864,0.34019321081887355,-0.12512993361936062,0.004316395528114136,0.12081353809124634,AWAY,False,True,1.94,1.88,0.4397918201793528,-0.05235477667928601,0.052354776679285675
2024-03-08,Ligue 1,Nice,Montpellier,1,2,1.8,3.92,4.57,pinnacle,0.4953091776810996,0.2965674354966603,0.20812338682224008,0.5396488775891362,0.2477979539950115,0.2125531684158523,-0.044339699908036545,0.04876948150164881,-0.0044297815936122364,AWAY,True,True,1.88,1.95,0.40818968900533725,-0.10094869219570712,0.10094869219570685
2024-03-09,Ligue 1,Lorient,Olympique Lyonnais,0,2,3.33,3.44,2.26,pinnacle,0.336857981892985,0.26702146545240185,0.39612055265461327,0.29057311795002133,0.2812815356899916,0.4281453463599872,0.04628486394296366,-0.01426007023758974,-0.03202479370537392,AWAY,False,False,1.94,1.88,0.5857955790760807,0.09364898221744189,-0.09364898221744189
2024-03-09,Ligue 1,Lens,Brest,1,0,2.05,3.4,3.94,pinnacle,0.5722659923526056,0.27659629087287446,0.15113771677451998,0.4709770418029041,0.28397145167528043,0.24505150652181557,0.10128895054970144,-0.007375160802405967,-0.09391378974729558,HOME,False,False,2.17,1.7,0.40384571668326946,-0.03543076910484427,0.035430769104844106
2024-03-10,Ligue 1,Paris Saint-Germain,Reims,2,2,1.4,5.45,7.21,pinnacle,0.6944736458706666,0.1961077029995687,0.10941865112976454,0.6891535203486587,0.1770302621079123,0.13381621754342887,0.00532012552200789,0.01907744089165639,-0.024397566413664334,DRAW,True,True,1.49,2.64,0.6078105223494662,-0.031414659248596766,0.031414659248596766
2024-03-10,Ligue 1,Le Havre,Toulouse,1,0,2.8,3.21,2.74,pinnacle,0.4116481899406711,0.3316573089386806,0.2566945011206481,0.3455219717623766,0.30138988191110727,0.35308814632651625,0.0661262181782945,0.030267427027573346,-0.09639364520586813,HOME,False,False,2.18,1.69,0.33486915133450407,-0.10182335512544421,0.10182335512544416
2024-03-10,Ligue 1,Metz,Clermont,1,0,2.28,3.32,3.4,pinnacle,0.3615489940614076,0.32832793684939715,0.3101230690891952,0.42420780470206243,0.29132343214478984,0.28446876315314773,-0.06265881064065482,0.03700450470460731,0.02565430593604745,HOME,False,False,2.13,1.72,0.3598695043717504,-0.08688374238149632,0.08688374238149654
2024-03-10,Ligue 1,Strasbourg,AS Monaco,0,1,3.5,3.84,2.05,pinnacle,0.30045338751733824,0.2473840484394561,0.45216256404320576,0.27633657457787764,0.25186927370379475,0.4717941517183277,0.024116812939460608,-0.004485225264338644,-0.019631587675121964,AWAY,False,False,1.67,2.22,0.6527033114303072,0.0820092240267083,-0.08200922402670813
2024-03-10,Ligue 1,Lille OSC,Stade Rennais,2,2,2.05,3.5,3.84,pinnacle,0.40325392431640267,0.29363488190236087,0.30311119378123624,0.4717941517183276,0.2763365745778776,0.2518692737037947,-0.06854022740192495,0.017298307324483286,0.05124192007744155,DRAW,True,True,1.99,1.83,0.47543723791794773,-0.0036203537050888968,0.0036203537050888412
2024-03-10,Ligue 1,Olympique Marseille,Nantes,2,0,1.49,4.47,7.01,pinnacle,0.6551580201889586,0.22718706814884054,0.11765491166220085,0.6468778837280836,0.21562596124269454,0.13749615502922177,0.008280136460874998,0.011561106906146007,-0.019841243367020922,HOME,False,False,1.84,1.99,0.5083730065935174,-0.01120923883729208,0.011209238837292024
2024-03-15,Ligue 1,Toulouse,Olympique Lyonnais,2,3,2.89,3.26,2.63,pinnacle,0.33057497340306474,0.2849343323900631,0.3844906942068721,0.33496770967225215,0.2969499021327634,0.36808238819498434,-0.004392736269187403,-0.012015569742700294,0.016408306011887752,AWAY,True,True,2.03,1.82,0.5144136647003126,0.04168639197303986,-0.04168639197303958
2024-03-16,Ligue 1,Nantes,Strasbourg,1,3,2.27,3.35,3.41,pinnacle,0.33485273181674247,0.3031590843365927,0.36198818384666476,0.42674840391950297,0.28916981399918557,0.28408178208131135,-0.0918956721027605,0.013989270337407156,0.0779064017653534,AWAY,True,True,2.13,1.73,0.44704618846362243,-0.0011403400337868796,0.0011403400337868241
2024-03-16,Ligue 1,Lens,Nice,1,3,2.01,3.42,4.07,pinnacle,0.4272047632160202,0.3572353454613536,0.21555989132262623,0.48040504861204586,0.28234331804392165,0.23725163334403243,-0.05320028539602567,0.07489202741743195,-0.021691742021406196,AWAY,True,True,2.13,1.71,0.2523678661335626,-0.19294463386643745,0.19294463386643756
2024-03-17,Ligue 1,Brest,Lille OSC,1,1,2.6,3.16,3.02,pinnacle,0.28928051473172184,0.30798231247452756,0.40273717279375043,0.372618229524583,0.3065846192290873,0.32079715124632985,-0.08333771479286117,0.0013976932454402569,0.08194002154742058,DRAW,True,False,2.33,1.62,0.42066771301406497,0.010541130735583881,-0.010541130735584159
2024-03-17,Ligue 1,Clermont,Le Havre,2,1,2.73,3.1,2.91,pinnacle,0.30772722380755524,0.3612648572864535,0.33100791890599124,0.35476221375396705,0.3124196269510742,0.33281815929495884,-0.04703498994641181,0.0488452303353793,-0.0018102403889675989,HOME,True,True,2.27,1.65,0.26838417904385864,-0.15253418830308013,0.1525341883030802
2024-03-17,Ligue 1,AS Monaco,Lorient,2,2,1.33,5.72,8.83,pinnacle,0.6067919529696058,0.20413404080794298,0.1890740062224513,0.7229924233206554,0.16810837814973284,0.10889919852961175,-0.11620047035104963,0.03602566265821014,0.08017480769283955,DRAW,True,True,1.55,2.47,0.7262821345245154,0.11185427382799795,-0.11185427382799784
2024-03-17,Ligue 1,Reims,Metz,2,1,1.58,4.11,6.19,pinnacle,0.4952542352543913,0.2978335072839178,0.20691225746169095,0.6098756079961836,0.2344533967479246,0.1556709952558918,-0.1146213727417923,0.06338011053599318,0.051241262205799165,HOME,True,True,1.97,1.86,0.4031056957289214,-0.08253399095515168,0.08253399095515179
2024-03-17,Ligue 1,Stade Rennais,Olympique Marseille,2,0,2.51,3.49,2.87,pinnacle,0.3919308610448276,0.28884125900110824,0.31922787995406404,0.3855403600475753,0.27727974318607845,0.33717989676634624,0.006390500997252302,0.011561515815029788,-0.0179520168122822,HOME,False,False,1.86,1.96,0.49740212625513763,-0.015686878980464447,0.015686878980464336
2024-03-17,Ligue 1,Montpellier,Paris Saint-Germain,2,6,5.62,4.81,1.53,pinnacle,0.17931438109864764,0.20546431405455176,0.6152213048468006,0.1711859242011533,0.20001349147827058,0.6288005843205762,0.008128456897494335,0.0054508225762811835,-0.013579279473775574,AWAY,True,True,1.5,2.58,0.7075974617692604,0.07524452059278974,-0.0752445205927898
2024-03-29,Ligue 1,Lille OSC,Lens,2,1,2.11,3.39,3.84,pinnacle,0.3142909989200411,0.32478883408290793,0.3609201669970509,0.46042676909690905,0.2865783135086956,0.25299491739439534,-0.14613577017686796,0.038210520574212314,0.10792524960265554,HOME,True,True,2.09,1.76,0.37150571735582816,-0.08563713978702903,0.0856371397870288
2024-03-30,Ligue 1,Metz,AS Monaco,2,5,5.37,4.33,1.61,pinnacle,0.23545764017932447,0.24937192148492113,0.5151704383357545,0.17935326519008674,0.22243118569763642,0.5982155491122768,0.05610437498923773,0.026940735787284703,-0.08304511077652232,AWAY,True,True,1.71,2.16,0.6017755345090234,0.04363599962530251,-0.043635999625302346
2024-03-30,Ligue 1,Olympique Lyonnais,Reims,1,1,2.12,3.69,3.43,pinnacle,0.43406814531343635,0.2923233181936441,0.2736085364929196,0.45607921848142957,0.2620292528944799,0.28189152862409056,-0.022011073167993223,0.030294065299164175,-0.008282992131170952,DRAW,True,False,1.75,2.07,0.4683454804960001,-0.07353933625792652,0.07353933625792658
2024-03-31,Ligue 1,Lorient,Brest,0,1,4.02,3.38,2.04,pinnacle,0.3531399066074376,0.2879135495420403,0.35894654385052205,0.240388235786303,0.2859055348701,0.473706229343597,0.1127516708211346,0.0020080146719402836,-0.11475968549307497,AWAY,False,False,2.2,1.68,0.5049910768138856,0.07200138609223605,-0.07200138609223611
2024-03-31,Ligue 1,Clermont,Toulouse,0,3,3.22,3.33,2.37,pinnacle,0.36186473030956695,0.3171687488967847,0.3209665207936483,0.30069610342107966,0.2907631991038669,0.4085406974750534,0.06116862688848729,0.026405549792917815,-0.0875741766814051,AWAY,False,True,2.01,1.82,0.39707771759587096,-0.07811810485843718,0.07811810485843718
2024-03-31,Ligue 1,Le Havre,Montpellier,0,2,2.59,3.36,2.87,pinnacle,0.373659208427952,0.3113070611551622,0.31503373041688565,0.3740733700817335,0.28834822277133626,0.3375784071469302,-0.0004141616537814974,0.022958838383825952,-0.022544676730044566,AWAY,False,False,2.03,1.81,0.4159541885971824,-0.05539997806948421,0.05539997806948427
2024-03-31,Ligue 1,Nice,Nantes,1,2,1.76,3.6,5.25,pinnacle,0.5666662195744643,0.2976978722595924,0.1356359081659433,0.5482074486599374,0.26801253045596934,0.18378002088409326,0.018458770914526856,0.029685341803623033,-0.04814411271814997,AWAY,True,True,2.26,1.65,0.32253774910196004,-0.09945713580852583,0.099457135808526
2024-03-31,Ligue 1,Strasbourg,Stade Rennais,2,0,3.14,3.43,2.36,pinnacle,0.2511392120239751,0.27349708444833093,0.47536370352769386,0.30807523386894203,0.2820280566613638,0.40989670946969414,-0.05693602184496693,-0.008530972213032895,0.06546699405799972,HOME,False,False,1.89,1.94,0.5230505642184771,0.016523149074873955,-0.016523149074873955
2024-03-31,Ligue 1,Olympique Marseille,Paris Saint-Germain,0,2,3.37,3.91,2.08,pinnacle,0.29839210613463674,0.26435919952521114,0.4372486943401521,0.2871842678616199,0.24752199045873632,0.4652937416796437,0.011207838273016857,0.016837209066474818,-0.02804504733949159,AWAY,False,False,1.6,2.35,0.5847807134677779,-0.01015599539298162,0.010155995392981565
2024-04-05,Ligue 1,Lille OSC,Olympique Marseille,3,1,2.08,3.43,3.89,pinnacle,0.38225765599445843,0.29990235928468406,0.3178399847208574,0.46704564149774397,0.2832230129199147,0.24973134558234125,-0.08478798550328553,0.016679346364769365,0.06810863913851614,HOME,True,True,2.05,1.79,0.456436678708922,-0.009709154624411354,0.009709154624411354
2024-04-06,Ligue 1,Lens,Le Havre,1,1,1.55,4.19,6.54,pinnacle,0.5511292885233137,0.3069244289425638,0.14194628253412245,0.6223040779759322,0.2302079524731969,0.1474879695508708,-0.07117478945261857,0.07671647646936688,-0.005541687016748342,DRAW,True,False,1.99,1.84,0.307665353254279,-0.1727524013149116,0.17275240131491154
2024-04-06,Ligue 1,Paris Saint-Germain,Clermont,1,1,1.18,8.03,13.96,pinnacle,0.7639466753516831,0.16336620106888453,0.07268712357943222,0.81203358276529,0.1193274754250364,0.0686389418096735,-0.04808690741360688,0.04403872564384813,0.004048181769758713,DRAW,True,False,1.33,3.31,0.6284253152451227,-0.08493675372039455,0.08493675372039444
2024-04-07,Ligue 1,Brest,Metz,4,3,1.53,4.11,7.13,pinnacle,0.503735404279217,0.2920310396083576,0.20423355611242544,0.630179671623496,0.2345924325021773,0.1352278958743266,-0.12644426734427894,0.05743860710618029,0.06900566023809884,HOME,True,True,2.16,1.71,0.41902942987936775,-0.022831035236911268,0.022831035236911323
2024-04-07,Ligue 1,Montpellier,Lorient,2,0,1.8,3.9,4.46,pinnacle,0.5071497411796128,0.2402981101684216,0.25255214865196557,0.5361568337340485,0.24745700018494549,0.2163861660810061,-0.029007092554435787,-0.0071588900165238945,0.03616598257095946,HOME,False,False,1.73,2.13,0.651443152614871,0.09962968111228032,-0.09962968111228049
2024-04-07,Ligue 1,Reims,Nice,0,0,2.53,3.19,3.09,pinnacle,0.27214986347399356,0.3593918097214753,0.368458326804531,0.38286690878017526,0.3036530655842769,0.313480025635548,-0.1107170453061817,0.05573874413719837,0.054978301168983,DRAW,False,False,2.05,1.79,0.26791099268739405,-0.19823484064593933,0.19823484064593921
2024-04-07,Ligue 1,Toulouse,Strasbourg,0,0,2.08,3.5,3.75,pinnacle,0.4008860266977271,0.2896193904564743,0.3094945828457987,0.46534302428647406,0.2765467115759617,0.25811026413756427,-0.06445699758874696,0.013072678880512556,0.051384318708234455,DRAW,False,False,1.88,1.94,0.49205895775749026,-0.015794445383871036,0.01579444538387087
2024-04-07,Ligue 1,AS Monaco,Stade Rennais,1,0,1.83,4.05,4.14,pinnacle,0.38492291138651125,0.2517101909361894,0.3633668976772994,0.5280163251424198,0.23858515432361196,0.23339852053396823,-0.14309341375590856,0.01312503661257744,0.12996837714333118,HOME,False,False,1.58,2.39,0.6510867052069762,0.04907159185685017,-0.04907159185685023
2024-04-07,Ligue 1,Nantes,Olympique Lyonnais,1,3,3.3,3.3,2.34,pinnacle,0.27088300573531976,0.28972425820665376,0.4393927360580266,0.2932330827067669,0.2932330827067669,0.41353383458646614,-0.02235007697144714,-0.003508824500113139,0.025858901471560447,AWAY,True,True,2.08,1.76,0.4762103926867628,0.01787705935342948,-0.017877059353429425
2024-04-12,Ligue 1,Metz,Lens,2,1,5.07,3.92,1.73,pinnacle,0.1486216893307158,0.27665079484305166,0.5747275158262326,0.19142407930651956,0.247581653592871,0.5609942671006095,-0.04280238997580377,0.029069141250180675,0.013733248725623093,HOME,True,True,1.91,1.92,0.39996935347315404,-0.10133612955556653,0.10133612955556653
2024-04-13,Ligue 1,Strasbourg,Reims,3,1,2.64,3.32,2.83,pinnacle,0.3573775893350896,0.30522781791660963,0.3373945927483007,0.36656314861343026,0.29148394949983614,0.34195290188673355,-0.009185559278340638,0.013743868416773497,-0.004558309138432859,HOME,True,True,1.98,1.85,0.43979464697257514,-0.04323407365405674,0.04323407365405685
2024-04-13,Ligue 1,Stade Rennais,Toulouse,1,2,1.81,3.79,4.59,pinnacle,0.5960483428841831,0.24238493301437916,0.16156672410143785,0.5342142679470211,0.25512607519369607,0.2106596568592828,0.061834074937161976,-0.012741142179316906,-0.04909293275784496,AWAY,True,True,1.88,1.95,0.5369353332460629,0.02779695204501853,-0.02779695204501864
2024-04-14,Ligue 1,Le Havre,Nantes,0,1,2.63,2.99,3.14,pinnacle,0.45659723865325497,0.3321331006696875,0.21126966067705774,0.36802885086533,0.3237176848748554,0.30825346425981454,0.08856838778792497,0.00841541579483207,-0.0969838035827568,AWAY,False,False,2.48,1.55,0.3089064436925828,-0.07570894092280184,0.07570894092280178
2024-04-14,Ligue 1,Clermont,Montpellier,1,1,3.37,3.65,2.16,pinnacle,0.3177728024952498,0.29036148009254353,0.3918657174122069,0.2870698412814005,0.2650480452378958,0.44788211348070356,0.0307029612138493,0.02531343485464771,-0.05601639606849668,DRAW,True,False,1.77,2.07,0.4913898787538502,-0.04767262124614979,0.047672621246149904
2024-04-14,Ligue 1,Olympique Lyonnais,Brest,4,3,2.28,3.31,3.41,pinnacle,0.43281919353442266,0.2887640524460487,0.2784167540195287,0.424188329380992,0.2921901483349431,0.28362152228406495,0.008630864153430673,-0.0034260958888944204,-0.0052047682645362525,HOME,True,True,2.03,1.8,0.48343530114369787,0.013461410804272267,-0.013461410804272211
2024-04-19,Ligue 1,Nice,Lorient,3,0,1.57,4.26,6.2,pinnacle,0.5476428991095402,0.2847818648642163,0.16757523602624347,0.616610091935883,0.22724832026744984,0.15614158779666715,-0.06896719282634278,0.05753354459676646,0.011433648229576321,HOME,False,True,1.87,1.96,0.40106660730486515,-0.11068273995362049,0.11068273995362043
2024-04-20,Ligue 1,Nantes,Stade Rennais,0,3,3.11,3.3,2.45,pinnacle,0.1954726760175229,0.2722287092963915,0.5322986146860855,0.3113507268701261,0.2934244728988158,0.395224800231058,-0.11587805085260319,-0.02119576360242431,0.13707381445502753,AWAY,False,True,2.09,1.76,0.4761472434202185,0.01900438627736134,-0.019004386277361562
2024-04-20,Ligue 1,Lens,Clermont,1,0,1.4,4.78,8.58,pinnacle,0.6409253410106974,0.25164103213943045,0.10743362684987212,0.686786209483492,0.2011507726520688,0.11206301786443926,-0.04586086847279458,0.05049025948736166,-0.004629391014567136,HOME,False,False,1.75,2.1,0.40346781907437096,-0.14198672638017457,0.1419867263801744
2024-04-21,Ligue 1,Le Havre,Metz,0,1,2.24,3.18,3.67,pinnacle,0.45412669440595843,0.33226520211986976,0.2136081034741719,0.43201083858358075,0.304309521517994,0.26367963989842536,0.022115855822377684,0.027955680601875754,-0.050071536424253466,AWAY,False,False,2.35,1.61,0.3101003382437613,-0.09646531832189525,0.09646531832189542
2024-04-21,Ligue 1,Lille OSC,Strasbourg,1,0,1.62,4.07,5.71,pinnacle,0.5776901788965296,0.2528379991492562,0.16947182195421404,0.5946196969037928,0.23667909311649735,0.16870120997971003,-0.016929518007263167,0.016158906032758852,0.0007706119745040096,HOME,False,False,1.9,1.92,0.5109170238422869,0.008299222795166483,-0.008299222795166428
2024-04-21,Ligue 1,Reims,Montpellier,1,2,2.0,3.69,3.79,pinnacle,0.405690952553593,0.28280643223606694,0.3115026152103402,0.48315949849888234,0.26187506693706364,0.254965434564054,-0.07746854594528935,0.0209313652990033,0.056537180646286156,AWAY,True,True,1.72,2.14,0.5182137421276078,-0.036190402950112444,0.03619040295011228
2024-04-21,Ligue 1,Brest,AS Monaco,0,2,2.73,3.43,2.67,pinnacle,0.3463250906360498,0.26558427665969814,0.38809063270425204,0.3548124644048491,0.2824017573834513,0.36278577821169966,-0.008487373768799267,-0.016817480723753164,0.025304854492552376,AWAY,False,False,1.77,2.07,0.5930001451452401,0.05393764514524013,-0.05393764514523991
2024-04-21,Ligue 1,Toulouse,Olympique Marseille,2,2,2.85,3.25,2.67,pinnacle,0.228201670714058,0.2774073250725217,0.4943910042134205,0.33963482651323895,0.29783361709622497,0.362531556390536,-0.11143315579918095,-0.020426292023703274,0.1318594478228845,DRAW,True,True,1.94,1.88,0.4906871691361649,-0.0014594277224739272,0.0014594277224739827
2024-04-21,Ligue 1,Paris Saint-Germain,Olympique Lyonnais,4,1,1.5,5.06,5.71,pinnacle,0.6964730356190548,0.18302447645437844,0.1205024879265669,0.6413793409637806,0.1901322157007255,0.168488443335494,0.05509369465527425,-0.007107739246347056,-0.04798595540892711,HOME,True,True,1.47,2.67,0.6887422398575211,0.043814703625637,-0.04381470362563705
2024-04-24,Ligue 1,Lorient,Paris Saint-Germain,1,4,7.76,5.46,1.38,pinnacle,0.13590245177211316,0.18770375668518963,0.6763937915426972,0.12430955633426383,0.1766743877571222,0.699016055908614,0.011592895437849332,0.01102936892806744,-0.022622264365916855,AWAY,True,True,1.49,2.63,0.7034573537008594,0.06510783913775264,-0.06510783913775259
2024-04-24,Ligue 1,Olympique Marseille,Nice,2,2,2.27,3.45,3.31,pinnacle,0.39560532627291584,0.34088839994369197,0.2635062737833924,0.4266627311346662,0.2807317100509253,0.29260555881440853,-0.03105740486175035,0.06015668989276668,-0.02909928503101611,DRAW,True,True,2.02,1.81,0.3121592269177087,-0.16042562947915817,0.16042562947915828
2024-04-24,Ligue 1,AS Monaco,Lille OSC,1,0,2.32,3.63,3.07,pinnacle,0.3828246454686024,0.2617585978086872,0.35541675672271045,0.41756812961582124,0.26687549881782513,0.3155563715663535,-0.03474348414721884,-0.00511690100913792,0.039860385156356926,HOME,False,False,1.71,2.15,0.6094355009939469,0.05244068234109722,-0.05244068234109711
2024-04-26,Ligue 1,Montpellier,Nantes,1,1,2.04,3.6,3.85,pinnacle,0.5463404284212297,0.25333868917165697,0.20032088240711335,0.4769770803221144,0.2702870121825315,0.2527359074953541,0.06936334809911526,-0.01694832301087451,-0.052415025088240724,DRAW,True,False,1.91,1.92,0.5501162333834918,0.048810750354771226,-0.04881075035477128
2024-04-27,Ligue 1,Paris Saint-Germain,Le Havre,3,3,1.34,5.5,9.32,pinnacle,0.6732180351045306,0.2197487857270732,0.10703317916839628,0.7207658171960156,0.17560476273502929,0.10362942006895505,-0.047547782091485025,0.044144022992043924,0.0034037590994412253,DRAW,True,True,1.62,2.32,0.5102917975353111,-0.0785406897743336,0.0785406897743336
2024-04-28,Ligue 1,Metz,Lille OSC,1,2,4.73,3.92,1.76,pinnacle,0.19966228569096478,0.28530214207999605,0.5150355722290392,0.20432629658587434,0.2465467813395882,0.5491269220745374,-0.004664010894909559,0.038755360740407835,-0.03409134984549822,AWAY,True,True,1.91,1.91,0.4363915057744565,-0.06360849422554349,0.06360849422554338
2024-04-28,Ligue 1,Clermont,Reims,4,1,3.56,3.6,2.1,pinnacle,0.3087177419532051,0.3310367004552586,0.3602455575915363,0.2714347264110297,0.26841878500646277,0.4601464885825075,0.03728301554217539,0.06261791544879586,-0.09990093099097119,HOME,True,True,1.86,1.96,0.3513834029682647,-0.16170560226733738,0.1617056022673375
2024-04-28,Ligue 1,Lorient,Toulouse,1,2,2.69,3.41,2.72,pinnacle,0.4172112832289949,0.27580764354115334,0.30698107322985146,0.3599936347511537,0.28398324852803614,0.35602311672081005,0.05721764847784122,-0.0081756049868828,-0.04904204349095859,AWAY,True,True,2.0,1.83,0.5435721091450363,0.06576532063328694,-0.065765320633287
2024-04-28,Ligue 1,Strasbourg,Nice,1,3,3.24,3.22,2.42,pinnacle,0.24600674886314186,0.33226886176959236,0.42172438936726564,0.29894882222051716,0.30080564720325326,0.40024553057622964,-0.0529420733573753,0.031463214566339104,0.021478858791036004,AWAY,True,True,2.11,1.73,0.32835529329331975,-0.12216554004001362,0.12216554004001345
2024-04-28,Ligue 1,Stade Rennais,Brest,4,5,2.28,3.39,3.33,pinnacle,0.5263051646960252,0.2723791249796409,0.201315710324334,0.4242229512632327,0.2853180911150945,0.2904589576216728,0.1020822134327925,-0.012938966135453589,-0.08914324729733877,AWAY,True,True,2.09,1.76,0.4821572517207987,0.025014394577941523,-0.025014394577941523
2024-04-28,Ligue 1,Olympique Lyonnais,AS Monaco,3,2,2.61,3.79,2.59,pinnacle,0.3828998038174099,0.24664168817505724,0.37045850800753294,0.37086810816120663,0.2553999372825196,0.37373195455627384,0.012031695656203267,-0.00875824910746234,-0.0032734465487408992,HOME,True,True,1.54,2.47,0.6722296541779685,0.05626955442734516,-0.05626955442734499
2024-04-28,Ligue 1,Olympique Marseille,Lens,2,1,2.51,3.52,2.85,pinnacle,0.3356028664453096,0.3190383828104176,0.3453587507442729,0.3855392053249913,0.27491574016071824,0.33954505451429057,-0.049936338879681685,0.04412264264969934,0.005813696229982346,HOME,True,True,1.91,1.87,0.3919149786058726,-0.10279401610312222,0.10279401610312211
2024-05-03,Ligue 1,Toulouse,Montpellier,1,2,2.1,3.81,3.44,pinnacle,0.3582812525788712,0.2718297345764682,0.36988901284466075,0.46261038988542746,0.25498210466125926,0.2824075054533133,-0.10432913730655624,0.01684762991520894,0.08748150739134747,AWAY,True,True,1.59,2.4,0.5687746876633583,-0.03272907173513795,0.03272907173513806
2024-05-03,Ligue 1,Lens,Lorient,2,0,1.44,5.03,6.87,pinnacle,0.6636259106521589,0.21991350489780437,0.11646058445003676,0.6684986680750057,0.1913793403634211,0.14012199156157323,-0.004872757422846763,0.02853416453438326,-0.02366140711153647,HOME,False,False,1.57,2.43,0.5325204637210342,-0.0749795362789657,0.07497953627896575
2024-05-04,Ligue 1,Le Havre,Strasbourg,3,1,2.44,3.28,3.15,pinnacle,0.4081791385147201,0.327306885628564,0.2645139758567157,0.39706085806957403,0.2953745407590734,0.30756460117135254,0.011118280445146067,0.03193234486949065,-0.043050625314636826,HOME,True,True,2.31,1.62,0.35057158545085804,-0.061642155007157196,0.061642155007157085
2024-05-04,Ligue 1,AS Monaco,Clermont,4,1,1.31,6.26,8.38,pinnacle,0.5994425722915385,0.23149218551306244,0.1690652421953991,0.7322843438883709,0.1532416118999626,0.11447404421166657,-0.13284177159683241,0.07825057361309984,0.05459119798373252,HOME,True,True,1.37,3.07,0.590102230859402,-0.10133921058203932,0.1013392105820396
2024-05-04,Ligue 1,Metz,Stade Rennais,2,3,3.49,3.75,2.08,pinnacle,0.19792088178252942,0.27264538662614557,0.5294337315913249,0.27711952022794856,0.2579059001588108,0.4649745796132406,-0.07919863844541913,0.01473948646733475,0.06445915197808427,AWAY,True,True,1.86,1.95,0.47746632213336104,-0.03434470148868618,0.034344701488686014
2024-05-04,Ligue 1,Brest,Nantes,0,0,1.74,3.72,5.16,pinnacle,0.506479873859005,0.29170669299586155,0.20181343314513353,0.5540315876974231,0.2591438071487947,0.18682460515378221,-0.047551713838418164,0.03256288584706685,0.014988827991351317,DRAW,False,False,2.14,1.72,0.41772397180461346,-0.027871883117666363,0.027871883117666307
2024-05-06,Ligue 1,Lille OSC,Olympique Lyonnais,3,4,1.92,3.89,3.9,pinnacle,0.5066726088713224,0.2701381152848673,0.22318927584381026,0.5035548563121105,0.24854121442654292,0.2479039292613467,0.0031177525592118727,0.021596900858324386,-0.024714653417536425,AWAY,True,True,1.74,2.09,0.5123519548208744,-0.033339951184347516,0.033339951184347516
2024-05-10,Ligue 1,Brest,Reims,1,1,1.7,4.01,5.2,pinnacle,0.3943393520471614,0.31706386793501856,0.28859678001782013,0.571146840505081,0.24213207702210418,0.18672108247281494,-0.1768074884579196,0.07493179091291438,0.1018756975450052,DRAW,True,False,1.74,2.13,0.39055822005016055,-0.15982937684906423,0.15982937684906445
2024-05-10,Ligue 1,Nice,Le Havre,1,0,1.57,4.22,6.3,pinnacle,0.4469266025360259,0.367912567901462,0.18516082956251206,0.616810200824084,0.2294767808753109,0.15371301830060508,-0.1698835982880581,0.13843578702615109,0.03144781126190699,HOME,False,False,1.93,1.9,0.21523966654821625,-0.28084388436562197,0.2808438843656219
2024-05-12,Ligue 1,Clermont,Olympique Lyonnais,0,1,5.54,4.78,1.54,pinnacle,0.2933404571242032,0.30270504258467645,0.4039545002911203,0.17371973379902775,0.20134044461226225,0.6249398215887101,0.11962072332517545,0.1013645979724142,-0.2209853212975898,AWAY,False,False,1.43,2.79,0.44007432477968544,-0.2210631159786084,0.22106311597860845
2024-05-12,Ligue 1,Olympique Marseille,Lorient,3,1,1.47,4.84,6.63,pinnacle,0.6323169501709905,0.22006443104102474,0.1476186187879846,0.6555492225756434,0.19910275974921401,0.14534801767514263,-0.023232272404652865,0.02096167129181073,0.002270601112841969,HOME,True,True,1.54,2.48,0.597523416028851,-0.019392006856721156,0.0193920068567211
2024-05-12,Ligue 1,Montpellier,AS Monaco,0,2,3.92,4.26,1.83,pinnacle,0.36415496463695735,0.2336294247394152,0.4022156106236276,0.2461681286826699,0.22652090714461645,0.5273109641727136,0.11798683595428744,0.007108517594798747,-0.12509535354908602,AWAY,False,False,1.39,2.96,0.7246594124944645,0.04419964237952201,-0.044199642379521786
2024-05-12,Ligue 1,Nantes,Lille OSC,1,2,4.03,3.53,1.99,pinnacle,0.19725826615251463,0.2849327878900757,0.5178089459574098,0.23999412373634707,0.2739876256820053,0.4860182505816476,-0.04273585758383244,0.010945162208070403,0.03179069537576218,AWAY,True,True,2.08,1.76,0.43509864565407025,-0.023234687679263066,0.023234687679263066
2024-05-12,Ligue 1,Paris Saint-Germain,Toulouse,1,3,1.38,5.96,6.92,pinnacle,0.7620591604160424,0.15685917506523336,0.08108166451872442,0.6988288239440438,0.16180935856422488,0.13936181749173127,0.0632303364719986,-0.004950183498991512,-0.058280152973006843,AWAY,True,True,1.4,2.96,0.6871824647298461,0.008283382161038744,-0.008283382161038688
2024-05-12,Ligue 1,Stade Rennais,Lens,1,1,2.51,3.59,2.81,pinnacle,0.32176987530271906,0.31365120123739454,0.3645789234598866,0.38574252731159114,0.2696974216022545,0.34456005108615434,-0.06397265200887209,0.04395377963514002,0.020018872373732233,DRAW,True,False,1.87,1.95,0.40898752936696664,-0.10148367482151505,0.1014836748215151
2024-05-12,Ligue 1,Strasbourg,Metz,2,1,2.19,3.72,3.25,pinnacle,0.46853624655708026,0.2890376050876635,0.24242614835525605,0.44197804367137894,0.26019675151621496,0.2978252048124061,0.02655820288570132,0.028840853571448555,-0.05539905645715004,HOME,True,True,1.91,1.91,0.46103204207146536,-0.038967957928534636,0.03896795792853458
2024-05-15,Ligue 1,Nice,Paris Saint-Germain,1,2,2.44,3.85,2.76,pinnacle,0.2628606025286417,0.3104420980544127,0.42669729941694545,0.3971683162395718,0.25171186795442985,0.35111981580599827,-0.1343077137109301,0.05873023009998285,0.07557748361094718,AWAY,True,True,1.59,2.39,0.4016751971115099,-0.19882731545130428,0.1988273154513041
2024-05-15,Ligue 1,Reims,Olympique Marseille,1,0,3.3,3.68,2.18,pinnacle,0.26846583116056244,0.30248420018747846,0.429049968651959,0.2932120875425798,0.26293475241590036,0.44385316004151987,-0.024746256382017384,0.039549447771578095,-0.014803191389560877,HOME,False,False,1.68,2.22,0.430636314591131,-0.1385944546396382,0.1385944546396382
2024-05-19,Ligue 1,Le Havre,Olympique Marseille,1,2,4.43,3.77,1.82,pinnacle,0.2496118574647473,0.32890682637965707,0.4214813161555956,0.2169605787807786,0.25494306737370004,0.5280963538455214,0.03265127868396869,0.07396375900595703,-0.10661503768992586,AWAY,True,True,1.83,1.99,0.33944501777724745,-0.18149739059971592,0.1814973905997158
2024-05-19,Ligue 1,Lens,Montpellier,2,2,1.43,5.16,6.65,pinnacle,0.6111031018119671,0.23849532940315285,0.15040156878488004,0.6701652074223229,0.1857240788011476,0.14411071377652956,-0.05906210561035574,0.05277125060200524,0.006290855008350471,DRAW,True,True,1.43,2.81,0.5324888836598346,-0.13024696539676928,0.1302469653967691
2024-05-19,Ligue 1,Lille OSC,Nice,2,2,1.61,4.01,5.09,pinnacle,0.37277190928219095,0.35013230257996786,0.27709578813784136,0.5821390169956563,0.23372663774638572,0.1841343452579581,-0.20936710771346534,0.11640566483358214,0.09296144287988325,DRAW,True,True,1.79,2.04,0.29190778859899624,-0.24072928711901942,0.24072928711901964
2024-05-19,Ligue 1,Lorient,Clermont,5,0,1.65,4.41,4.78,pinnacle,0.43626934307674337,0.2917687245689635,0.271961932354293,0.5816192234150864,0.21761263461108676,0.20076814197382692,-0.14534988033834306,0.07415608995787676,0.07119379038046608,HOME,False,True,1.5,2.58,0.46948636825361934,-0.16286657292285134,0.16286657292285112
2024-05-19,Ligue 1,Olympique Lyonnais,Strasbourg,2,1,1.4,5.22,7.3,pinnacle,0.4966179087707707,0.2643565104325292,0.23902558079669978,0.6849408635007369,0.18370061473199842,0.13135852176726462,-0.18832295472996619,0.0806558957005308,0.10766705902943516,HOME,True,True,1.41,2.9,0.5477454846923432,-0.12510834361392142,0.12510834361392104
2024-05-19,Ligue 1,Metz,Paris Saint-Germain,0,2,5.23,4.41,1.6,pinnacle,0.10872575577743826,0.1931585804307768,0.6981156637917846,0.1833284400713983,0.2174167214452184,0.5992548384833832,-0.07460268429396005,-0.024258141014441598,0.09886082530840135,AWAY,False,False,1.43,2.82,0.6179180826641522,-0.045611329100553655,0.04561132910055349
2024-05-19,Ligue 1,AS Monaco,Nantes,4,0,1.41,5.33,6.67,pinnacle,0.6408700765776177,0.21083113870233763,0.14829878472004449,0.6775367773879336,0.1792358079018736,0.14322741471019285,-0.036666700810315866,0.03159533080046403,0.005071370009851639,HOME,False,True,1.4,2.92,0.6350967081088097,-0.04082921781711624,0.04082921781711618
2024-05-19,Ligue 1,Reims,Stade Rennais,2,1,2.85,3.54,2.47,pinnacle,0.2850691065591547,0.30021935019958584,0.41471154324125936,0.33795990306234847,0.2720863626349416,0.3899537343027098,-0.05289079650319378,0.02813298756464422,0.024757808938549564,HOME,True,True,1.6,2.36,0.4457028691164993,-0.1502567268430967,0.15025672684309677
2024-05-19,Ligue 1,Toulouse,Brest,0,3,3.84,3.95,1.9,pinnacle,0.3450039606021402,0.30634897008376744,0.3486470693140923,0.25042543962094166,0.24345156661883943,0.5061229937602189,0.09457852098119857,0.062897403464928,-0.15747592444612657,AWAY,False,True,1.65,2.24,0.4360459324444153,-0.13978954313399078,0.13978954313399078
2024-08-16,Ligue 1,Le Havre,Paris Saint-Germain,1,4,7.84,4.94,1.42,pinnacle,0.16830937154425477,0.26617909283606267,0.5655115356196824,0.12333237219835011,0.1957339672135759,0.6809336605880739,0.044976999345904656,0.07044512562248678,-0.11542212496839155,AWAY,True,True,1.63,2.33,0.4624141511435772,-0.12596968724026114,0.12596968724026109
2024-08-17,Ligue 1,Brest,Olympique Marseille,1,5,2.96,3.37,2.51,pinnacle,0.2731611491976085,0.29885617504176126,0.4279826757606301,0.32705163647611496,0.28726197150424343,0.3856863920196416,-0.05389048727850648,0.011594203537517833,0.04229628374098848,AWAY,True,True,1.87,1.97,0.445268333335839,-0.06775249999749428,0.06775249999749405
2024-08-17,Ligue 1,Reims,Lille OSC,0,2,3.36,3.38,2.27,pinnacle,0.2842707751471415,0.31179715104673866,0.4039320738061198,0.28783115626148875,0.28612801332503024,0.4260408304134811,-0.0035603811143472552,0.025669137721708424,-0.022108756607361335,AWAY,False,False,1.95,1.88,0.4062451011965559,-0.0846165176023998,0.08461651760239985
2024-08-18,Ligue 1,Auxerre,Nice,2,1,3.22,3.18,2.45,pinnacle,0.1550835806535567,0.3141087765831952,0.5308076427632482,0.3005833423355299,0.3043642648806309,0.39505239278383925,-0.1454997616819732,0.009744511702564296,0.13575524997940897,HOME,True,True,2.19,1.69,0.30527108492547483,-0.13029592538380352,0.13029592538380363
2024-08-18,Ligue 1,Angers,Lens,0,1,5.66,3.96,1.65,pinnacle,0.07003124003030316,0.18138194063300578,0.7485868193366911,0.1706602309946561,0.24392346147216,0.585416307533184,-0.10062899096435295,-0.06254152083915424,0.16317051180350717,AWAY,False,False,1.88,1.96,0.5435228926102789,0.03310622594361212,-0.03310622594361229
2024-08-18,Ligue 1,Montpellier,Strasbourg,1,1,2.12,3.35,3.8,pinnacle,0.485157286115418,0.25519499428136155,0.25964771960322064,0.45646873207114175,0.2888697647733793,0.2546615031554791,0.028688554044276227,-0.033674770492017725,0.004986216447741554,DRAW,True,False,1.96,1.87,0.5986458250310368,0.11039517228952234,-0.11039517228952234
2024-08-18,Ligue 1,Toulouse,Nantes,0,0,2.11,3.29,3.92,pinnacle,0.4585238615784799,0.29614077209556905,0.24533536632595104,0.4587992130886272,0.2942450880294843,0.24695569888188862,-0.00027535151014729253,0.0018956840660847574,-0.0016203325559375759,DRAW,False,False,2.23,1.67,0.43875571863537394,0.010550590430245699,-0.010550590430245976
2024-08-18,Ligue 1,Stade Rennais,Olympique Lyonnais,3,0,2.47,3.38,3.01,pinnacle,0.5203874617700861,0.2581670802994639,0.22144545793044984,0.39194671207492365,0.2864225972855211,0.3216306906395553,0.12844074969516245,-0.028255516986057216,-0.10018523270910545,HOME,False,True,1.8,2.03,0.5549737765377643,0.024947666877189856,-0.024947666877189856
2024-08-23,Ligue 1,Paris Saint-Germain,Montpellier,6,0,1.25,6.94,10.85,pinnacle,0.7363021561137117,0.15895685551505412,0.10474098837123427,0.7720084276142778,0.13905050929651977,0.08894106308920251,-0.035706271500566045,0.01990634621853435,0.015799925282031765,HOME,False,True,1.32,3.35,0.749303893843009,0.03195914009568568,-0.03195914009568557
2024-08-24,Ligue 1,Olympique Lyonnais,AS Monaco,0,2,2.62,3.73,2.61,pinnacle,0.3828998038174099,0.24664168817505724,0.37045850800753294,0.36951579171110716,0.25955264726088495,0.370931561028008,0.013384012106302745,-0.012910959085827706,-0.00047305302047506714,AWAY,False,False,1.5,2.56,0.6722296541779685,0.041687782256786265,-0.041687782256786265
2024-08-24,Ligue 1,Lille OSC,Angers,2,0,1.33,4.72,8.77,pinnacle,0.7957457943051843,0.14754135122975215,0.056712854465063495,0.6976258972193993,0.19657678883512736,0.10579731394547333,0.09811989708578506,-0.04903543760537521,-0.049084459480409834,HOME,False,False,1.96,1.87,0.6305392929483282,0.14228864020681375,-0.14228864020681387
2024-08-25,Ligue 1,Lens,Brest,2,0,1.81,3.71,4.69,pinnacle,0.5722659923526056,0.27659629087287446,0.15113771677451998,0.5336754191983168,0.26036455761427313,0.20596002318741008,0.03859057315428871,0.016231733258601333,-0.0548223064128901,HOME,False,False,1.98,1.85,0.40384571668326946,-0.07918300394336242,0.07918300394336242
2024-08-25,Ligue 1,Nantes,Auxerre,2,0,2.25,3.22,3.22,pinnacle,0.45771133056614993,0.30759617376241627,0.234692495671434,0.41709844559585496,0.2914507772020726,0.2914507772020726,0.04061288497029497,0.016145396560343694,-0.05675828153063858,HOME,False,False,2.05,1.78,0.39440112472142136,-0.07035083350312177,0.07035083350312188
2024-08-25,Ligue 1,Nice,Toulouse,1,1,1.88,3.53,4.57,pinnacle,0.5253500105828182,0.3065971946564295,0.1680527947607522,0.5144148137282726,0.2739659631187401,0.21161922315298742,0.010935196854545581,0.032631231537689376,-0.043566428392235235,DRAW,True,False,2.01,1.82,0.33865833514531096,-0.13653748730899717,0.13653748730899695
2024-08-25,Ligue 1,Strasbourg,Stade Rennais,3,1,3.19,3.5,2.3,pinnacle,0.2511392120239751,0.27349708444833093,0.47536370352769386,0.3031786682735764,0.2763257005122025,0.42049563121422123,-0.052039456249601324,-0.0028286160638715807,0.05486807231347263,HOME,True,True,1.83,2.01,0.5230505642184771,-0.0003869357815228236,0.0003869357815228791
2024-08-25,Ligue 1,Olympique Marseille,Reims,2,2,1.56,4.47,5.84,pinnacle,0.5397414811008008,0.2748183410948563,0.18544017780434305,0.6187672440765708,0.2159456153824274,0.16528714054100177,-0.07902576297577002,0.05887272571242891,0.020153037263341278,DRAW,True,True,1.63,2.3,0.4554786052749059,-0.1297631250049922,0.12976312500499232
2024-08-30,Ligue 1,Olympique Lyonnais,Strasbourg,4,3,1.89,3.83,4.18,pinnacle,0.4966179087707707,0.2643565104325292,0.23902558079669978,0.5139734752779446,0.25363181939303264,0.2323947053290228,-0.017355566507173847,0.010724691039496581,0.006630875467676989,HOME,True,True,1.72,2.15,0.5477454846923432,-0.007810070863212393,0.007810070863212171
2024-08-31,Ligue 1,Montpellier,Nantes,1,3,2.35,3.38,3.22,pinnacle,0.5463404284212297,0.25333868917165697,0.20032088240711335,0.41235754122211443,0.2866982904946654,0.3009441682832201,0.13398288719911522,-0.033359601323008414,-0.10062328587610678,AWAY,True,True,2.01,1.83,0.5501162333834918,0.0735537333834918,-0.0735537333834918
2024-08-31,Ligue 1,Toulouse,Olympique Marseille,1,3,4.09,3.74,1.91,pinnacle,0.228201670714058,0.2774073250725217,0.4943910042134205,0.23613062320052625,0.2582284087941583,0.5056409680053153,-0.007928952486468244,0.019178916278363378,-0.011249963791894801,AWAY,True,True,1.8,2.04,0.4906871691361649,-0.04056283086383511,0.04056283086383533
2024-09-01,Ligue 1,AS Monaco,Lens,1,1,1.83,3.74,3.9,pinnacle,0.2928400516453187,0.274088289934604,0.4330716584200774,0.5105855666638662,0.24983197513231958,0.2395824582038142,-0.21774551501854755,0.024256314802284407,0.19348920021626317,DRAW,True,False,1.58,2.39,0.5447170541195843,-0.057298059230541765,0.05729805923054154
2024-09-01,Ligue 1,Angers,Nice,1,4,4.2,3.35,2.01,pinnacle,0.10883995632186179,0.253965691121258,0.6371943525568803,0.23024054982817868,0.28865979381443296,0.4810996563573884,-0.12140059350631689,-0.034694102693174966,0.1560946961994919,AWAY,True,True,2.29,1.64,0.3992979945301801,-0.018004804452008194,0.01800480445200825
2024-09-01,Ligue 1,Le Havre,Auxerre,3,1,2.81,3.28,2.69,pinnacle,0.5204197250060666,0.31235436148511087,0.1672259135088228,0.344671060084613,0.2952822191578544,0.3600467207575325,0.17574866492145358,0.017072142327256457,-0.19282080724870973,HOME,True,True,2.15,1.72,0.32260050690069,-0.12184393754375444,0.12184393754375478
2024-09-01,Ligue 1,Reims,Stade Rennais,2,1,2.94,3.29,2.37,pinnacle,0.2850691065591547,0.30021935019958584,0.41471154324125936,0.3190684884420383,0.2851250322248002,0.39580647933316143,-0.033999381882883595,0.015094317974785665,0.01890506390809793,HOME,True,True,1.8,2.04,0.4457028691164993,-0.08554713088350069,0.08554713088350091
2024-09-01,Ligue 1,Lille OSC,Paris Saint-Germain,1,3,4.31,3.74,1.86,pinnacle,0.27688550367383163,0.26703704110886806,0.4560774552173003,0.22373313092588545,0.2578314957996166,0.518435373274498,0.05315237274794618,0.00920554530925144,-0.06235791805719765,AWAY,True,True,1.75,2.11,0.5638393279893513,0.017207203637019775,-0.01720720363701972
2024-09-14,Ligue 1,Olympique Marseille,Nice,2,0,1.75,3.97,4.6,pinnacle,0.39560532627291584,0.34088839994369197,0.2635062737833924,0.549076203791398,0.24203610998361372,0.20888768622498838,-0.15347087751848215,0.09885228996007825,0.05461858755840404,HOME,False,False,1.73,2.14,0.3121592269177087,-0.24081234930968154,0.2408123493096817
2024-09-14,Ligue 1,Auxerre,AS Monaco,0,3,4.02,3.8,1.89,pinnacle,0.175056014142384,0.227299972224063,0.597644013633553,0.2389555426905955,0.25278981095162995,0.5082546463577746,-0.06389952854821149,-0.025489838727566938,0.0893893672757784,AWAY,False,True,1.49,2.62,0.6155495422161996,-0.021920044158496355,0.021920044158496188
2024-09-14,Ligue 1,Paris Saint-Germain,Brest,3,1,1.28,6.16,9.59,pinnacle,0.6956075458034401,0.1935587987651312,0.11083365543142866,0.7455650576012439,0.15492260937168706,0.09951233302706905,-0.04995751179780383,0.038636189393444154,0.01132132240435961,HOME,True,True,1.43,2.77,0.6217828405037771,-0.03774096902003243,0.03774096902003221
2024-09-15,Ligue 1,Stade Rennais,Montpellier,3,0,1.63,4.26,5.16,pinnacle,0.5584274180657398,0.23731784631563838,0.2042547356186218,0.5887476497340383,0.2252719880437752,0.1859803622221865,-0.030320231668298447,0.012045858271863163,0.01827437339643531,HOME,False,True,1.64,2.3,0.6158938089946799,0.03213746381701499,-0.03213746381701499
2024-09-15,Ligue 1,Nantes,Reims,1,2,2.43,3.37,3.03,pinnacle,0.2883122868970921,0.3194488034183987,0.39223890968450914,0.3963459366302968,0.28579247062659385,0.3178615927431093,-0.10803364973320473,0.033656332791804855,0.07437731694139982,AWAY,True,True,1.95,1.88,0.38286366022215457,-0.10799795857680111,0.10799795857680106
2024-09-15,Ligue 1,Strasbourg,Angers,1,1,1.69,3.82,5.31,pinnacle,0.6593483075692748,0.21432978741727168,0.12632190501345358,0.5679637340083273,0.25127191373666835,0.18076435225500437,0.09138457356094742,-0.03694212631939667,-0.054442447241550784,DRAW,True,False,1.93,1.9,0.5763925130074107,0.08030896209357247,-0.08030896209357252
2024-09-15,Ligue 1,Toulouse,Le Havre,2,0,1.85,3.71,4.37,pinnacle,0.34529121100069327,0.3388054704683131,0.3159033185309935,0.5202931898192275,0.25944539114974957,0.2202614190310231,-0.1750019788185342,0.07936007931856354,0.09564189949997043,HOME,False,False,2.0,1.84,0.3290989206229835,-0.15006774604368317,0.15006774604368311
2024-09-15,Ligue 1,Lens,Olympique Lyonnais,0,0,1.86,3.8,4.18,pinnacle,0.5724177874984155,0.26255312722614516,0.1650290852754392,0.5169428642097452,0.2530299282710858,0.23002720751916894,0.05547492328867032,0.009523198955059375,-0.06499812224372975,DRAW,False,False,1.7,2.18,0.47011423992611695,-0.09174143017697584,0.09174143017697595
2024-09-21,Ligue 1,Lille OSC,Strasbourg,3,3,1.74,3.88,4.93,pinnacle,0.5776901788965296,0.2528379991492562,0.16947182195421404,0.5551253997643494,0.24894798855411548,0.19592661168153513,0.022564779132180246,0.003890010595140714,-0.0264547897273211,DRAW,True,True,1.84,2.0,0.5109170238422869,-0.009916309491046493,0.009916309491046493
2024-09-21,Ligue 1,Stade Rennais,Lens,1,1,2.44,3.34,3.09,pinnacle,0.32176987530271906,0.31365120123739454,0.3645789234598866,0.39679659205376433,0.2898753546740075,0.3133280532722282,-0.07502671675104527,0.02377584656338705,0.05125087018765839,DRAW,True,False,2.05,1.79,0.40898752936696664,-0.05715830396636673,0.0571583039663669
2024-09-21,Ligue 1,Reims,Paris Saint-Germain,1,1,6.91,5.01,1.44,pinnacle,0.17702581951912277,0.24227518363613376,0.5806989968447436,0.13931743263832969,0.1921523871319078,0.6685301802297625,0.03770838688079309,0.050122796504225964,-0.08783118338501894,DRAW,True,False,1.52,2.52,0.5610272296652214,-0.06273514657240242,0.06273514657240237
2024-09-22,Ligue 1,AS Monaco,Le Havre,3,1,1.38,5.23,8.11,pinnacle,0.5032406953482016,0.2756894955517905,0.22106980910000773,0.6973390656725498,0.18400151254839742,0.11865942177905285,-0.19409837032434818,0.09168798300339309,0.10241038732095488,HOME,True,True,1.59,2.38,0.49041118639580006,-0.10908503526666846,0.10908503526666818
2024-09-22,Ligue 1,Angers,Nantes,1,1,3.32,3.2,2.39,pinnacle,0.25163006953629896,0.29275638555222516,0.4556135449114758,0.2918326541203047,0.3027763786498161,0.4053909672298793,-0.04020258458400572,-0.01001999309759094,0.05022257768159655,DRAW,True,False,2.27,1.65,0.45438945722024104,0.03347108987330227,-0.033471089873302384
2024-09-22,Ligue 1,Brest,Toulouse,2,0,2.16,3.57,3.44,pinnacle,0.45626040861066997,0.2946875058828777,0.24905208550645241,0.44783826360931206,0.2709609662173989,0.281200770173289,0.008422145001357906,0.023726539665478774,-0.03214868466683657,HOME,False,False,1.96,1.87,0.4461125645448959,-0.04213808819661857,0.04213808819661846
2024-09-22,Ligue 1,Montpellier,Auxerre,3,2,2.39,3.37,3.14,pinnacle,0.6215287548893287,0.22839564333966064,0.15007560177101065,0.4048017076818907,0.2870848906111925,0.3081134017069168,0.21672704720743796,-0.05868924727153188,-0.15803779993590616,HOME,True,True,1.75,2.07,0.5699049331964534,0.028020116442526777,-0.02802011644252672
2024-09-22,Ligue 1,Olympique Lyonnais,Olympique Marseille,2,3,3.06,3.91,2.21,pinnacle,0.3013465508655073,0.28133661984384173,0.41731682929065084,0.3157338965153115,0.2470960929250264,0.43717001055966204,-0.01438734564980415,0.03424052691881532,-0.0198531812690112,AWAY,True,True,1.56,2.41,0.5205031752450495,-0.0865497214803913,0.08654972148039114
2024-09-27,Ligue 1,Auxerre,Brest,3,0,2.86,3.38,2.62,pinnacle,0.22906670720463085,0.30336906382821266,0.4675642289671564,0.34039576254247456,0.28802718368978614,0.3715770537677393,-0.11132905533784371,0.015341880138426522,0.09598717519941707,HOME,False,True,1.89,1.94,0.4037642555907543,-0.10276315955284882,0.10276315955284882
2024-09-27,Ligue 1,Paris Saint-Germain,Stade Rennais,3,1,1.37,5.3,8.67,pinnacle,0.5862988864445724,0.22745825080492044,0.1862428627505071,0.7059620617023533,0.18248453293060832,0.11155340536703852,-0.11966317525778092,0.04497371787431212,0.07468945738346859,HOME,True,True,1.59,2.4,0.6310889668723836,0.029585207473887376,-0.029585207473887598
2024-09-28,Ligue 1,Lens,Nice,0,0,2.08,3.42,3.83,pinnacle,0.4272047632160202,0.3572353454613536,0.21555989132262623,0.464842114228528,0.28271099344892936,0.25244689232254264,-0.037637351012507814,0.07452435201242424,-0.0368870009999164,DRAW,False,False,2.09,1.76,0.2523678661335626,-0.20477499100929458,0.20477499100929464
2024-09-28,Ligue 1,Le Havre,Lille OSC,0,3,4.7,3.71,1.81,pinnacle,0.26354480597653673,0.3389092781667788,0.3975459158566844,0.2056119121469973,0.2604787027199157,0.5339093851330869,0.05793289382953942,0.0784305754468631,-0.13636346927640253,AWAY,False,True,2.04,1.81,0.3175013335513584,-0.15262853657851172,0.1526285365785116
2024-09-28,Ligue 1,AS Monaco,Montpellier,2,1,1.34,5.7,8.48,pinnacle,0.5385647094974432,0.2167206386184613,0.24471465188409536,0.7178201647826165,0.16875070540503617,0.11342912981234742,-0.17925545528517328,0.04796993321342513,0.13128552207174793,HOME,True,True,1.44,2.79,0.7368052278079774,0.07723075972287108,-0.07723075972287125
2024-09-29,Ligue 1,Toulouse,Olympique Lyonnais,1,2,2.5,3.55,2.85,pinnacle,0.33057497340306474,0.2849343323900631,0.3844906942068721,0.38738393797262377,0.272805590121566,0.33981047190581026,-0.05680896456955903,0.012128742268497084,0.044680222301061834,AWAY,True,True,1.81,1.99,0.5144136647003126,-0.009270545826003285,0.009270545826003285
2024-09-29,Ligue 1,Angers,Reims,1,3,3.59,3.28,2.22,pinnacle,0.16833983499046123,0.2618229487552662,0.5698372162542726,0.2694234568906189,0.2948872592186957,0.43568928389068545,-0.10108362190015768,-0.0330643104634295,0.13414793236358719,AWAY,True,True,2.1,1.75,0.47743453068774705,0.022889076142292464,-0.02288907614229252
2024-09-29,Ligue 1,Strasbourg,Olympique Marseille,1,0,3.56,3.83,2.03,pinnacle,0.23542145068715947,0.2741492503919671,0.4904292989208735,0.2715031515722941,0.2523632427147172,0.4761336057129887,-0.03608170088513463,0.021786007677249863,0.014295693207884819,HOME,False,False,1.58,2.35,0.5085326141540318,-0.08943176243629891,0.08943176243629913
2024-10-04,Ligue 1,Olympique Marseille,Angers,1,1,1.24,6.59,12.26,pinnacle,0.8198820397503165,0.13110527051861684,0.049012689731066685,0.775611179697295,0.14594201256823153,0.07844680773447354,0.0442708600530215,-0.014836742049614687,-0.02943411800340686,DRAW,True,False,1.52,2.51,0.6678157462042046,0.04498696208509789,-0.044986962085098
2024-10-05,Ligue 1,Lille OSC,Toulouse,2,1,1.75,4.02,4.64,pinnacle,0.5802418402483304,0.25538144305790983,0.16437671669375997,0.5517306657043641,0.2401812599459297,0.20808807434970633,0.028511174543966233,0.015200183111980126,-0.04371135765594636,HOME,True,True,1.83,2.02,0.49418812680325186,-0.03048719787207277,0.03048719787207277
2024-10-05,Ligue 1,Stade Rennais,AS Monaco,1,2,2.75,3.65,2.53,pinnacle,0.49049627383483435,0.24116911161629426,0.2683346145488715,0.35206542252044454,0.2652547703921157,0.38267980708743976,0.1384308513143898,-0.024085658775821445,-0.11434519253856829,AWAY,True,True,1.63,2.31,0.6594261960500117,0.07313177980635688,-0.07313177980635682
2024-10-06,Ligue 1,Olympique Lyonnais,Nantes,2,0,1.79,3.95,4.43,pinnacle,0.5539425418665016,0.26122816242634445,0.184829295707154,0.5384369220922683,0.2440005292519393,0.21756254865579244,0.015505619774233259,0.01722763317440515,-0.032733252948638436,HOME,False,False,1.76,2.1,0.5020141097273839,-0.0420273410498182,0.042027341049818145
2024-10-06,Ligue 1,Brest,Le Havre,2,0,1.83,3.55,4.83,pinnacle,0.38818729851812706,0.3445508441507922,0.2672618573310806,0.5278786031605294,0.2721177024743011,0.20000369436516954,-0.13969130464240231,0.07243314167649106,0.06725816296591106,HOME,False,False,2.15,1.72,0.3036865569829156,-0.14075788746152884,0.14075788746152884
2024-10-06,Ligue 1,Reims,Montpellier,4,2,1.81,3.99,4.28,pinnacle,0.405690952553593,0.28280643223606694,0.3115026152103402,0.5328981242530246,0.24174075310726176,0.22536112263971364,-0.12720717169943163,0.04106567912880518,0.08614149257062653,HOME,True,True,1.64,2.29,0.5182137421276078,-0.0644834588902038,0.0644834588902038
2024-10-06,Ligue 1,Strasbourg,Lens,2,2,2.99,3.48,2.44,pinnacle,0.18890170423742927,0.2820952979491379,0.5290029978134327,0.3241905925473427,0.2785430665852168,0.39726634086744045,-0.13528888830991345,0.0035522313639210767,0.1317366569459923,DRAW,True,True,1.88,1.94,0.4352871117507913,-0.07256629139056997,0.07256629139056969
2024-10-06,Ligue 1,Nice,Paris Saint-Germain,1,1,5.07,4.03,1.69,pinnacle,0.2628606025286417,0.3104420980544127,0.42669729941694545,0.19018404907975459,0.2392638036809816,0.5705521472392638,0.0726765534488871,0.0711782943734311,-0.1438548478223184,DRAW,True,False,1.69,2.17,0.4016751971115099,-0.1605009686915989,0.16050096869159897
2024-10-18,Ligue 1,AS Monaco,Lille OSC,0,0,1.94,3.75,4.04,pinnacle,0.3828246454686024,0.2617585978086872,0.35541675672271045,0.5006179244347809,0.2589863395742599,0.24039573599095912,-0.11779327896617853,0.002772258234427283,0.11502102073175133,DRAW,False,False,1.7,2.18,0.6094355009939469,0.04757983089085416,-0.04757983089085399
2024-10-19,Ligue 1,Brest,Stade Rennais,1,1,2.99,3.22,2.58,pinnacle,0.2901001357264275,0.2965154271850322,0.4133844370885402,0.3238880918220947,0.30075322812051647,0.3753586800573888,-0.033787956095667204,-0.004237800935484259,0.03802575703115141,DRAW,True,False,1.99,1.81,0.46065108297762314,-0.01566470649606111,0.01566470649606111
2024-10-19,Ligue 1,Paris Saint-Germain,Strasbourg,4,2,1.26,6.67,9.83,pinnacle,0.7611243442348814,0.1553781373136938,0.08349751845142467,0.7592526758387653,0.14342704221242045,0.09732028194881429,0.0018716683961160774,0.011951095101273346,-0.013822763497389617,HOME,True,True,1.35,3.19,0.7018289336867797,-0.0008142381193876336,0.0008142381193875781
2024-10-20,Ligue 1,Le Havre,Olympique Lyonnais,0,4,3.88,3.57,2.01,pinnacle,0.3457794801961765,0.32691264334712106,0.32730787645670245,0.24893065659246305,0.2705464839156181,0.4805228594919187,0.09684882360371344,0.05636615943150297,-0.15321498303521625,AWAY,False,True,1.77,2.08,0.3659662882898657,-0.1742934519698746,0.1742934519698746
2024-10-20,Ligue 1,Auxerre,Reims,2,1,2.78,3.46,2.6,pinnacle,0.23158678674585378,0.30887097438460653,0.4595422388695396,0.3481046945377437,0.2796910551488229,0.3722042503134335,-0.11651790779188989,0.029179919235783613,0.08733798855610608,HOME,True,True,1.74,2.12,0.3883313723076653,-0.1608914256197959,0.1608914256197959
2024-10-20,Ligue 1,Nantes,Nice,1,1,3.26,3.16,2.44,pinnacle,0.1962903778782845,0.33551631669587373,0.4681933054258418,0.29693758087374456,0.3063343397621542,0.3967280793641013,-0.10064720299546007,0.029181976933719544,0.0714652260617405,DRAW,True,False,2.24,1.67,0.29021058470953137,-0.13689938971502102,0.1368993897150209
2024-10-20,Ligue 1,Toulouse,Angers,1,1,1.6,3.95,6.24,pinnacle,0.6444533563254222,0.22366122606154837,0.13188541761302947,0.6018753662824771,0.243797616722016,0.15432701699550694,0.04257799004294516,-0.02013639066046763,-0.022441599382477473,DRAW,True,False,2.06,1.78,0.552524871314384,0.08898320464771736,-0.08898320464771714
2024-10-20,Ligue 1,Montpellier,Olympique Marseille,0,5,4.37,4.04,1.79,pinnacle,0.2849151549845392,0.26447020661101583,0.450614638404445,0.22109102471207964,0.23915044009697725,0.5397585351909431,0.06382413027245953,0.025319766514038583,-0.08914389678649809,AWAY,False,True,1.54,2.46,0.5780449695935247,-0.0369550304064753,0.03695503040647541
2024-10-25,Ligue 1,Stade Rennais,Le Havre,1,0,1.49,4.37,7.65,pinnacle,0.5124149419168499,0.30080619482684323,0.18677886325630677,0.6511551354394112,0.2220185702070303,0.12682629435355852,-0.13874019352256128,0.07878762461981292,0.05995256890274825,HOME,False,False,1.92,1.91,0.37469170500056714,-0.12400281197071222,0.12400281197071228
2024-10-26,Ligue 1,Reims,Brest,1,2,2.2,3.55,3.38,pinnacle,0.38624745567659846,0.3179258052833371,0.2958267390400644,0.44041108460267936,0.27293081299320976,0.2866581024041108,-0.0541636289260809,0.04499499229012732,0.009168636635953575,AWAY,True,True,1.84,2.0,0.38983379161864345,-0.13099954171468992,0.1309995417146898
2024-10-26,Ligue 1,Lens,Lille OSC,0,2,2.38,3.35,3.18,pinnacle,0.46403008229146747,0.30894709697947764,0.22702282072905497,0.4066899795376111,0.2889319854625416,0.3043780349998473,0.05734010275385637,0.020015111516936024,-0.07735521427079231,AWAY,False,False,1.99,1.85,0.38490946698487555,-0.09686136634845788,0.09686136634845766
2024-10-27,Ligue 1,Olympique Lyonnais,Auxerre,2,2,1.49,4.89,6.14,pinnacle,0.6261339930966336,0.23504795012628416,0.1388180567770822,0.6462559702793629,0.19691644084176904,0.1568275888788682,-0.020121977182729234,0.038131509284515114,-0.01800953210178599,DRAW,True,True,1.45,2.7,0.5238596984377026,-0.12674271120085168,0.12674271120085157
2024-10-27,Ligue 1,Montpellier,Toulouse,0,3,3.23,3.68,2.21,pinnacle,0.49008905036398415,0.2584419370059951,0.25146901263002086,0.2994679186228482,0.262848200312989,0.4376838810641627,0.19062113174113593,-0.004406263306993896,-0.18621486843414187,AWAY,False,True,1.74,2.12,0.580128908289179,0.030906110361717753,-0.03090611036171781
2024-10-27,Ligue 1,Nice,AS Monaco,2,1,3.35,3.5,2.23,pinnacle,0.43855715486393576,0.29628948057571347,0.26515336456035093,0.289068720949612,0.2766800614803429,0.434251217570045,0.14948843391432376,0.01960941909537056,-0.16909785300969404,HOME,True,True,1.81,2.03,0.45010011509771103,-0.07854571823562223,0.0785457182356224
2024-10-27,Ligue 1,Strasbourg,Nantes,3,1,1.88,3.69,4.33,pinnacle,0.4714746912976607,0.2889142792717657,0.23961102943057344,0.5144918902731579,0.26212594951586365,0.22338216021097848,-0.04301719897549722,0.026788329755902063,0.01622886921959496,HOME,True,True,1.88,1.94,0.45941938104810265,-0.048434022093258644,0.04843402209325831
2024-10-27,Ligue 1,Olympique Marseille,Paris Saint-Germain,0,3,3.8,4.05,1.91,pinnacle,0.29839210613463674,0.26435919952521114,0.4372486943401521,0.25459542185725803,0.23887965507594583,0.5065249230667961,0.043796684277378706,0.025479544449265312,-0.06927622872664396,AWAY,False,True,1.51,2.54,0.5847807134677779,-0.04237978035938261,0.04237978035938267
2024-11-01,Ligue 1,AS Monaco,Angers,0,1,1.21,7.49,12.84,pinnacle,0.8202524533680471,0.1198054187091022,0.05994212792285086,0.7963143439355012,0.12864357225126252,0.07504208381323647,0.02393810943254593,-0.008838153542160318,-0.01509995589038561,AWAY,False,False,1.42,2.86,0.772965337860895,0.10474103879547447,-0.10474103879547456
2024-11-01,Ligue 1,Lille OSC,Olympique Lyonnais,1,1,2.25,3.69,3.2,pinnacle,0.5066726088713224,0.2701381152848673,0.22318927584381026,0.43236117976602406,0.2636348657109903,0.3040039545229857,0.07431142910529831,0.00650324957387699,-0.08081467867917541,DRAW,True,False,1.62,2.33,0.5123519548208744,-0.07752146290064466,0.07752146290064454
2024-11-02,Ligue 1,Paris Saint-Germain,Lens,1,0,1.43,5.01,7.21,pinnacle,0.4722540027854625,0.2791526158555374,0.248593381359,0.6739612700035638,0.19236818684732457,0.13367054314911178,-0.20170726721810128,0.08678442900821284,0.11492283820988822,HOME,False,False,1.54,2.48,0.5005062724290122,-0.11640915045655986,0.1164091504565598
2024-11-02,Ligue 1,Brest,Nice,0,1,2.71,3.17,2.87,pinnacle,0.27698906808594753,0.35512305939808114,0.3678878725159713,0.35725252588715284,0.3054114653483231,0.3373360087645241,-0.0802634578012053,0.04971159404975806,0.03055186375144725,AWAY,False,False,2.18,1.7,0.27933110116222637,-0.1588132287346808,0.15881322873468084
2024-11-03,Ligue 1,Toulouse,Reims,1,0,2.12,3.52,3.6,pinnacle,0.34688308056563333,0.3105947435099155,0.34252217592445117,0.45637893281087927,0.27486458453382506,0.2687564826552956,-0.10949585224524594,0.03573015897609044,0.07376569326915555,HOME,False,False,1.89,1.94,0.42096127358894747,-0.08556614155465564,0.08556614155465575
2024-11-03,Ligue 1,Auxerre,Stade Rennais,4,0,3.51,3.59,2.13,pinnacle,0.1483884110881937,0.24754488518219805,0.6040667037296081,0.2758161730492463,0.26966985164424917,0.45451397530650445,-0.12742776196105263,-0.022124966462051116,0.1495527284231037,HOME,False,True,1.79,2.06,0.4961125385671588,-0.03895239649777632,0.038952396497776154
2024-11-03,Ligue 1,Le Havre,Montpellier,1,0,2.28,3.37,3.37,pinnacle,0.373659208427952,0.3113070611551622,0.31503373041688565,0.424968474148802,0.28751576292559894,0.28751576292559894,-0.051309265720849984,0.023791298229563274,0.02751796749128671,HOME,False,False,1.86,1.97,0.4159541885971824,-0.09840612471874449,0.09840612471874444
2024-11-03,Ligue 1,Nantes,Olympique Marseille,1,2,3.74,3.5,2.08,pinnacle,0.1829192810908406,0.27142078077725107,0.5456599381319083,0.25862191465476814,0.2763559888025237,0.46502209654270815,-0.07570263356392753,-0.004935208025272642,0.08063784158920012,AWAY,True,True,1.93,1.9,0.4639268520037126,-0.032156698910125625,0.0321566989101254
2024-11-08,Ligue 1,Olympique Marseille,Auxerre,1,3,1.4,5.34,7.52,pinnacle,0.7200613854281215,0.19499732443685705,0.08494129013502144,0.690444423047826,0.18101539181029147,0.1285401851418825,0.02961696238029543,0.01398193262656558,-0.043598895006861066,AWAY,True,True,1.5,2.59,0.5415037979924299,-0.0917480357484014,0.09174803574840129
2024-11-09,Ligue 1,Strasbourg,AS Monaco,1,3,3.69,3.65,2.04,pinnacle,0.30045338751733824,0.2473840484394561,0.45216256404320576,0.2617950151360132,0.26466400160325715,0.4735409832607297,0.038658372381325024,-0.017279953163801043,-0.021378419217523925,AWAY,True,True,1.56,2.41,0.6527033114303072,0.045650414704866416,-0.045650414704866416
2024-11-09,Ligue 1,Lens,Nantes,3,2,1.61,4.02,5.99,pinnacle,0.6789151440274407,0.22725137826520833,0.09383347770735086,0.5990610982712167,0.2399224796558853,0.16101642207289799,0.07985404575622401,-0.012671101390676981,-0.06718294436554713,HOME,True,True,2.02,1.82,0.4500554403286686,-0.023902893004664805,0.023902893004664638
2024-11-09,Ligue 1,Angers,Paris Saint-Germain,2,4,11.51,6.59,1.24,pinnacle,0.039955898253197515,0.0998687033596599,0.8601753983871423,0.08313350946997249,0.14519980182084724,0.7716666887091802,-0.04317761121677497,-0.04533109846118734,0.0885087096779621,AWAY,True,True,1.4,2.89,0.7704998634672623,0.09684018980758868,-0.0968401898075888
2024-11-10,Ligue 1,Nice,Lille OSC,2,2,2.55,3.26,3.0,pinnacle,0.36510801773031776,0.3509675153252913,0.28392446694439083,0.3799091015033213,0.2971681622188556,0.32292273627782303,-0.014801083773003543,0.05379935310643569,-0.0389982693334322,DRAW,True,True,2.09,1.76,0.2912652030860493,-0.16587765405680788,0.16587765405680754
2024-11-10,Ligue 1,Le Havre,Reims,0,3,3.43,3.23,2.32,pinnacle,0.3557884645814854,0.3524888062410584,0.29172272917745634,0.2824565305068582,0.2999460989592953,0.4175973705338465,0.07333193407462718,0.05254270728176308,-0.12587464135639015,AWAY,False,True,2.07,1.77,0.2887543379626936,-0.17218316203730638,0.17218316203730644
2024-11-10,Ligue 1,Montpellier,Brest,3,1,3.41,3.49,2.2,pinnacle,0.4205732865732616,0.27749691113370006,0.30192980229303823,0.2835208578739998,0.27702181242130064,0.43945732970469964,0.13705242869926182,0.00047509871239942436,-0.1375275274116614,HOME,True,True,1.79,2.05,0.5353121537775176,0.001457987110850989,-0.001457987110850989
2024-11-10,Ligue 1,Stade Rennais,Toulouse,0,2,2.24,3.37,3.44,pinnacle,0.5960483428841831,0.24238493301437916,0.16156672410143785,0.43180666885187274,0.2870168956166751,0.28117643553145205,0.16424167403231033,-0.04463196260229593,-0.1196097114300142,AWAY,False,False,2.05,1.79,0.5369353332460629,0.07078949991272954,-0.07078949991272959
2024-11-22,Ligue 1,AS Monaco,Brest,3,2,1.53,4.41,6.54,pinnacle,0.511369611810306,0.2489922955471001,0.2396380926425939,0.6325575886776811,0.219458755255522,0.14798365606679695,-0.12118797686737504,0.029533540291578092,0.09165443657579694,HOME,True,True,1.75,2.12,0.6069370677016012,0.05913345013054172,-0.059133450130541665
2024-11-22,Ligue 1,Paris Saint-Germain,Toulouse,3,0,1.37,5.48,8.39,pinnacle,0.7620591604160424,0.15685917506523336,0.08108166451872442,0.7075690491250264,0.1768922622812566,0.11553868859371705,0.054490111291016,-0.020033087216023232,-0.034457024074992626,HOME,False,True,1.48,2.63,0.6871824647298461,0.04727978833081936,-0.04727978833081936
2024-11-23,Ligue 1,Lens,Olympique Marseille,1,3,2.31,3.52,3.17,pinnacle,0.44905701500668843,0.30703601418288007,0.24390697081043128,0.41929483734964657,0.2751622370107056,0.3055429256396478,0.029762177657041866,0.03187377717217449,-0.06163595482921652,AWAY,True,True,1.75,2.1,0.4021169969106721,-0.14333754854387343,0.14333754854387315
2024-11-23,Ligue 1,Reims,Olympique Lyonnais,1,1,2.86,3.77,2.39,pinnacle,0.3753027494481262,0.2984737189325444,0.3262235316193296,0.3383781672606552,0.2567006786115315,0.40492115412781327,0.03692458218747097,0.041773040321012866,-0.07869762250848367,DRAW,True,False,1.59,2.38,0.46304525554917014,-0.13645096611329838,0.13645096611329838
2024-11-24,Ligue 1,Lille OSC,Stade Rennais,1,0,1.93,3.55,4.23,pinnacle,0.40325392431640267,0.29363488190236087,0.30311119378123624,0.500018313859596,0.27184094246451274,0.22814074367589127,-0.09676438954319339,0.02179393943784813,0.07497045010534498,HOME,False,False,1.88,1.94,0.47543723791794773,-0.03241616522341356,0.032416165223413396
2024-11-24,Ligue 1,Auxerre,Angers,1,0,1.8,3.72,4.72,pinnacle,0.49321195916565264,0.28533064912810396,0.2214573917062433,0.5361278030191997,0.25941667888025793,0.20445551810054227,-0.042915843853547075,0.02591397024784603,0.017001873605701018,HOME,False,False,1.78,2.06,0.4571201635781223,-0.07933816975521107,0.07933816975521113
2024-11-24,Ligue 1,Nantes,Le Havre,0,2,1.91,3.26,4.88,pinnacle,0.28971664077217796,0.3500635437724733,0.3602198154553488,0.5057444955207558,0.296310425289768,0.19794507918947615,-0.21602785474857789,0.05375311848270531,0.16227473626587266,AWAY,False,False,2.35,1.6,0.29469889000980204,-0.11036440112943852,0.11036440112943857
2024-11-24,Ligue 1,Nice,Strasbourg,2,1,1.82,3.76,4.53,pinnacle,0.5235886681224017,0.3033553224239023,0.17305600945369584,0.5302765203638786,0.25667640081443066,0.21304707882169077,-0.006687852241476944,0.046678921609471624,-0.03999106936799493,HOME,True,True,1.79,2.04,0.3529682894945453,-0.17966878622347038,0.17966878622347016
2024-11-29,Ligue 1,Reims,Lens,0,2,3.23,3.31,2.38,pinnacle,0.21774154733723886,0.3155240135389402,0.46673443912382107,0.3000323729362253,0.2927808352217546,0.40718679184202006,-0.08229082559898646,0.02274317831718564,0.05954764728180101,AWAY,False,False,1.96,1.87,0.3586361438786168,-0.12961450886289766,0.12961450886289783
2024-11-30,Ligue 1,Brest,Strasbourg,3,1,2.26,3.52,3.26,pinnacle,0.45218961841456795,0.2909764203697526,0.2568339612156795,0.428211060526905,0.27493096499738784,0.2968579744757071,0.023978557887662955,0.016045455372364736,-0.040024013260027635,HOME,True,True,1.88,1.94,0.46381966413550035,-0.04403373900586094,0.04403373900586083
2024-11-30,Ligue 1,Paris Saint-Germain,Nantes,1,1,1.21,7.29,12.11,pinnacle,0.7996197393421732,0.14021662956197567,0.06016363109585108,0.7899529241856581,0.13111701485111746,0.0789300609632243,0.00966681515651513,0.009099614710858211,-0.018766429867373223,DRAW,True,False,1.41,2.89,0.6795288630378088,0.007435839781994913,-0.007435839781994913
2024-12-01,Ligue 1,Montpellier,Lille OSC,2,2,4.48,3.68,1.85,pinnacle,0.3034868331341492,0.2733339735762601,0.4231791932895907,0.2155630984345712,0.26242464157252143,0.5220122599929075,0.08792373469957801,0.01090933200373867,-0.09883306670331676,DRAW,True,True,1.72,2.14,0.5518826463600546,-0.0025214987176657155,0.0025214987176656045
2024-12-01,Ligue 1,Le Havre,Angers,0,1,2.37,3.05,3.53,pinnacle,0.6278794874360197,0.2542510334512817,0.11786947911269868,0.408423775942582,0.3173653603225966,0.2742108637348214,0.21945571149343773,-0.06311432687131491,-0.15634138462212271,AWAY,False,False,2.21,1.68,0.4166834584315925,-0.01519314825221213,0.015193148252212296
2024-12-01,Ligue 1,Olympique Lyonnais,Nice,4,1,1.93,3.87,3.88,pinnacle,0.3052775135004775,0.33436080618231645,0.36036168031720617,0.500969202384805,0.24983735416089756,0.24919344345429734,-0.19569168888432753,0.0845234520214189,0.11116823686290883,HOME,True,True,1.65,2.21,0.3409302964085469,-0.23160856369507998,0.2316085636950801
2024-12-01,Ligue 1,Toulouse,Auxerre,2,0,1.73,3.84,5.04,pinnacle,0.529817084635565,0.2783629791582668,0.1918199362061682,0.5574835810577256,0.2511579675077774,0.19135845143449706,-0.02766649642216057,0.027205011650489386,0.0004614847716711279,HOME,False,False,1.75,2.1,0.45100154469687237,-0.09445300075767316,0.09445300075767293
2024-12-01,Ligue 1,Olympique Marseille,AS Monaco,2,1,2.66,3.67,2.6,pinnacle,0.5077596472480246,0.24164612406709354,0.25059422868488196,0.3639178953631169,0.26376610399615563,0.37231600064072734,0.14384175188490766,-0.02211997992906209,-0.12172177195584538,HOME,True,True,1.59,2.39,0.6446314863411364,0.044128973778322256,-0.04412897377832237
2024-12-06,Ligue 1,Lille OSC,Brest,3,1,1.68,3.82,5.81,pinnacle,0.5120267144157786,0.28495851753091755,0.20301476805330393,0.5783866613156262,0.25436900288226494,0.1672443358021088,-0.06635994689984759,0.030589514648652616,0.03577043225119514,HOME,True,True,2.07,1.78,0.4409590529189334,-0.02137860941872899,0.021378609418728933
2024-12-06,Ligue 1,Auxerre,Paris Saint-Germain,0,0,8.95,5.95,1.32,pinnacle,0.07460357593245809,0.15975804026731033,0.7656383838002314,0.10770633772395967,0.1620120542234351,0.7302816080526052,-0.03310276179150158,-0.002254013956124762,0.03535677574762619,DRAW,False,False,1.37,3.11,0.651281390364286,-0.0429150382071426,0.042915038207142486
2024-12-07,Ligue 1,AS Monaco,Toulouse,2,0,1.71,4.05,4.84,pinnacle,0.5859761986084026,0.22244764614544255,0.19157615524615493,0.5632127433994466,0.2378009361019886,0.19898632049856482,0.02276345520895595,-0.015353289956546057,-0.007410165252409895,HOME,False,False,1.7,2.17,0.6579052704937516,0.0971817562818652,-0.09718175628186532
2024-12-07,Ligue 1,Nice,Le Havre,2,1,1.63,3.9,6.06,pinnacle,0.4469266025360259,0.367912567901462,0.18516082956251206,0.592794365518902,0.24775764507584883,0.1594479894052492,-0.14586776298287607,0.12015492282561316,0.025712840157262856,HOME,True,True,1.95,1.88,0.21523966654821625,-0.27562195225073943,0.2756219522507394
2024-12-07,Ligue 1,Angers,Olympique Lyonnais,0,3,4.93,4.24,1.67,pinnacle,0.14717613943983165,0.22320142947350619,0.6296224310866619,0.1955098558415776,0.22732631823089086,0.5771638259275315,-0.04833371640174594,-0.004124888757384676,0.05245860515913048,AWAY,False,True,1.59,2.37,0.5845240781863316,-0.013960770298516834,0.013960770298516834
2024-12-08,Ligue 1,Lens,Montpellier,2,0,1.34,5.44,9.35,pinnacle,0.6111031018119671,0.23849532940315285,0.15040156878488004,0.7196113329164462,0.17725720332868344,0.10313146375487037,-0.10850823110447905,0.06123812607446941,0.04727010503000967,HOME,False,False,1.58,2.4,0.5324888836598346,-0.07052619171704977,0.07052619171704971
2024-12-08,Ligue 1,Nantes,Stade Rennais,1,0,3.16,3.15,2.51,pinnacle,0.1954726760175229,0.2722287092963915,0.5322986146860855,0.30654735364704694,0.30752051984910106,0.385932126503852,-0.11107467762952403,-0.03529181055270958,0.14636648818223352,HOME,False,False,2.19,1.68,0.4761472434202185,0.042038716288435585,-0.042038716288435696
2024-12-08,Ligue 1,Strasbourg,Reims,0,0,2.44,3.5,2.96,pinnacle,0.3573775893350896,0.30522781791660963,0.3373945927483007,0.3965944936146755,0.2764830184056595,0.32692248797966494,-0.03921690427958591,0.02874479951095016,0.010472104768635748,DRAW,False,False,1.74,2.11,0.43979464697257514,-0.10825730107937287,0.10825730107937293
2024-12-14,Ligue 1,Olympique Marseille,Lille OSC,1,1,2.18,3.5,3.46,pinnacle,0.42428218030499143,0.29549401123863117,0.28022380845637745,0.44386939756916444,0.276467224771651,0.2796633776591846,-0.019587217264173007,0.019026786466980194,0.0005604307971928679,DRAW,True,False,1.86,1.96,0.46022884841516765,-0.052860156820434434,0.05286015682043438
2024-12-14,Ligue 1,Auxerre,Lens,2,2,4.06,3.51,1.99,pinnacle,0.11060660231434069,0.24681020878305138,0.6425831889026078,0.2382713227744253,0.27560728503252613,0.4861213921930485,-0.12766472046008462,-0.02879707624947475,0.1564617967095593,DRAW,True,True,1.87,1.96,0.4253808475504277,-0.08636849970805793,0.08636849970805771
2024-12-14,Ligue 1,Reims,AS Monaco,0,0,3.81,3.63,2.01,pinnacle,0.3401709352250215,0.26936754718732536,0.39046151758765324,0.25347841040552793,0.2660475877810087,0.4804740018134635,0.08669252481949358,0.003319959406316686,-0.09001248422581026,DRAW,False,False,1.71,2.15,0.576965684237319,0.019970865584469255,-0.019970865584468978
2024-12-15,Ligue 1,Montpellier,Nice,2,2,2.96,3.55,2.42,pinnacle,0.2932008306290762,0.3176833280407333,0.3891158413301905,0.32712415563052605,0.27275704244122734,0.4001188019282467,-0.033923325001449844,0.044926285599505955,-0.011002960598056222,DRAW,True,True,1.75,2.09,0.3899087907934925,-0.15436204253984076,0.15436204253984082
2024-12-15,Ligue 1,Brest,Nantes,4,1,2.13,3.32,3.79,pinnacle,0.506479873859005,0.29170669299586155,0.20181343314513353,0.4538087286445391,0.29114837108821334,0.2550429002672476,0.052671145214465864,0.0005583219076482071,-0.053229467122114044,HOME,True,True,2.24,1.65,0.41772397180461346,-0.0064405526169802885,0.0064405526169805105
2024-12-15,Ligue 1,Le Havre,Strasbourg,0,3,3.19,3.16,2.48,pinnacle,0.4081791385147201,0.327306885628564,0.2645139758567157,0.30341794303944497,0.3062984931315915,0.39028356382896345,0.10476119547527513,0.021008392496972506,-0.12576958797224774,AWAY,False,True,1.99,1.83,0.35057158545085804,-0.1284860061721786,0.12848600617217842
2024-12-15,Ligue 1,Stade Rennais,Angers,2,0,1.64,3.98,5.69,pinnacle,0.8122199776508671,0.134482323862646,0.05329769848648687,0.5881366056356317,0.2423477470458382,0.16951564731853005,0.22408337201523532,-0.1078654231831922,-0.11621794883204319,HOME,False,False,1.93,1.88,0.6738158367917053,0.1803775165817315,-0.18037751658173162
2024-12-15,Ligue 1,Paris Saint-Germain,Olympique Lyonnais,3,1,1.41,5.59,6.72,pinnacle,0.6964730356190548,0.18302447645437844,0.1205024879265669,0.6839675976249913,0.17252134394476523,0.1435110584302437,0.012505437994063562,0.010503132509613211,-0.0230085705036768,HOME,True,True,1.29,3.48,0.6887422398575211,-0.04081750857015187,0.04081750857015187
2024-12-18,Ligue 1,AS Monaco,Paris Saint-Germain,2,4,4.05,3.83,1.9,pinnacle,0.24137803882736567,0.21383605502809513,0.5447859061445393,0.23871930716617187,0.2524316433480407,0.5088490494857874,0.0026587316611937917,-0.038595588319945556,0.0359368566587519,AWAY,True,True,1.53,2.48,0.7450433579983908,0.12658949266173247,-0.1265894926617323
2025-01-03,Ligue 1,Nice,Stade Rennais,3,2,2.22,3.42,3.51,pinnacle,0.3699252685459619,0.33933483240493406,0.2907398990491043,0.438288643533123,0.2845031545741325,0.27720820189274453,-0.06836337498716111,0.05483167783080156,0.013531697156359768,HOME,True,True,1.94,1.87,0.32397344389835364,-0.1668402043956097,0.16684020439560976
2025-01-04,Ligue 1,Lille OSC,Nantes,1,1,1.51,4.41,6.75,pinnacle,0.6268601636702511,0.24355867210271026,0.12958116422703872,0.6385258402671867,0.2186335643545242,0.14284059537828914,-0.011665676596935626,0.02492510774818607,-0.013259431151250417,DRAW,True,False,1.93,1.87,0.4753582472541133,-0.016747015903781526,0.01674701590378147
2025-01-04,Ligue 1,Olympique Lyonnais,Montpellier,1,0,1.34,5.81,8.44,pinnacle,0.4549223443151324,0.25498518295255546,0.29009247273231237,0.7197327517121327,0.1659968824947088,0.11427036579315852,-0.2648104073970003,0.08898830045784667,0.17582210693915384,HOME,False,False,1.39,2.93,0.6177599843992191,-0.06048075634152161,0.060480756341521946
2025-01-05,Ligue 1,Angers,Brest,2,0,3.35,3.29,2.32,pinnacle,0.16532191723438971,0.2556215474202021,0.5790565353454082,0.28883347271468196,0.2941009524602385,0.4170655748250796,-0.12351155548029225,-0.038479405040036385,0.16199096052032863,HOME,False,False,2.17,1.68,0.49476339471445163,0.058399758350815234,-0.058399758350815345
2025-01-05,Ligue 1,Lens,Toulouse,0,1,1.98,3.59,3.99,pinnacle,0.6385399394800143,0.24165596439560774,0.119804096124378,0.48833546407568396,0.2693326514957811,0.24233188442853484,0.15020447540433035,-0.027676687100173375,-0.12252778830415684,AWAY,False,False,2.01,1.8,0.461996346190948,-0.010444598690941775,0.010444598690941831
2025-01-05,Ligue 1,Strasbourg,Auxerre,3,1,1.88,3.79,4.17,pinnacle,0.5438318122158504,0.2700097325181069,0.18615845526604274,0.5136419329782151,0.2547880828493521,0.23156998417243274,0.030189879237635275,0.015221649668754778,-0.04541152890639,HOME,True,True,1.68,2.17,0.4727935553696286,-0.09084280826673513,0.09084280826673508
2025-01-05,Ligue 1,Olympique Marseille,Le Havre,5,1,1.3,5.77,10.21,pinnacle,0.524314665632307,0.3003459117773807,0.17533942259031224,0.7393007779312976,0.16656689970722477,0.09413232236147766,-0.21498611229899056,0.1337790120701559,0.08120710022883458,HOME,True,True,1.62,2.28,0.3639634567608735,-0.22065192785451104,0.22065192785451115
2025-01-10,Ligue 1,Nantes,AS Monaco,2,2,4.95,3.87,1.74,pinnacle,0.23246195950916793,0.24908049595453996,0.5184575445362921,0.1951639408404414,0.24962829642382037,0.5552077627357384,0.037298018668726535,-0.0005478004692804073,-0.03675021819944624,DRAW,True,True,1.87,1.95,0.6001677474974955,0.08969654330901378,-0.08969654330901367
2025-01-10,Ligue 1,Auxerre,Lille OSC,0,0,4.98,3.75,1.76,pinnacle,0.1511550116958144,0.2609991878741308,0.5878458004300549,0.19389068090881847,0.257486824246911,0.5486224948442706,-0.04273566921300406,0.0035123636272197944,0.03922330558578424,DRAW,False,False,1.78,2.04,0.4541622742387039,-0.07986913937386153,0.07986913937386159
2025-01-11,Ligue 1,Brest,Olympique Lyonnais,2,1,3.12,3.6,2.3,pinnacle,0.38201940128894496,0.29406512848679717,0.32391547022425793,0.31025179856115104,0.26888489208633093,0.42086330935251803,0.07176760272779392,0.025180236400466238,-0.0969478391282601,HOME,True,True,1.7,2.15,0.4788667280236192,-0.07957483041793922,0.07957483041793917
2025-01-11,Ligue 1,Reims,Nice,2,4,2.72,3.41,2.68,pinnacle,0.27214986347399356,0.3593918097214753,0.368458326804531,0.35554552669664946,0.28360229695451217,0.36085217634883826,-0.0833956632226559,0.07578951276696311,0.0076061504556927395,AWAY,True,True,1.79,2.03,0.26791099268739405,-0.263502619878051,0.2635026198780508
2025-01-11,Ligue 1,Stade Rennais,Olympique Marseille,1,2,3.1,3.35,2.43,pinnacle,0.3919308610448276,0.28884125900110824,0.31922787995406404,0.3123932689909243,0.28908033846921355,0.3985263925398623,0.07953759205390332,-0.00023907946810530767,-0.07929851258579823,AWAY,True,True,1.92,1.88,0.49740212625513763,0.0026652841498744917,-0.002665284149874436
2025-01-12,Ligue 1,Le Havre,Lens,1,2,6.04,3.82,1.64,pinnacle,0.20352415414436037,0.3428262159982414,0.4536496298573979,0.15964039629795737,0.2524157051412729,0.5879438985607698,0.043883757846403,0.09041051085696855,-0.1342942687033719,AWAY,True,True,2.01,1.81,0.2778311945817237,-0.19599079494707217,0.19599079494707194
2025-01-12,Ligue 1,Montpellier,Angers,1,3,2.14,3.47,3.6,pinnacle,0.7371832521945385,0.1684185194394204,0.09439822836604098,0.45225148252467257,0.27891013619677213,0.26883838127855536,0.28493176966986594,-0.11049161675735172,-0.17444015291251438,AWAY,True,True,1.89,1.91,0.6803379293107058,0.17770635036333737,-0.17770635036333732
2025-01-12,Ligue 1,Toulouse,Strasbourg,1,2,1.77,3.93,4.61,pinnacle,0.4008860266977271,0.2896193904564743,0.3094945828457987,0.5451582909809799,0.24552930662502145,0.20931240239399876,-0.1442722642832528,0.044090083831452825,0.10018218045179997,AWAY,True,True,1.78,2.05,0.49205895775749026,-0.04318908401796667,0.04318908401796656
2025-01-17,Ligue 1,Montpellier,AS Monaco,2,1,5.6,4.59,1.57,pinnacle,0.36415496463695735,0.2336294247394152,0.4022156106236276,0.17280341851648473,0.21082770015083105,0.6163688813326843,0.19135154612047262,0.02280172458858415,-0.2141532707090567,HOME,True,True,1.46,2.66,0.7246594124944645,0.07902834453329943,-0.07902834453329932
2025-01-17,Ligue 1,Lille OSC,Nice,2,1,2.1,3.48,3.79,pinnacle,0.37277190928219095,0.35013230257996786,0.27709578813784136,0.4634912602525987,0.2796930018765682,0.25681573787083306,-0.09071935097040773,0.07043930070339965,0.0202800502670083,HOME,True,True,1.93,1.88,0.29190778859899624,-0.20153053161097756,0.20153053161097778
2025-01-18,Ligue 1,Lens,Paris Saint-Germain,1,2,4.59,4.28,1.71,pinnacle,0.3486199070925083,0.29194665842712697,0.35943343448036474,0.2102324138465914,0.22545952793361082,0.5643080582197978,0.1383874932459169,0.06648713049351615,-0.20487462373943305,AWAY,True,True,1.52,2.49,0.48939979606277884,-0.1315478348599145,0.13154783485991445
2025-01-18,Ligue 1,Stade Rennais,Brest,1,2,2.06,3.38,3.97,pinnacle,0.5263051646960252,0.2723791249796409,0.201315710324334,0.46984551604364216,0.2863555511981961,0.24379893275816192,0.05645964865238301,-0.013976426218555216,-0.042483222433827905,AWAY,True,True,2.14,1.7,0.4821572517207987,0.03944891838746534,-0.03944891838746534
2025-01-18,Ligue 1,Olympique Lyonnais,Toulouse,0,0,1.88,3.93,4.02,pinnacle,0.5008738215771595,0.267518481698832,0.23160769672400824,0.5138658496126148,0.24581877793173434,0.24031537245565077,-0.012992028035455294,0.021699703767097678,-0.008707675731642522,DRAW,False,False,1.69,2.15,0.5295984029841506,-0.030297430349182752,0.030297430349182586
2025-01-19,Ligue 1,Angers,Auxerre,2,0,2.51,3.24,3.06,pinnacle,0.3129275081111326,0.30403321728844235,0.38303927460042503,0.38536346463303717,0.2985377457496676,0.31609878961729515,-0.07243595652190454,0.005495471538774721,0.06694048498312988,HOME,False,False,2.01,1.81,0.4407455143444598,-0.03307647518433604,0.033076475184335985
2025-01-19,Ligue 1,Reims,Le Havre,1,1,1.64,4.04,5.54,pinnacle,0.38131770143611765,0.3497060530602312,0.2689762455036508,0.5875546034946236,0.23851226478494625,0.17393313172043012,-0.20623690205850598,0.11119378827528498,0.09504311378322067,DRAW,True,False,1.95,1.87,0.2908910686568797,-0.19863772715463873,0.19863772715463823
2025-01-19,Ligue 1,Olympique Marseille,Strasbourg,1,1,1.58,4.47,5.48,pinnacle,0.6067191489114537,0.23808274816656017,0.15519810292198627,0.6090917680758691,0.21529418200444594,0.1756140499196849,-0.002372619164415335,0.02278856616211422,-0.020415946997698636,DRAW,True,False,1.6,2.33,0.5423486398347489,-0.050526678231408884,0.05052667823140894
2025-01-25,Ligue 1,AS Monaco,Stade Rennais,3,2,1.75,4.02,4.66,pinnacle,0.38492291138651125,0.2517101909361894,0.3633668976772994,0.552223846806905,0.24039595321196117,0.20738019998113386,-0.1673009354203937,0.011314237724228238,0.15598669769616555,HOME,True,True,1.71,2.12,0.6510867052069762,0.09756190102943052,-0.09756190102943041
2025-01-25,Ligue 1,Strasbourg,Lille OSC,2,1,2.86,3.43,2.55,pinnacle,0.2519145994057157,0.28518706288954315,0.4628983377047412,0.33836506210999917,0.2821352996019234,0.3794996382880775,-0.08645046270428347,0.0030517632876197465,0.08339869941666372,HOME,True,True,1.88,1.93,0.4811154720253769,-0.025446207764649287,0.02544620776464923
2025-01-25,Ligue 1,Paris Saint-Germain,Reims,1,1,1.25,6.87,10.44,pinnacle,0.6944736458706666,0.1961077029995687,0.10941865112976454,0.7682366059235028,0.13978104183469847,0.09198235224179871,-0.07376296005283622,0.05632666116487023,0.01743629888796583,DRAW,True,False,1.42,2.82,0.6078105223494662,-0.05728381727317533,0.05728381727317533
2025-01-26,Ligue 1,Le Havre,Brest,0,1,3.38,3.13,2.39,pinnacle,0.35490351672772247,0.34816685331026664,0.296929629962011,0.28619688350045724,0.3090560594988963,0.4047470570006466,0.06870663322726522,0.03911079381137034,-0.10781742703863562,AWAY,False,False,2.33,1.6,0.3008651068721099,-0.10625957506173239,0.10625957506173234
2025-01-26,Ligue 1,Lens,Angers,1,0,1.44,4.77,7.34,pinnacle,0.8325350152987963,0.12878970066245485,0.038675284038748974,0.667524623357013,0.20151686742853225,0.13095850921445487,0.16501039194178324,-0.0727271667660774,-0.09228322517570589,HOME,False,False,1.79,2.03,0.6195317086550678,0.08811809608962273,-0.08811809608962279
2025-01-26,Ligue 1,Nantes,Olympique Lyonnais,1,1,3.41,3.55,2.18,pinnacle,0.27088300573531976,0.28972425820665376,0.4393927360580266,0.28370536287085335,0.2725169823632705,0.44377765476587616,-0.01282235713553359,0.017207275843383274,-0.004384918707849572,DRAW,True,False,1.81,2.01,0.4762103926867628,-0.049967617784441365,0.049967617784441476
2025-01-26,Ligue 1,Toulouse,Montpellier,1,2,1.64,4.08,5.47,pinnacle,0.3582812525788712,0.2718297345764682,0.36988901284466075,0.5876207227037673,0.2362004865770045,0.1761787907192282,-0.22933947012489608,0.03562924799946371,0.19371022212543254,AWAY,True,True,1.72,2.13,0.5687746876633583,0.01552793441660505,-0.015527934416604883
2025-01-26,Ligue 1,Nice,Olympique Marseille,2,0,2.92,3.6,2.42,pinnacle,0.35130086077708306,0.3456905949623679,0.30300854426054885,0.331375711286249,0.26878252137662423,0.3998417673371269,0.01992514949083407,0.0769080735857437,-0.09683322307657805,HOME,False,False,1.71,2.14,0.3083750742078269,-0.2474690816363289,0.24746908163632902
2025-01-31,Ligue 1,Montpellier,Lens,0,2,4.55,3.77,1.83,pinnacle,0.228466003487529,0.2755908597177659,0.49594313679470503,0.21307263018428554,0.2571566226362067,0.5297707471795078,0.015393373303243446,0.018434237081559224,-0.03382761038480275,AWAY,False,False,1.79,2.05,0.4974149499520506,-0.03643921671461603,0.03643921671461603
2025-02-01,Ligue 1,Brest,Paris Saint-Germain,2,5,6.88,4.94,1.45,pinnacle,0.1798500603045985,0.23946288612132927,0.5806870535740721,0.14010429095062807,0.19512500440087469,0.6647707046484973,0.03974576935397042,0.04433788172045458,-0.08408365107442517,AWAY,True,True,1.54,2.42,0.5757508195184621,-0.035360291592649085,0.035360291592648974
2025-02-01,Ligue 1,AS Monaco,Auxerre,4,2,1.35,5.69,8.08,pinnacle,0.7136543272566263,0.18054702916219562,0.10579864358117821,0.7120795109401887,0.1689468083952996,0.11897368066451174,0.0015748163164375217,0.011600220766896013,-0.013175037083333521,HOME,True,True,1.45,2.68,0.661912595701145,0.013002184078868995,-0.013002184078868828
2025-02-02,Ligue 1,Toulouse,Nice,1,1,2.55,3.36,2.91,pinnacle,0.23875929939317442,0.3364836313470117,0.4247570692598138,0.3794753571553321,0.28799469069824307,0.332529952146425,-0.14071605776215768,0.04848894064876863,0.09222711711338882,DRAW,True,False,1.91,1.9,0.3134871365860535,-0.1852005274559413,0.1852005274559413
2025-02-02,Ligue 1,Angers,Le Havre,1,1,2.01,3.36,4.2,pinnacle,0.17818097609681022,0.29772118622009913,0.5240978376830905,0.4815133276010319,0.28804815133276007,0.23043852106620805,-0.30333235150422166,0.00967303488733906,0.29365931661688244,DRAW,True,False,2.24,1.65,0.37468347165407423,-0.04948105276751952,0.04948105276751946
2025-02-02,Ligue 1,Reims,Nantes,1,2,2.19,3.42,3.51,pinnacle,0.4979658670244742,0.29754233732474433,0.20449179565078157,0.4416410052647263,0.28280520512565804,0.2755537896096156,0.05632486175974788,0.014737132199086289,-0.071061993958834,AWAY,True,True,2.05,1.77,0.4018016697990538,-0.06154911554126036,0.06154911554126041
2025-02-02,Ligue 1,Stade Rennais,Strasbourg,1,0,2.1,3.48,3.69,pinnacle,0.5933449807203866,0.240013066346759,0.16664195293285444,0.46028776050067743,0.27775985547454674,0.26195238402477583,0.13305722021970912,-0.03774678912778773,-0.09531043109192139,HOME,False,False,1.92,1.9,0.5538728672738797,0.05649066832100014,-0.05649066832100019
2025-02-02,Ligue 1,Olympique Marseille,Olympique Lyonnais,3,2,2.07,3.76,3.51,pinnacle,0.5353205370558859,0.2577264387037416,0.20695302424037246,0.46722956826509476,0.25722478891190054,0.2755456428230046,0.06809096879079113,0.0005016497918410856,-0.06859261858263213,HOME,True,True,1.58,2.37,0.541384776757447,-0.05861522324255297,0.05861522324255308
2025-02-07,Ligue 1,Nantes,Brest,0,2,2.49,3.18,3.15,pinnacle,0.28616181326947954,0.31460415413674353,0.39923403259377704,0.3885766155779772,0.30426282163181234,0.3071605627902106,-0.10241480230849764,0.010341332504931189,0.09207346980356645,AWAY,False,False,2.22,1.68,0.3977247344812937,-0.03304449628793704,0.03304449628793715
2025-02-07,Ligue 1,Paris Saint-Germain,AS Monaco,4,1,1.4,5.56,6.93,pinnacle,0.6782029063884806,0.17506008551039318,0.14673700810112608,0.6878436469059283,0.17319804058782368,0.13895831250624816,-0.009640740517447677,0.0018620449225695002,0.007778695594877927,HOME,True,True,1.32,3.34,0.7745397333668487,0.05780153594195603,-0.05780153594195603
2025-02-08,Ligue 1,Nice,Lens,2,0,2.4,3.42,3.09,pinnacle,0.2903888018494211,0.3722119062939712,0.3373992918566077,0.4034774242320116,0.2831420520926397,0.31338052367534885,-0.11308862238259049,0.08906985420133151,0.024018768181258865,HOME,False,False,1.87,1.95,0.24149805147741338,-0.2689731527110683,0.26897315271106814
2025-02-08,Ligue 1,Lille OSC,Le Havre,1,2,1.36,5.18,9.26,pinnacle,0.4978120037123123,0.31418857870192846,0.18799941758575917,0.7095134693780952,0.1862815286398088,0.10420500198209606,-0.2117014656657829,0.12790705006211966,0.0837944156036631,AWAY,True,True,1.83,2.01,0.3379978995948101,-0.1854396004051898,0.18543960040518992
2025-02-09,Ligue 1,Olympique Lyonnais,Reims,4,0,1.53,4.75,5.74,pinnacle,0.43406814531343635,0.2923233181936441,0.2736085364929196,0.6294629767723198,0.20275333778139984,0.16778368544628033,-0.19539483145888342,0.08956998041224426,0.10582485104663927,HOME,False,True,1.54,2.47,0.4683454804960001,-0.14761461925462327,0.14761461925462338
2025-02-09,Ligue 1,Auxerre,Toulouse,2,2,3.09,3.42,2.4,pinnacle,0.27613201541375315,0.30436413197722706,0.4195038526090196,0.3133805236753488,0.28314205209263965,0.40347742423201155,-0.03724850826159565,0.021222079884587408,0.016026428377008073,DRAW,True,True,1.97,1.85,0.4278143098619282,-0.05647888385534927,0.05647888385534927
2025-02-09,Ligue 1,Strasbourg,Montpellier,2,0,1.82,3.99,4.24,pinnacle,0.36946600834077054,0.2669127557339023,0.36362123592532714,0.5303954703068077,0.2419347759294211,0.22766975376377124,-0.16092946196603714,0.024977979804481187,0.1359514821615559,HOME,False,False,1.72,2.15,0.5888478771270435,0.03329232157148787,-0.03329232157148787
2025-02-09,Ligue 1,Angers,Olympique Marseille,0,2,5.55,4.13,1.63,pinnacle,0.0886639798579433,0.1834425798829437,0.7278934402591132,0.1739513538794674,0.23376029395424794,0.5922883521662846,-0.08528737402152409,-0.050317714071304226,0.13560508809282856,AWAY,False,False,1.83,2.01,0.5996133123032693,0.07617581230326942,-0.07617581230326936
2025-02-14,Ligue 1,Brest,Auxerre,2,2,2.29,3.32,3.45,pinnacle,0.5758835454415495,0.2685931246811003,0.1555233298773501,0.4248941845066086,0.293074603168715,0.28203121232467643,0.15098936093494092,-0.024481478487614672,-0.12650788244732633,DRAW,True,True,2.04,1.81,0.43577071632537717,-0.03435915380449295,0.03435915380449284
2025-02-15,Ligue 1,AS Monaco,Nantes,7,1,1.56,4.44,5.78,pinnacle,0.6408700765776177,0.21083113870233763,0.14829878472004449,0.616808952468851,0.21671665897554224,0.16647438855560684,0.024061124108766707,-0.005885520273204603,-0.018175603835562354,HOME,True,True,1.65,2.27,0.6350967081088097,0.056015075455748464,-0.05601507545574852
2025-02-15,Ligue 1,Toulouse,Paris Saint-Germain,0,1,6.28,4.79,1.49,pinnacle,0.13994958880995936,0.20710457410740846,0.6529458370826323,0.15323721699176604,0.2009039087073676,0.6458588743008664,-0.013287628181806677,0.006200665400040856,0.007086962781765904,AWAY,False,False,1.52,2.51,0.633689315467873,0.0108605313487663,-0.010860531348766134
2025-02-16,Ligue 1,Montpellier,Olympique Lyonnais,1,4,5.01,4.43,1.63,pinnacle,0.4064407315516393,0.2598926871991251,0.3336665812492355,0.19213974961084573,0.21729574391655468,0.5905645064725995,0.21430098194079356,0.04259694328257044,-0.256897925223364,AWAY,True,True,1.49,2.59,0.613750576936568,-0.021053344632059434,0.021053344632059323
2025-02-16,Ligue 1,Le Havre,Nice,1,3,5.37,4.01,1.66,pinnacle,0.2508536815175952,0.3894665473858792,0.35967977109652566,0.17940142031290005,0.24024579228934498,0.5803527873977551,0.07145226120469514,0.14922075509653424,-0.22067301630122943,AWAY,True,True,1.84,1.99,0.20065894062090428,-0.31892330480990516,0.318923304809905
2025-02-16,Ligue 1,Lens,Strasbourg,0,2,1.78,4.04,4.43,pinnacle,0.6374025354770992,0.23929503147819944,0.1233024330447013,0.542770320678842,0.23914137891295512,0.2180883004082029,0.09463221479825723,0.0001536525652443277,-0.0947858673635016,AWAY,False,False,1.74,2.13,0.4774708099853341,-0.0729167869138907,0.07291678691389064
2025-02-16,Ligue 1,Reims,Angers,0,1,2.03,3.44,3.99,pinnacle,0.6782976942057343,0.21522849411089356,0.10647381168337244,0.47644271655934883,0.2811566030858948,0.24240068035475637,0.20185497764638544,-0.06592810897500123,-0.13592686867138393,AWAY,False,False,2.01,1.83,0.5256512584323275,0.04908875843232752,-0.04908875843232735
2025-02-16,Ligue 1,Stade Rennais,Lille OSC,0,2,2.71,3.37,2.72,pinnacle,0.4094045694891877,0.29299161156655035,0.29760381894426186,0.3570819195724242,0.2871489620300503,0.35576911839752556,0.0523226499167635,0.005842649536500044,-0.05816529945326371,AWAY,False,False,2.0,1.84,0.4759907279971948,-0.0031759386694719116,0.003175938669471745
2025-02-21,Ligue 1,Stade Rennais,Reims,1,0,2.19,3.48,3.52,pinnacle,0.5264180676461361,0.2755065674273629,0.19807536492650107,0.444154374972806,0.2795109428708175,0.27633468215637647,0.08226369267333006,-0.004004375443454611,-0.07825931722987539,HOME,False,False,1.99,1.87,0.467726261123839,-0.01672969742538377,0.016729697425383883
2025-02-22,Ligue 1,Lille OSC,AS Monaco,2,1,2.19,3.8,3.19,pinnacle,0.47817755998236694,0.2521286922681606,0.2696937477494726,0.44192328865005964,0.2546873689851659,0.3033893423647745,0.0362542713323073,-0.002558676717005326,-0.033695594615301916,HOME,True,True,1.63,2.32,0.6173515141097277,0.030009741957829017,-0.03000974195782874
2025-02-22,Ligue 1,Auxerre,Olympique Marseille,3,0,5.89,4.5,1.55,pinnacle,0.13837618949524383,0.24543155208873943,0.6161922584160169,0.1636958894143325,0.21425973081120406,0.6220443797744634,-0.025319699919088667,0.031171821277535372,-0.005852121358446483,HOME,False,True,1.62,2.33,0.485640655840846,-0.10423276188067304,0.10423276188067288
2025-02-23,Ligue 1,Nantes,Lens,3,1,3.69,3.47,2.11,pinnacle,0.14676650413671216,0.27602713869716794,0.57720635716612,0.26231463999226134,0.27894553935776495,0.45873982064997365,-0.11554813585554918,-0.002918400660597009,0.11846653651614636,HOME,True,True,2.02,1.81,0.3991055332368404,-0.07347932316002648,0.07347932316002648
2025-02-23,Ligue 1,Le Havre,Toulouse,1,4,4.02,3.49,2.0,pinnacle,0.4116481899406711,0.3316573089386806,0.2566945011206481,0.2402770414942616,0.2767661051022726,0.4829568534034657,0.1713711484464095,0.054891203836408,-0.2262623522828176,AWAY,True,True,2.08,1.77,0.33486915133450407,-0.12487110840575566,0.12487110840575555
2025-02-23,Ligue 1,Nice,Montpellier,2,0,1.38,5.37,7.79,pinnacle,0.4953091776810996,0.2965674354966603,0.20812338682224008,0.6972851877965967,0.17919060691979577,0.1235242052836076,-0.20197601011549704,0.11737682857686454,0.08459918153863248,HOME,False,False,1.48,2.63,0.40818968900533725,-0.2317129873936895,0.23171298739368923
2025-02-23,Ligue 1,Strasbourg,Brest,0,0,2.0,3.68,3.8,pinnacle,0.3554857083982244,0.3010858018408161,0.3434284897609594,0.4831398562741846,0.26257600884466553,0.25428413488114976,-0.1276541478759602,0.038509792996150594,0.08914435487980965,DRAW,False,False,1.81,2.03,0.45508156389057663,-0.07356426944275662,0.07356426944275674
2025-02-23,Ligue 1,Olympique Lyonnais,Paris Saint-Germain,2,3,4.48,4.29,1.72,pinnacle,0.1978150810060153,0.2270622005907101,0.5751227184032746,0.2151027880455695,0.22462948495201665,0.5602677270024137,-0.017287707039554207,0.002432715638693461,0.014854991400860884,AWAY,True,True,1.4,2.91,0.6479165296760112,-0.027257484245102437,0.027257484245102437
2025-02-28,Ligue 1,AS Monaco,Reims,3,0,1.38,5.37,8.33,pinnacle,0.5124443737081823,0.2520029186221492,0.23555270766966846,0.7029138204943265,0.1806370711884861,0.11644910831718731,-0.1904694467861442,0.07136584743366309,0.11910359935248115,HOME,False,True,1.46,2.71,0.5917244932152861,-0.05815560270797526,0.05815560270797515
2025-03-01,Ligue 1,Lens,Le Havre,3,4,1.38,5.03,8.59,pinnacle,0.5511292885233137,0.3069244289425638,0.14194628253412245,0.6968612960923047,0.19118659813268,0.11195210577501519,-0.14573200756899107,0.11573783080988378,0.02999417675910726,AWAY,True,True,1.69,2.19,0.307665353254279,-0.2567676364364426,0.2567676364364426
2025-03-01,Ligue 1,Paris Saint-Germain,Lille OSC,4,1,1.39,5.36,7.62,pinnacle,0.5778700567049635,0.2374738761501032,0.18465606714493343,0.6936048664015189,0.1798714112496476,0.1265237223488335,-0.11573480969655536,0.05760246490045562,0.05813234479609994,HOME,True,True,1.47,2.66,0.5901128970382449,-0.053954899571924675,0.053954899571924786
2025-03-02,Ligue 1,Olympique Lyonnais,Brest,2,1,1.68,4.19,4.96,pinnacle,0.43281919353442266,0.2887640524460487,0.2784167540195287,0.5748235346181931,0.23047817139822538,0.19469829398358154,-0.14200434108377047,0.05828588104782331,0.08371846003594716,HOME,True,True,1.68,2.22,0.48343530114369787,-0.08579546808707134,0.08579546808707145
2025-03-02,Ligue 1,Angers,Toulouse,0,4,3.3,3.28,2.35,pinnacle,0.2049190286509412,0.26508348020553585,0.529997491143523,0.2932247879179823,0.29501274394187244,0.41176246814014533,-0.0883057592670411,-0.029929263736336587,0.11823502300337768,AWAY,False,True,2.3,1.63,0.5121290611125731,0.09737079139247129,-0.09737079139247129
2025-03-02,Ligue 1,Auxerre,Strasbourg,0,1,2.86,3.35,2.59,pinnacle,0.2705507611392504,0.2977629787167875,0.43168626014396216,0.3380687242108873,0.2886198660427276,0.37331140974638516,-0.06751796307163688,0.009143112674059872,0.058374850397577005,AWAY,False,False,1.83,2.01,0.44778137460842526,-0.07565612539157462,0.07565612539157485
2025-03-02,Ligue 1,Montpellier,Stade Rennais,0,4,3.62,3.53,2.11,pinnacle,0.3036156138328715,0.26247583905814365,0.4339085471089848,0.2672985203713606,0.2741134968114236,0.45858798281721574,0.03631709346151091,-0.011637657753279962,-0.024679435708230946,AWAY,False,True,1.82,2.01,0.5943136441893587,0.06950946664366686,-0.06950946664366692
2025-03-02,Ligue 1,Olympique Marseille,Nantes,2,0,1.41,5.27,7.16,pinnacle,0.6551580201889586,0.22718706814884054,0.11765491166220085,0.682836435364055,0.18269437834218552,0.13446918629375942,-0.027678415175096394,0.04449268980665502,-0.016814274631558573,HOME,False,False,1.6,2.36,0.5083730065935174,-0.08758658936607866,0.08758658936607855
2025-03-07,Ligue 1,Toulouse,AS Monaco,1,1,3.4,3.63,2.16,pinnacle,0.29091039340173014,0.25098913368674863,0.4581004729115213,0.28484240812589917,0.26679454204629677,0.4483630498278042,0.006067985275830967,-0.015805408359548134,0.009737423083717056,DRAW,True,False,1.72,2.14,0.6339244874229563,0.07952034234523597,-0.07952034234523603
2025-03-08,Ligue 1,Stade Rennais,Paris Saint-Germain,1,4,4.61,4.04,1.75,pinnacle,0.28197940465076354,0.2570242277975166,0.46099636755172013,0.20940764589670605,0.23895278405539974,0.5516395700478942,0.0725717587540575,0.01807144374211686,-0.09064320249617408,AWAY,True,True,1.67,2.22,0.6055101751352419,0.03481608773164291,-0.034816087731642575
2025-03-08,Ligue 1,Lille OSC,Montpellier,1,0,1.41,5.13,7.44,pinnacle,0.5439372458336104,0.2492758417968968,0.20678691236949273,0.6828875541456659,0.18769424002834095,0.12941820582599314,-0.13895030831205557,0.061581601768555844,0.07736870654349959,HOME,False,False,1.62,2.31,0.5729537960591181,-0.014832463482866598,0.014832463482866542
2025-03-08,Ligue 1,Olympique Marseille,Lens,0,1,1.53,4.6,5.91,pinnacle,0.3356028664453096,0.3190383828104176,0.3453587507442729,0.6283412263123956,0.20899175570825335,0.16266701797935115,-0.292738359867086,0.11004662710216423,0.18269173276492176,AWAY,False,False,1.61,2.34,0.3919149786058726,-0.20049008468526658,0.2004900846852667
2025-03-09,Ligue 1,Brest,Angers,2,0,1.75,3.81,4.97,pinnacle,0.6879266907602978,0.20843499383158826,0.10363831540811402,0.5520499581641191,0.2535662537499235,0.19438378808595744,0.13587673259617872,-0.04513125991833522,-0.09074547267784341,HOME,False,False,1.95,1.85,0.544010488616635,0.05716838335347707,-0.057168383353477126
2025-03-09,Ligue 1,Nantes,Strasbourg,0,1,2.65,3.32,2.82,pinnacle,0.33485273181674247,0.3031590843365927,0.36198818384666476,0.3652422230371312,0.2915337021230114,0.34322407483985734,-0.030389491220388754,0.011625382213581337,0.018764109006807417,AWAY,False,False,2.02,1.8,0.44704618846362243,-0.02415800001805296,0.024158000018052794
2025-03-09,Ligue 1,Reims,Auxerre,0,2,2.54,3.26,3.01,pinnacle,0.5666851236358316,0.27502168300337154,0.15829319336079675,0.38124358934510305,0.2970425512075343,0.32171385944736275,0.18544153429072852,-0.02202086820416277,-0.163420666086566,AWAY,False,False,2.01,1.82,0.4191088541748339,-0.056086968279474236,0.056086968279474236
2025-03-09,Ligue 1,Nice,Olympique Lyonnais,0,2,2.07,3.64,3.63,pinnacle,0.46082247383581987,0.31780472677079,0.2213727993933901,0.46752364473977526,0.26587196280531167,0.26660439245491313,-0.006701170903955389,0.05193276396547836,-0.04523159306152302,AWAY,False,False,1.62,2.32,0.354647959627538,-0.23418452768210668,0.23418452768210657
2025-03-14,Ligue 1,Nice,Auxerre,1,1,1.61,4.17,5.7,pinnacle,0.628324738472065,0.26815579571645115,0.10351946581148375,0.5993237467756943,0.23139358088941678,0.16928267233488908,0.029000991696370715,0.03676221482703437,-0.06576320652340534,DRAW,True,False,1.73,2.13,0.34805970749328746,-0.20375376400930317,0.20375376400930317
2025-03-15,Ligue 1,Nantes,Lille OSC,1,0,3.64,3.38,2.16,pinnacle,0.19725826615251463,0.2849327878900757,0.5178089459574098,0.26580840590685345,0.28625520636122687,0.4479363877319197,-0.06855013975433882,-0.0013224184711511655,0.0698725582254901,HOME,False,False,2.08,1.76,0.43509864565407025,-0.023234687679263066,0.023234687679263066
2025-03-15,Ligue 1,Angers,AS Monaco,0,2,7.07,4.98,1.44,pinnacle,0.11140788320219794,0.17040921736314846,0.7181828994346536,0.13643679866668187,0.19369641899065076,0.6698667823426673,-0.025028915464483936,-0.023287201627502307,0.048316117091986355,AWAY,False,False,1.52,2.5,0.7187200713366496,0.09682952407296797,-0.09682952407296791
2025-03-15,Ligue 1,Lens,Stade Rennais,1,0,2.09,3.5,3.69,pinnacle,0.4710725982369791,0.29798310209669315,0.23094429966632782,0.46220577551436726,0.27600287737857926,0.26179134710705354,0.008866822722611856,0.021980224718113894,-0.030847047440725722,HOME,False,False,1.92,1.9,0.4224925075693702,-0.07488969138350943,0.07488969138350943
2025-03-16,Ligue 1,Olympique Lyonnais,Le Havre,4,2,1.37,5.52,7.95,pinnacle,0.4272770366338477,0.3182162449239703,0.254506718442182,0.703969816115076,0.1747171463908794,0.12131303749404454,-0.27669277948122833,0.14349909853309092,0.13319368094813744,HOME,True,True,1.53,2.48,0.3732134577643631,-0.24524040757229526,0.24524040757229532
2025-03-16,Ligue 1,Brest,Reims,0,0,1.69,3.96,5.17,pinnacle,0.3943393520471614,0.31706386793501856,0.28859678001782013,0.5702380587640552,0.2433591715432458,0.18640276969269892,-0.17589870671689378,0.07370469639177277,0.10219401032512121,DRAW,False,False,1.87,1.97,0.39055822005016055,-0.1224626132831727,0.12246261328317293
2025-03-16,Ligue 1,Strasbourg,Toulouse,2,1,2.34,3.43,3.17,pinnacle,0.41789468593179924,0.28784724985338134,0.2942580642148195,0.4131572247702065,0.2818623632543099,0.30498041197548365,0.0047374611615927376,0.005984886599071426,-0.010722347760664164,HOME,True,True,2.08,1.76,0.4935833935487948,0.03525006021546151,-0.03525006021546151
2025-03-16,Ligue 1,Paris Saint-Germain,Olympique Marseille,3,1,1.43,5.41,6.53,pinnacle,0.5609478879,0.2384272106055524,0.2006249014944476,0.6741658158640497,0.17819909735408337,0.1476350867818669,-0.11321792796404961,0.06022811325146901,0.052989814712580685,HOME,True,True,1.39,2.95,0.6072280156868628,-0.07249548661728478,0.07249548661728455
2025-03-28,Ligue 1,Strasbourg,Olympique Lyonnais,4,2,2.8,3.71,2.46,pinnacle,0.3408823459788275,0.280249003170757,0.37886865085041554,0.34567050214751577,0.2608833978471817,0.39344610000530245,-0.004788156168688273,0.01936560532357534,-0.014577449154886901,HOME,True,True,1.66,2.23,0.5340055810528361,-0.03925920043816644,0.0392592004381665
2025-03-29,Ligue 1,Reims,Olympique Marseille,3,1,5.75,4.24,1.59,pinnacle,0.26846583116056244,0.30248420018747846,0.429049968651959,0.1674345136237989,0.2270633144662367,0.6055021719099646,0.10103131753676353,0.07542088572124175,-0.1764522032580056,HOME,True,True,1.74,2.09,0.430636314591131,-0.11505559141409089,0.11505559141409083
2025-03-29,Ligue 1,AS Monaco,Nice,2,1,1.93,3.88,3.89,pinnacle,0.36410932055185763,0.3041059496880543,0.33178472976008794,0.5016135303912023,0.24951394681830422,0.24887252279049363,-0.13750420983934464,0.054592002869750106,0.08291220696959431,HOME,True,True,1.61,2.31,0.44337297307338075,-0.14591274121233355,0.14591274121233339
2025-03-30,Ligue 1,Toulouse,Brest,2,4,2.02,3.39,4.11,pinnacle,0.3450039606021402,0.30634897008376744,0.3486470693140923,0.4790753329275967,0.2854667175556771,0.23545794951672633,-0.13407137232545646,0.02088225252809034,0.11318911979736596,AWAY,True,True,2.11,1.73,0.4360459324444153,-0.014474900888918063,0.014474900888917785
2025-03-30,Ligue 1,Angers,Stade Rennais,0,3,4.27,3.55,1.93,pinnacle,0.09585028615752716,0.18675993775096142,0.7173897760915116,0.22648763185470944,0.2724231515548195,0.5010892165904712,-0.13063734569718227,-0.08566321380385808,0.21630055950104032,AWAY,False,True,1.95,1.86,0.6080586213080125,0.11986964493005964,-0.11986964493005953
2025-03-30,Ligue 1,Auxerre,Montpellier,1,0,1.77,3.9,4.65,pinnacle,0.23044681601832737,0.2658668074834444,0.5036863764982282,0.5451102394156634,0.24739618558095497,0.20749357500338153,-0.314663423397336,0.01847062190248941,0.2961928014948467,HOME,False,False,1.77,2.05,0.5346884557154601,-0.00196075894422576,0.0019607589442258155
2025-03-30,Ligue 1,Le Havre,Nantes,3,2,3.13,3.4,2.38,pinnacle,0.45659723865325497,0.3321331006696875,0.21126966067705774,0.30905077262693154,0.28450850538891054,0.40644072198415787,0.14754646602632343,0.04762459528077695,-0.19517106130710013,HOME,True,True,2.1,1.73,0.3089064436925828,-0.142790684244754,0.14279068424475394
2025-03-30,Ligue 1,Lille OSC,Lens,1,0,2.03,3.53,3.85,pinnacle,0.3142909989200411,0.32478883408290793,0.3609201669970509,0.47565965161574836,0.2735379866232207,0.25080236176103093,-0.16136865269570727,0.05125084745968722,0.11011780523601994,HOME,False,False,2.01,1.81,0.37150571735582816,-0.10231627217296768,0.10231627217296757
2025-04-04,Ligue 1,Nice,Nantes,1,2,1.52,4.46,6.6,pinnacle,0.5666662195744643,0.2976978722595924,0.1356359081659433,0.636492587659361,0.216921240637271,0.14658617170336796,-0.06982636808489673,0.08077663162232138,-0.010950263537424676,AWAY,True,True,1.76,2.08,0.32253774910196004,-0.2191289175647067,0.2191289175647067
2025-04-05,Ligue 1,Paris Saint-Germain,Angers,1,0,1.14,9.54,16.09,pinnacle,0.922951874409802,0.05881894170839323,0.01822918388180496,0.8400902380076708,0.10038814164871537,0.05952162034361371,0.08286163640213118,-0.04156919994032214,-0.04129243646180875,HOME,False,False,1.23,3.89,0.8361858662169128,0.07642024121691271,-0.07642024121691282
2025-04-05,Ligue 1,Brest,AS Monaco,2,1,3.97,3.78,1.93,pinnacle,0.3463250906360498,0.26558427665969814,0.38809063270425204,0.24347135405368422,0.2557093321674938,0.500819313778822,0.1028537365823656,0.00987494449220433,-0.11272868107457001,HOME,True,True,1.64,2.26,0.5930001451452401,0.013512965658060594,-0.013512965658060483
2025-04-05,Ligue 1,Olympique Lyonnais,Lille OSC,2,1,2.31,3.6,3.1,pinnacle,0.31909717769878865,0.2893452004651777,0.3915576218360337,0.4189660997860119,0.26883658069602434,0.3121973195179637,-0.09986892208722326,0.020508619769153358,0.07936030231807001,HOME,True,True,1.72,2.12,0.4954839095611855,-0.05659942377214788,0.05659942377214788
2025-04-06,Ligue 1,Montpellier,Le Havre,0,2,2.45,3.53,2.93,pinnacle,0.4178864917603904,0.3066278326116343,0.27548567562797527,0.39522122744068566,0.27430368476761474,0.33047508779169965,0.022665264319704725,0.032324147844019546,-0.05498941216372438,AWAY,False,False,1.87,1.93,0.41994068566323867,-0.08795405117886651,0.08795405117886657
2025-04-06,Ligue 1,Reims,Strasbourg,0,1,3.48,3.48,2.18,pinnacle,0.44438256348489213,0.29609488414137647,0.2595225523737314,0.2780612244897959,0.2780612244897959,0.4438775510204082,0.1663213389950962,0.018033659651580547,-0.18435499864667682,AWAY,False,False,1.95,1.86,0.4476598119396348,-0.040529164438318055,0.040529164438318
2025-04-06,Ligue 1,Stade Rennais,Auxerre,0,1,1.87,3.76,4.28,pinnacle,0.710225753078317,0.19819531471902718,0.09157893220265573,0.5169945643094874,0.25712229661136743,0.22588313907914523,0.1932311887688296,-0.05892698189234025,-0.1343042068764895,AWAY,False,False,1.87,1.94,0.5495499888729742,0.04036363716693747,-0.04036363716693753
2025-04-06,Ligue 1,Olympique Marseille,Toulouse,3,2,1.77,3.91,4.65,pinnacle,0.60906790706359,0.24040273927006447,0.15052935366634557,0.5454553636519094,0.246919691474138,0.20762494487395255,0.06361254341168066,-0.006516952204073528,-0.05709559120760699,HOME,True,True,1.82,2.01,0.5256794016160632,0.0008752240703713277,-0.0008752240703712166
2025-04-11,Ligue 1,Lens,Reims,0,2,1.55,4.23,6.71,pinnacle,0.5712615961336087,0.27980186568476534,0.14893653818162622,0.6260060034891697,0.2293875426496957,0.14460645386113458,-0.054744407355560964,0.050414323035069625,0.004330084320491645,AWAY,False,False,1.8,2.02,0.3908731048850399,-0.13792270663328476,0.13792270663328493
2025-04-12,Ligue 1,AS Monaco,Olympique Marseille,3,0,2.03,3.93,3.47,pinnacle,0.3626261056137238,0.2561364221742156,0.38123747221206045,0.4758383899005901,0.2457892955466152,0.2783723145527947,-0.11321228428686625,0.010347126627600428,0.10286515765926574,HOME,False,True,1.51,2.5,0.6328954278822602,0.009454031373532068,-0.009454031373532068
2025-04-12,Ligue 1,Toulouse,Lille OSC,1,2,2.93,3.23,2.62,pinnacle,0.24424575760158726,0.28876289106889014,0.4669913513295224,0.3305302873480164,0.29983087985439266,0.3696388327975909,-0.08628452974642917,-0.011067988785502525,0.0973525185319315,AWAY,True,True,2.14,1.71,0.4632758106972753,0.019119966541431166,-0.01911996654143111
2025-04-12,Ligue 1,Strasbourg,Nice,2,2,2.52,3.5,2.85,pinnacle,0.24600674886314186,0.33226886176959236,0.42172438936726564,0.3839935327405012,0.27647534357316084,0.3395311236863379,-0.13798678387735933,0.055793518196431524,0.08219326568092772,DRAW,True,True,1.81,2.02,0.32835529329331975,-0.1990598503098135,0.19905985030981332
2025-04-13,Ligue 1,Angers,Montpellier,2,0,1.94,3.73,3.95,pinnacle,0.15951538503349014,0.21693575190816483,0.6235488630583448,0.4972041022249069,0.258599452631721,0.24419644514337194,-0.3376887171914168,-0.041663700723556185,0.3793524179149729,HOME,False,False,1.88,1.94,0.6311019676789307,0.12324856453756938,-0.12324856453756972
2025-04-13,Ligue 1,Le Havre,Stade Rennais,1,5,3.6,3.49,2.13,pinnacle,0.26460298570004076,0.32666475278802226,0.408732261511937,0.2686973400275432,0.2771663106301305,0.4541363493423265,-0.004094354327502436,0.04949844215789179,-0.04540408783038952,AWAY,True,True,1.96,1.86,0.3524905704722214,-0.1344204242921766,0.13442042429217638
2025-04-13,Ligue 1,Auxerre,Olympique Lyonnais,1,3,3.61,3.76,2.03,pinnacle,0.21252532039759853,0.2747316561781089,0.5127430234242926,0.26749186078704174,0.2568206429364948,0.4756874962764634,-0.05496654038944321,0.017911013241614093,0.03705552714782917,AWAY,True,True,1.6,2.33,0.4855933905971194,-0.10728192746903836,0.10728192746903836
2025-04-18,Ligue 1,Stade Rennais,Nantes,2,1,1.83,3.71,4.52,pinnacle,0.6437346154322412,0.22982771626092752,0.12643766830683117,0.5268346627877385,0.25986723258802197,0.21329810462423932,0.1168999526445027,-0.03003951632709445,-0.08686043631740814,HOME,True,True,1.96,1.86,0.5180024608166436,0.03109146605224561,-0.03109146605224561
2025-04-19,Ligue 1,Paris Saint-Germain,Le Havre,2,1,1.13,11.31,14.99,pinnacle,0.6732180351045306,0.2197487857270732,0.10703317916839628,0.8508500877514794,0.0850097788823317,0.0641401333661889,-0.1776320526469488,0.1347390068447415,0.042893045802207375,HOME,True,True,1.23,3.98,0.5102917975353111,-0.25362374948964095,0.25362374948964106
2025-04-19,Ligue 1,AS Monaco,Strasbourg,0,0,1.57,4.79,5.19,pinnacle,0.5818414215922113,0.22019325424204486,0.19796532416574386,0.6133949522190448,0.20105012003839257,0.18555492774256266,-0.031553530626833526,0.019143134203652296,0.012410396423181203,DRAW,False,False,1.42,2.77,0.674984613891313,0.013886761862673458,-0.013886761862673569
2025-04-19,Ligue 1,Olympique Marseille,Montpellier,5,1,1.22,7.31,11.96,pinnacle,0.5736826240847598,0.2361019648818882,0.19021541103335202,0.7880833265727396,0.1315269026564627,0.08038977077079784,-0.21440070248797982,0.10457506222542551,0.10982564026255417,HOME,True,True,1.39,2.87,0.6029319736950481,-0.07077694649274535,0.07077694649274524
2025-04-20,Ligue 1,Lille OSC,Auxerre,3,1,1.51,4.44,6.69,pinnacle,0.692710950622921,0.21227925904018152,0.09500979033689763,0.6386511258893268,0.2171989189398386,0.14414995517083456,0.054059824733594164,-0.004919659899657064,-0.04914016483393693,HOME,True,True,1.87,1.95,0.5060638840363972,-0.0044073201520844485,0.0044073201520844485
2025-04-20,Ligue 1,Brest,Lens,1,3,2.38,3.4,3.13,pinnacle,0.22139600771841697,0.31197910853376093,0.46662488374782196,0.40644072198415787,0.28450850538891054,0.30905077262693154,-0.1850447142657409,0.027470603144850392,0.15757411112089043,AWAY,True,True,1.88,1.93,0.3717003712908102,-0.13486130849921601,0.13486130849921585
2025-04-20,Ligue 1,Nice,Angers,2,1,1.38,5.12,8.39,pinnacle,0.732001420100054,0.20081236822350657,0.0671862116764393,0.6973438570403536,0.18795596146790777,0.1147001814917387,0.03465756305970036,0.012856406755598793,-0.0475139698152994,HOME,True,True,1.71,2.13,0.4606074944871415,-0.0940800055128585,0.09408000551285817
2025-04-20,Ligue 1,Reims,Toulouse,1,0,3.35,3.32,2.3,pinnacle,0.4483983665762013,0.2999095408292476,0.2516920925945511,0.28855382987567546,0.29116124400105814,0.42028492612326657,0.15984453670052584,0.00874829682818945,-0.16859283352871546,HOME,False,False,2.02,1.81,0.43013471715600793,-0.04245013924085894,0.04245013924085883
2025-04-22,Ligue 1,Nantes,Paris Saint-Germain,1,1,7.03,5.42,1.42,pinnacle,0.10708705470521934,0.19225369029413952,0.7006592550006412,0.13797381215311139,0.1789586530325412,0.6830675348143475,-0.030886757447892044,0.013295037261598336,0.017591720186293736,DRAW,True,False,1.46,2.65,0.6172521541660055,-0.027516702281683014,0.027516702281683014
2025-04-25,Ligue 1,Paris Saint-Germain,Nice,1,3,1.73,4.5,4.36,pinnacle,0.5349349815217824,0.2825262056143787,0.182538812863839,0.5614087295909901,0.21583046715386947,0.2227608032551405,-0.02647374806920766,0.06669573846050922,-0.040221990391301504,AWAY,True,True,1.43,2.76,0.4265272948932771,-0.23218392229049378,0.23218392229049384
2025-04-26,Ligue 1,Le Havre,AS Monaco,1,1,7.04,5.25,1.42,pinnacle,0.31490099867803467,0.2950647859020677,0.39003421541989763,0.13701072193899116,0.1837248538000948,0.6792644242609139,0.1778902767390435,0.1113399321019729,-0.2892302088410163,DRAW,True,False,1.43,2.72,0.4733666129966577,-0.18205507375033025,0.18205507375033042
2025-04-26,Ligue 1,Olympique Lyonnais,Stade Rennais,4,1,1.79,4.12,4.29,pinnacle,0.32017960563249476,0.2784329761851139,0.4013874181823913,0.5400397815984136,0.2346289342381457,0.22533128416344061,-0.21986017596591884,0.043804041946968214,0.1760561340189507,HOME,True,True,1.55,2.39,0.5373078943571031,-0.06929109041447057,0.06929109041447051
2025-04-27,Ligue 1,Angers,Lille OSC,0,2,6.21,4.08,1.58,pinnacle,0.09953742507949362,0.20031708784525287,0.7001454870752534,0.15498016588532276,0.23588892895780744,0.6091309051568699,-0.055442740805829144,-0.03557184111255457,0.09101458191838352,AWAY,False,False,1.97,1.85,0.5643125437064729,0.08001934998919541,-0.08001934998919541
2025-04-27,Ligue 1,Lens,Auxerre,0,4,1.61,4.31,5.4,pinnacle,0.7385282020547529,0.19380888986857653,0.0676629080766705,0.5981941599348191,0.22345535904757743,0.17835048101760345,0.14033404211993383,-0.029646469179000906,-0.11068757294093295,AWAY,False,True,1.66,2.22,0.48732439498622393,-0.0848405534673844,0.08484055346738423
2025-04-27,Ligue 1,Montpellier,Reims,0,0,4.46,3.89,1.81,pinnacle,0.4222698002341021,0.2810888635324805,0.29664133623341726,0.21689066596021922,0.24867156045824618,0.5344377735815347,0.20537913427388288,0.03241730307423435,-0.2377964373481174,DRAW,False,False,1.79,2.03,0.5196856239392832,-0.011727988626161867,0.011727988626161645
2025-04-27,Ligue 1,Nantes,Toulouse,0,0,2.97,3.29,2.55,pinnacle,0.3400674071001355,0.30856858256196806,0.3513640103378962,0.3260045930917102,0.2942959396602977,0.379699467247992,0.014062814008425295,0.014272642901670352,-0.028335456910095758,DRAW,False,False,2.0,1.82,0.42803705191913405,-0.04840273865678224,0.04840273865678202
2025-04-27,Ligue 1,Olympique Marseille,Brest,4,1,1.5,4.83,6.07,pinnacle,0.5398806971871817,0.271708872303999,0.18841043050881928,0.641982039979767,0.19937330434154255,0.15864465567869035,-0.10210134279258531,0.07233556796245644,0.029765774830128933,HOME,True,True,1.53,2.45,0.4696684473346764,-0.14590944211255985,0.1459094421125598
2025-05-02,Ligue 1,Nice,Reims,1,0,1.42,5.16,7.44,pinnacle,0.4628688754263895,0.33883655086411124,0.19829457370949904,0.6821031086094409,0.18771054539252052,0.13018634599803844,-0.2192342331830514,0.15112600547159072,0.0681082277114606,HOME,False,False,1.55,2.42,0.2837201550412521,-0.32585163337184614,0.325851633371846
2025-05-03,Ligue 1,Strasbourg,Paris Saint-Germain,2,1,2.46,4.18,2.57,pinnacle,0.14444192876090473,0.20521423184434437,0.6503438393947507,0.3928169199490997,0.23117933566382426,0.376003744387076,-0.24837499118819495,-0.02596510381947989,0.2743400950076747,HOME,True,True,1.44,2.7,0.6500828489009634,-0.002091064142514809,0.0020910641425147536
2025-05-03,Ligue 1,Toulouse,Stade Rennais,2,1,2.17,3.48,3.49,pinnacle,0.2434035078015172,0.2769042687686555,0.4796922234298272,0.44536690367838777,0.27771441982244294,0.27691867649916946,-0.20196339587687057,-0.0008101510537874557,0.20277354693065774,HOME,True,True,1.95,1.87,0.5048460798415487,0.015317284030030298,-0.015317284030030576
2025-05-04,Ligue 1,Nantes,Angers,0,1,1.92,3.4,4.57,pinnacle,0.5682947231769742,0.2610379586567556,0.17066731816626998,0.50381966511459,0.2845099285352979,0.2116704063501122,0.06447505806238418,-0.023471969878542276,-0.04100308818384221,AWAY,False,False,2.11,1.73,0.48349492569346525,0.03297409236013188,-0.032974092360132046
2025-05-04,Ligue 1,Auxerre,Le Havre,1,2,2.16,3.61,3.41,pinnacle,0.2366355182359724,0.34208449134292324,0.42127999042110426,0.4480750401298715,0.26810030101953536,0.28382465885059305,-0.21143952189389909,0.07398419032338788,0.1374553315705112,AWAY,True,True,1.81,2.01,0.29801021353728285,-0.2281677969339213,0.2281677969339212
2025-05-04,Ligue 1,Brest,Montpellier,1,0,1.37,5.37,8.16,pinnacle,0.41293787046806,0.278285214460545,0.3087769150713949,0.7027341701507329,0.17928227432150914,0.11798355552775786,-0.2897962996826729,0.09900294013903585,0.19079335954363702,HOME,False,False,1.56,2.42,0.5346395652653935,-0.07340063573963163,0.07340063573963151
2025-05-04,Ligue 1,Olympique Lyonnais,Lens,1,2,1.55,4.65,5.61,pinnacle,0.24352050396002714,0.2954727471298528,0.4610067489101199,0.6212624584717609,0.20708748615725361,0.17165005537098563,-0.37774195451173376,0.08838526097259916,0.2893566935391343,AWAY,True,True,1.5,2.55,0.4397918201793528,-0.18983780945027673,0.18983780945027656
2025-05-04,Ligue 1,Lille OSC,Olympique Marseille,1,1,2.37,3.43,3.13,pinnacle,0.38225765599445843,0.29990235928468406,0.3178399847208574,0.4084716034257755,0.2822383965361772,0.30929000003804724,-0.026213947431317053,0.017663962748506845,0.008549984682810152,DRAW,True,False,1.87,1.95,0.456436678708922,-0.05403452547955967,0.05403452547955956
2025-05-10,Ligue 1,Angers,Strasbourg,2,1,4.22,3.71,1.83,pinnacle,0.19876163913997033,0.25706158538543,0.5441767754745996,0.2250489755735363,0.25598562720224344,0.5189653972242202,-0.026287336433565955,0.001075958183186565,0.025211378250379446,HOME,True,True,1.8,2.01,0.5344317078870354,0.006872652768925236,-0.0068726527689254024
2025-05-10,Ligue 1,Auxerre,Nantes,1,1,2.83,3.57,2.4,pinnacle,0.32412953998819244,0.3217245106539421,0.3541459493578654,0.33648691636132283,0.2667389280959506,0.39677415554272655,-0.012357376373130391,0.054985582557991464,-0.04262820618486113,DRAW,True,False,1.88,1.93,0.38240942598098654,-0.12415225380903966,0.12415225380903971
2025-05-10,Ligue 1,Brest,Lille OSC,2,0,4.53,3.81,1.75,pinnacle,0.28928051473172184,0.30798231247452756,0.40273717279375043,0.2093124005236342,0.24886749983518713,0.5418200996411788,0.07996811420808764,0.05911481263934043,-0.1390829268474284,HOME,False,False,1.79,2.02,0.42066771301406497,-0.10951601402005567,0.10951601402005562
2025-05-10,Ligue 1,Le Havre,Olympique Marseille,1,3,5.86,4.54,1.5,pinnacle,0.2496118574647473,0.32890682637965707,0.4214813161555956,0.16135758356948565,0.20827212328572378,0.6303702931447906,0.08825427389526164,0.12063470309393329,-0.20888897698919506,AWAY,True,True,1.57,2.37,0.33944501777724745,-0.26207782486234643,0.26207782486234643
2025-05-10,Ligue 1,AS Monaco,Olympique Lyonnais,2,0,1.83,4.2,3.75,pinnacle,0.5000572619571664,0.23502318882368878,0.26491954921914485,0.5198277142432793,0.2264963612060003,0.25367592455072036,-0.01977045228611296,0.00852682761768847,0.01124362466842449,HOME,False,False,1.4,2.85,0.6812041630073556,0.010615927713237938,-0.010615927713237994
2025-05-10,Ligue 1,Montpellier,Paris Saint-Germain,1,4,9.33,6.94,1.23,pinnacle,0.17931438109864764,0.20546431405455176,0.6152213048468006,0.1007075079369012,0.13538920015148245,0.7639032919116164,0.07860687316174644,0.07007511390306931,-0.14868198706481583,AWAY,True,True,1.28,3.48,0.7075974617692604,-0.023494975205529567,0.023494975205529567
2025-05-10,Ligue 1,Stade Rennais,Nice,2,0,3.63,3.73,1.97,pinnacle,0.38321556982753524,0.3378981461712575,0.27888628400120735,0.26206618614720156,0.2550402830333356,0.4828935308194628,0.12114938368033368,0.08285786313792193,-0.20400724681825544,HOME,False,False,1.7,2.14,0.32512184376043984,-0.2321698229062269,0.2321698229062269
2025-05-10,Ligue 1,Toulouse,Lens,1,1,2.27,3.48,3.1,pinnacle,0.18329002718668475,0.28510677948870994,0.5316031933246055,0.41936512132355797,0.2735513866104818,0.3070834920659602,-0.23607509413687322,0.011555392878228155,0.2245197012586453,DRAW,True,False,1.8,2.01,0.41910993240349415,-0.10844912271461604,0.1084491227146161
2025-05-17,Ligue 1,Lens,AS Monaco,4,0,4.01,3.91,1.83,pinnacle,0.5533233492295262,0.24810724897674113,0.19856940179373256,0.23714483622612498,0.24320992155160132,0.5196452422222738,0.3161785130034012,0.004897327425139819,-0.32107584042854126,HOME,False,True,1.49,2.56,0.5676879899830564,-0.0644107754490425,0.06441077544904228
2025-05-17,Ligue 1,Lille OSC,Reims,2,1,1.38,4.88,7.69,pinnacle,0.5120499627167534,0.288204709012114,0.1997453282711328,0.6838819254361828,0.19339283957006806,0.12272523499374928,-0.17183196271942935,0.09481186944204592,0.07702009327738353,HOME,True,True,1.71,2.14,0.4269694793409052,-0.12887467650325063,0.12887467650325074
2025-05-17,Ligue 1,Olympique Lyonnais,Angers,2,0,1.26,6.24,8.93,pinnacle,0.7388491851683546,0.17348274187915955,0.08766807295248574,0.7445902717090653,0.15034995871048434,0.10505976958045044,-0.005741086540710705,0.023132783168675203,-0.017391696627964692,HOME,False,False,1.38,2.91,0.6378811606068173,-0.04044051771486101,0.04044051771486107
2025-05-17,Ligue 1,Olympique Marseille,Stade Rennais,4,2,1.76,4.03,4.2,pinnacle,0.4291547695700666,0.2849699049087068,0.2858753255212268,0.5388592458644798,0.23533307015421442,0.22580768398130577,-0.10970447629441316,0.04963683475449235,0.06006764153992103,HOME,True,True,1.48,2.57,0.5007327444612056,-0.13383515677336233,0.13383515677336222
2025-05-17,Ligue 1,Nantes,Montpellier,3,0,1.52,4.34,6.01,pinnacle,0.29374167651178296,0.27867918051302953,0.4275791429751874,0.6237749728568901,0.2184649674521827,0.1577600596909273,-0.33003329634510714,0.060214213060846844,0.2698190832842601,HOME,False,True,1.72,2.12,0.527624813955245,-0.024458519378088406,0.024458519378088184
2025-05-17,Ligue 1,Nice,Brest,6,0,1.46,4.84,6.0,pinnacle,0.46332685924828615,0.3350859558327523,0.20158718491896171,0.6472549613965016,0.1952463313303497,0.15749870727314874,-0.18392810214821548,0.13983962450240262,0.04408847764581297,HOME,False,True,1.48,2.56,0.2949760994976214,-0.3386872668390123,0.3386872668390125
2025-05-17,Ligue 1,Paris Saint-Germain,Auxerre,3,1,1.18,7.94,11.32,pinnacle,0.851598848908092,0.10902710850866658,0.03937404258324152,0.7981770324560686,0.11862076804762733,0.08320219949630397,0.053421816452023374,-0.009593659538960755,-0.04382815691306245,HOME,True,True,1.27,3.58,0.72060134816201,-0.0175429817348971,0.017542981734897267
2025-05-17,Ligue 1,Strasbourg,Le Havre,2,3,1.57,4.8,4.72,pinnacle,0.35556998349830804,0.3329567372009751,0.311473279300717,0.6025147331021423,0.1970725272854924,0.20041273961236516,-0.24694474960383428,0.13588420991548267,0.11106053968835183,AWAY,True,True,1.48,2.56,0.34594880312483556,-0.2877145632117981,0.2877145632117982
